# Blender v2.80 (sub 75) OBJ File: ''
# www.blender.org
mtllib Spaceship.mtl
o Ship_Type_3_Sphere.005
v 0.716268 0.269432 0.287781
v 0.720801 0.236890 0.296880
v 0.762248 0.244289 0.295044
v 0.757736 0.276831 0.285869
v 0.725123 0.237047 0.160744
v 0.719951 0.269567 0.169860
v 0.762546 0.276966 0.167389
v 0.767875 0.244446 0.158284
v 0.732121 0.171903 0.229077
v 0.732024 0.180661 0.194991
v 0.774430 0.188060 0.192738
v 0.774175 0.179302 0.226970
v 0.729522 0.204505 0.169957
v 0.772192 0.211904 0.167574
v 0.725752 0.204369 0.287841
v 0.729847 0.180580 0.263050
v 0.771591 0.187979 0.261088
v 0.767285 0.211768 0.285982
v 0.713397 0.293275 0.262930
v 0.755022 0.300674 0.260866
v 0.715488 0.293356 0.194840
v 0.757757 0.300755 0.192446
v 0.713077 0.302033 0.228925
v 0.754984 0.309432 0.226678
v 0.772192 0.211904 0.167574
v 0.767875 0.244446 0.158284
v 0.777592 0.244424 0.173326
v 0.780826 0.220310 0.180400
v 0.771591 0.187979 0.261088
v 0.774175 0.179302 0.226970
v 0.782224 0.196152 0.225269
v 0.780236 0.202582 0.250965
v 0.774430 0.188060 0.192738
v 0.782462 0.202641 0.199432
v 0.757757 0.300755 0.192446
v 0.754984 0.309432 0.226678
v 0.767762 0.292587 0.224837
v 0.769912 0.286152 0.199022
v 0.762546 0.276966 0.167389
v 0.773563 0.268527 0.180146
v 0.767285 0.211768 0.285982
v 0.776964 0.220207 0.269685
v 0.755022 0.300674 0.260866
v 0.757736 0.276831 0.285869
v 0.769761 0.268424 0.269500
v 0.767740 0.286098 0.250629
v 0.762248 0.244289 0.295044
v 0.773156 0.244310 0.276461
v 0.773563 0.268527 0.180146
v 0.799036 0.273982 0.178813
v 0.808819 0.251325 0.171766
v 0.777592 0.244424 0.173326
v 0.769912 0.286152 0.199022
v 0.790733 0.290453 0.197906
v 0.767762 0.292587 0.224837
v 0.786286 0.296335 0.223856
v 0.767740 0.286098 0.250629
v 0.786893 0.290041 0.249665
v 0.769761 0.268424 0.269500
v 0.792228 0.273261 0.268449
v 0.773156 0.244310 0.276461
v 0.800732 0.250490 0.275242
v 0.776964 0.220207 0.269685
v 0.810108 0.227833 0.268259
v 0.780236 0.202582 0.250965
v 0.817962 0.211362 0.249341
v 0.782224 0.196152 0.225269
v 0.822365 0.205480 0.223504
v 0.782462 0.202641 0.199432
v 0.822170 0.211774 0.197630
v 0.780826 0.220310 0.180400
v 0.817279 0.228554 0.178667
v 0.816667 0.283764 0.178466
v 0.833442 0.265017 0.171371
v 0.802763 0.297121 0.197652
v 0.795619 0.301508 0.223667
v 0.797059 0.295745 0.249487
v 0.806474 0.281380 0.268249
v 0.821173 0.262266 0.275020
v 0.837260 0.243514 0.268017
v 0.850645 0.230157 0.249091
v 0.857951 0.225775 0.223238
v 0.857198 0.231533 0.197326
v 0.848310 0.245897 0.178303
v 0.831990 0.300842 0.178640
v 0.853266 0.286640 0.171630
v 0.814425 0.310694 0.197721
v 0.805694 0.313549 0.223862
v 0.807833 0.308647 0.249736
v 0.819987 0.297299 0.268569
v 0.838766 0.282550 0.275437
v 0.859035 0.268343 0.268466
v 0.875956 0.258496 0.249736
v 0.885082 0.255636 0.223948
v 0.883912 0.260538 0.197965
v 0.872365 0.271885 0.178753
v 0.847752 0.326147 0.178070
v 0.870436 0.313988 0.171305
v 0.829028 0.334917 0.197136
v 0.820198 0.337950 0.223521
v 0.823005 0.334429 0.249449
v 0.836399 0.325303 0.268320
v 0.856732 0.313013 0.275079
v 0.878133 0.300853 0.268146
v 0.896089 0.292083 0.249682
v 0.905519 0.289056 0.223948
v 0.903883 0.292571 0.197916
v 0.891143 0.301698 0.178574
v 0.864890 0.355505 0.175151
v 0.887270 0.342554 0.168559
v 0.846999 0.366056 0.194065
v 0.839064 0.371375 0.219918
v 0.842785 0.370043 0.245695
v 0.856776 0.362411 0.264549
v 0.877228 0.350522 0.271547
v 0.898374 0.337571 0.265043
v 0.915452 0.327020 0.246697
v 0.923994 0.321701 0.221278
v 0.921519 0.323033 0.195409
v 0.908167 0.330670 0.176029
v 0.884996 0.384537 0.167644
v 0.905583 0.368623 0.162119
v 0.869797 0.399118 0.185187
v 0.864191 0.408461 0.209844
v 0.869445 0.410065 0.234878
v 0.883782 0.403500 0.253658
v 0.903184 0.390528 0.261310
v 0.922640 0.374614 0.255921
v 0.937346 0.360033 0.238914
v 0.943586 0.350690 0.214653
v 0.939458 0.349081 0.189472
v 0.925619 0.355646 0.170162
v 0.910848 0.409734 0.153685
v 0.927412 0.389845 0.150755
v 0.900400 0.429288 0.168078
v 0.898943 0.443268 0.189933
v 0.906662 0.447926 0.213326
v 0.921200 0.442016 0.232089
v 0.938559 0.427121 0.241324
v 0.954278 0.407232 0.238643
v 0.964455 0.387679 0.224669
v 0.966486 0.373699 0.203003
v 0.959618 0.369040 0.179366
v 0.945346 0.374950 0.160180
v 0.947209 0.428995 0.130135
v 0.958833 0.406268 0.130753
v 0.942188 0.451842 0.140556
v 0.945124 0.468687 0.159140
v 0.955052 0.475013 0.180936
v 0.969108 0.469126 0.200192
v 0.983489 0.452606 0.211831
v 0.994533 0.429878 0.212730
v 0.999499 0.407031 0.202537
v 0.997095 0.390186 0.183904
v 0.987746 0.383860 0.161832
v 0.973745 0.389748 0.142349
v 0.997761 0.441914 0.099169
v 1.005241 0.418000 0.102652
v 0.996353 0.465898 0.107034
v 1.001358 0.483523 0.124123
v 1.011264 0.490066 0.145902
v 1.023256 0.483777 0.166609
v 1.034143 0.466336 0.180719
v 1.041196 0.442423 0.184407
v 1.042685 0.418439 0.176614
v 1.038184 0.400813 0.159389
v 1.028705 0.394270 0.137403
v 1.016632 0.400564 0.116626
v 1.061973 0.449144 0.069823
v 1.066013 0.424814 0.075088
v 1.062033 0.473356 0.076831
v 1.066122 0.490965 0.094223
v 1.073012 0.497248 0.117379
v 1.080757 0.490532 0.140118
v 1.087317 0.472603 0.156345
v 1.091081 0.448272 0.161692
v 1.091146 0.424061 0.154687
v 1.087452 0.406452 0.137208
v 1.080828 0.400169 0.113973
v 1.072963 0.406885 0.091234
v 1.137787 0.452091 0.053119
v 1.138508 0.427619 0.059142
v 1.137316 0.476297 0.060139
v 1.137229 0.493760 0.078321
v 1.137538 0.499794 0.102798
v 1.138166 0.492785 0.127004
v 1.138941 0.474613 0.144456
v 1.139661 0.450147 0.150485
v 1.140127 0.425935 0.143465
v 1.140219 0.408478 0.125281
v 1.139910 0.402438 0.100804
v 1.139282 0.409447 0.076599
v 1.139910 0.402438 0.100804
v 1.139282 0.409447 0.076599
v 1.139391 0.401572 0.071832
v 1.140138 0.393241 0.100616
v 1.137787 0.452091 0.053119
v 1.137316 0.476297 0.060139
v 1.137051 0.481058 0.052262
v 1.137608 0.452275 0.043916
v 1.138941 0.474613 0.144456
v 1.139661 0.450147 0.150485
v 1.139840 0.449962 0.159681
v 1.138984 0.479054 0.152522
v 1.137229 0.493760 0.078321
v 1.136942 0.501814 0.073885
v 1.137538 0.499794 0.102798
v 1.137311 0.508991 0.102983
v 1.140127 0.425935 0.143465
v 1.140219 0.408478 0.125281
v 1.140501 0.400418 0.129718
v 1.140393 0.421179 0.151335
v 1.138166 0.492785 0.127004
v 1.138058 0.500660 0.131765
v 1.138464 0.423178 0.051082
v 1.138508 0.427619 0.059142
v 1.137311 0.508991 0.102983
v 1.138058 0.500660 0.131765
v 1.202714 0.502264 0.130553
v 1.201972 0.510594 0.101769
v 0.722599 0.236971 0.228811
v 0.725752 0.204369 0.287841
v 0.720801 0.236890 0.296880
v 1.139840 0.449962 0.159681
v 1.140393 0.421179 0.151335
v 1.205054 0.422777 0.150127
v 1.204496 0.451560 0.158468
v 1.139391 0.401572 0.071832
v 1.138464 0.423178 0.051082
v 1.203120 0.424781 0.049868
v 1.204047 0.403175 0.070625
v 1.138984 0.479054 0.152522
v 1.203641 0.480657 0.151308
v 1.137608 0.452275 0.043916
v 1.137051 0.481058 0.052262
v 1.201712 0.482656 0.051055
v 1.202270 0.453873 0.042702
v 1.140501 0.400418 0.129718
v 1.140138 0.393241 0.100616
v 1.204794 0.394844 0.099407
v 1.205163 0.402021 0.128504
v 1.136942 0.501814 0.073885
v 1.201604 0.503417 0.072671
v -0.399837 -0.263597 0.753591
v -0.407551 -0.302368 0.753591
v -0.407551 -0.302368 0.689373
v -0.399837 -0.263597 0.689373
v -0.760140 0.066071 0.913886
v -0.754876 0.054485 0.858470
v -0.879042 0.011722 0.855675
v -0.888684 0.021797 0.913886
v -0.599542 -0.009960 1.051913
v -0.598161 0.049377 1.012563
v -0.739449 0.020513 1.019664
v -0.714902 -0.033527 1.060466
v -0.597289 0.086680 0.965304
v -0.754876 0.054485 0.969290
v -0.596996 0.099404 0.913886
v -0.597289 0.086680 0.862462
v -0.598161 0.049377 0.815203
v -0.739449 0.020513 0.808097
v -1.029782 -0.195772 0.780532
v -1.056214 -0.272512 0.766872
v -0.925283 -0.252547 0.828138
v -0.925283 -0.197928 0.836035
v -0.989024 -0.073376 0.848759
v -0.990318 -0.120288 0.804283
v -0.925283 -0.164530 0.849766
v -0.925283 -0.137409 0.875477
v -0.600907 -0.263597 1.086411
v -0.587464 -0.263597 1.144589
v -0.580893 -0.230567 1.144589
v -0.593313 -0.225422 1.086411
v -0.567877 -0.235957 1.144589
v -0.552224 -0.212525 1.144589
v -0.562185 -0.202564 1.144589
v -0.580893 -0.230567 1.144589
v -0.462977 -0.171436 1.086411
v -0.468122 -0.183856 1.144589
v -0.440119 -0.202564 1.144589
v -0.430613 -0.193058 1.086411
v -0.430613 -0.334130 1.086411
v -0.440119 -0.324629 1.144589
v -0.468122 -0.343338 1.144589
v -0.462977 -0.355758 1.086411
v -0.593313 -0.301772 1.086411
v -0.580893 -0.296626 1.144589
v -0.501152 -0.163842 1.086411
v -0.501152 -0.177285 1.144589
v -0.408991 -0.301772 1.086411
v -0.421411 -0.296626 1.144589
v -0.571686 -0.334130 1.086411
v -0.562185 -0.324629 1.144589
v -0.539327 -0.171436 1.086411
v -0.534182 -0.183856 1.144589
v -0.401397 -0.263597 1.086411
v -0.414841 -0.263597 1.144589
v -0.539327 -0.355758 1.086411
v -0.534182 -0.343338 1.144589
v -0.571686 -0.193058 1.086411
v -0.562185 -0.202564 1.144589
v -0.408991 -0.225422 1.086411
v -0.421411 -0.230567 1.144589
v -0.501152 -0.363346 1.086411
v -0.501152 -0.349908 1.144589
v -0.925283 -0.266153 0.912104
v -0.925283 -0.376384 0.912104
v -0.925283 -0.366981 0.950951
v -0.925283 -0.197928 0.836035
v -0.925283 -0.252547 0.828138
v -0.925283 -0.306815 0.833457
v -0.925283 -0.341540 0.847150
v -0.925283 -0.252547 0.996075
v -0.925283 -0.197928 0.988178
v -0.925283 -0.341540 0.977063
v -0.925283 -0.306815 0.990757
v -0.925283 -0.164530 0.849766
v -0.925283 -0.137409 0.875477
v -0.925283 -0.127248 0.912104
v -0.925283 -0.366981 0.873263
v -0.925283 -0.164530 0.974447
v -0.925283 -0.137409 0.948735
v -0.175601 0.094285 0.961946
v -0.428008 0.058926 0.982729
v -0.428008 0.032992 1.004899
v -0.179447 0.072430 0.977746
v 0.124996 0.075977 0.931944
v -0.020788 0.093462 0.948031
v -0.025906 0.075479 0.959563
v 0.119222 0.062523 0.939500
v -0.183980 0.046653 0.837508
v -0.428008 0.002406 0.808119
v -0.428008 0.032992 0.815907
v -0.179447 0.072430 0.843060
v -0.173029 0.108888 0.938298
v -0.428008 0.076254 0.949542
v 0.128907 0.084980 0.920753
v -0.017365 0.105475 0.930763
v -0.212395 -0.114769 0.983298
v -0.183980 0.046653 0.983298
v -0.428008 0.002406 1.012687
v -0.428008 -0.189142 1.012687
v -0.090915 -0.113371 0.910403
v -0.089902 -0.110024 0.894240
v -0.084329 -0.129767 0.890036
v -0.085531 -0.133986 0.910403
v -0.207320 -0.147517 0.888261
v -0.208078 -0.151590 0.910403
v -0.224252 -0.182133 0.910403
v -0.223348 -0.177004 0.882508
v 0.070626 -0.052582 0.943194
v 0.112478 0.046663 0.942268
v -0.031940 0.054268 0.963614
v -0.069753 -0.078554 0.963614
v -0.223348 -0.177004 0.882508
v -0.224252 -0.182133 0.910403
v -0.428008 -0.269078 0.910403
v -0.428008 -0.262990 0.871264
v 0.053472 -0.093937 0.909369
v 0.054723 -0.090806 0.922412
v -0.084329 -0.129767 0.930769
v -0.085531 -0.133986 0.910403
v 0.054858 -0.090763 0.896271
v -0.084329 -0.129767 0.890036
v -0.223348 -0.177004 0.938298
v -0.428008 -0.262990 0.949542
v -0.220780 -0.162401 0.858860
v -0.428008 -0.245663 0.838076
v 0.058677 -0.081766 0.885124
v -0.080911 -0.117748 0.872775
v -0.212395 -0.114769 0.837508
v -0.216929 -0.140551 0.843060
v -0.428008 -0.219729 0.815907
v -0.428008 -0.189142 0.808119
v 0.064354 -0.068317 0.877617
v -0.075792 -0.099765 0.861237
v 0.071032 -0.052463 0.874887
v -0.069753 -0.078554 0.857191
v -0.172129 0.114012 0.910403
v -0.428008 0.082342 0.910403
v 0.130374 0.088170 0.907635
v -0.016135 0.109700 0.910393
v -0.173029 0.108888 0.882508
v -0.428008 0.076254 0.871264
v 0.129156 0.085050 0.894592
v -0.017305 0.105492 0.890016
v 0.113009 0.046815 0.873934
v -0.031940 0.054268 0.857186
v -0.025874 0.075484 0.861227
v 0.119748 0.062664 0.876356
v 0.058417 -0.081847 0.933423
v -0.080911 -0.117748 0.948031
v -0.220780 -0.162401 0.961946
v -0.428008 -0.245663 0.982729
v 0.064001 -0.068425 0.940725
v -0.075792 -0.099765 0.959563
v -0.216929 -0.140551 0.977746
v -0.428008 -0.219729 1.004899
v -0.020723 0.093473 0.872753
v 0.125424 0.076091 0.883608
v -0.428008 0.058926 0.838076
v -0.175601 0.094285 0.858860
v -0.020788 0.093462 0.948031
v -0.017365 0.105475 0.930763
v -0.033344 0.076692 0.926566
v -0.036236 0.067154 0.940269
v -0.031940 0.054268 0.857186
v -0.069753 -0.078554 0.857191
v -0.077590 -0.069379 0.868166
v -0.045655 0.036047 0.868166
v -0.025906 0.075479 0.959563
v -0.040558 0.052882 0.949423
v -0.017305 0.105492 0.890016
v -0.020723 0.093473 0.872753
v -0.036181 0.067165 0.880520
v -0.033294 0.076703 0.894224
v -0.025874 0.075484 0.861227
v -0.040531 0.052887 0.871372
v -0.201898 -0.118582 0.963852
v -0.198064 -0.098118 0.968256
v -0.212395 -0.114769 0.983298
v -0.216929 -0.140551 0.977746
v -0.082693 -0.086213 0.949423
v -0.087015 -0.100485 0.940269
v -0.080911 -0.117748 0.948031
v -0.075792 -0.099765 0.959563
v -0.207320 -0.147517 0.932545
v -0.205148 -0.135925 0.951314
v -0.220780 -0.162401 0.961946
v -0.223348 -0.177004 0.938298
v -0.016135 0.109700 0.910393
v -0.032303 0.080045 0.910393
v -0.087015 -0.100485 0.880537
v -0.082693 -0.086213 0.871382
v -0.075792 -0.099765 0.861237
v -0.080911 -0.117748 0.872775
v -0.198064 -0.098118 0.852550
v -0.201898 -0.118582 0.856954
v -0.216929 -0.140551 0.843060
v -0.212395 -0.114769 0.837508
v -0.174068 0.030002 0.968256
v -0.183980 0.046653 0.983298
v -0.031940 0.054268 0.963614
v -0.045655 0.036047 0.952640
v -0.089902 -0.110024 0.926566
v -0.084329 -0.129767 0.930769
v 0.688422 0.525127 0.189484
v 0.688422 0.525127 -0.000017
v 0.355363 0.503872 -0.000017
v 0.355363 0.503872 0.202060
v 1.083953 0.562246 -0.000017
v 1.083953 0.562246 0.036159
v 1.752653 0.617185 0.024596
v 1.752653 0.617185 -0.000017
v 1.083953 0.241456 0.038055
v 1.083953 0.213702 0.029692
v 1.359570 0.263777 0.025571
v 1.390861 0.291916 0.032320
v 0.688422 -0.032520 0.137376
v 0.688422 0.011879 0.177604
v 0.335805 -0.009267 0.184293
v 0.334115 -0.053655 0.142236
v 1.344588 0.250306 0.016871
v 1.083953 0.200421 0.019401
v 0.333302 -0.074903 0.092241
v 0.688422 -0.053768 0.089230
v 0.337809 0.043338 0.204275
v 0.688422 0.064495 0.196389
v 0.844702 0.537075 -0.000017
v 0.844702 0.537075 0.132610
v 0.898272 0.542086 0.092783
v 0.898272 0.542086 -0.000017
v 0.777105 0.531496 -0.000017
v 0.777105 0.531496 0.166387
v 0.974037 0.549945 -0.000017
v 0.974037 0.549945 0.059076
v 0.974037 0.172483 0.045351
v 0.974037 0.158096 0.029540
v 0.974037 0.202533 0.058394
v 0.898272 0.117977 0.069194
v 0.898272 0.151743 0.089273
v 0.844702 0.094442 0.126154
v 0.844702 0.056153 0.097691
v 0.898272 0.101814 0.045010
v 0.844702 0.037824 0.063506
v 0.777105 0.003608 0.121583
v 0.777105 0.045640 0.157093
v 0.777105 -0.016509 0.079003
v 0.844702 0.037824 -0.000017
v 0.898272 0.101814 -0.000017
v 0.974037 0.158096 -0.000017
v 1.083953 0.200421 -0.000017
v 0.688422 -0.053768 -0.000017
v 0.777105 -0.016509 -0.000017
v 0.424580 0.124650 0.350433
v 0.391139 0.174698 0.350433
v 0.360438 0.161980 0.333252
v 0.401084 0.101153 0.333252
v 0.176014 -0.437698 0.264127
v 0.283276 -0.349946 0.255737
v 0.208783 -0.337981 0.317484
v 0.109142 -0.422949 0.326953
v 0.350440 -0.250716 0.245078
v 0.270980 -0.242814 0.306473
v 0.401030 -0.060680 0.224024
v 0.317015 -0.060593 0.285636
v 0.084210 -0.216468 0.364283
v 0.033805 -0.301241 0.374341
v 0.328752 -0.356483 0.137398
v 0.399080 -0.254492 0.130877
v 1.025910 0.463103 0.025174
v 1.012943 0.165398 0.025174
v 1.013442 0.166053 -0.000017
v 1.026544 0.463103 -0.000017
v 0.746702 0.321977 0.249936
v 0.764258 0.233732 0.249936
v 0.764258 0.233732 -0.000017
v 0.746702 0.321977 -0.000017
v 0.320611 0.321977 0.249936
v 0.370600 0.396789 0.249936
v 0.370600 0.396789 -0.000017
v 0.320611 0.321977 -0.000017
v 0.696714 0.396789 0.249936
v 0.696714 0.396789 -0.000017
v 0.621902 0.020686 0.249936
v 0.533657 0.003132 0.249936
v 0.533657 0.003132 -0.000017
v 0.621902 0.020686 -0.000017
v 0.303057 0.233732 0.249936
v 0.303057 0.233732 -0.000017
v 0.621902 0.446777 0.249936
v 0.621902 0.446777 -0.000017
v 0.445412 0.020686 0.249936
v 0.445412 0.020686 -0.000017
v 0.696714 0.070675 0.249936
v 0.696714 0.070675 -0.000017
v 0.533657 0.464327 0.249936
v 0.533657 0.464332 -0.000017
v 0.370600 0.070675 0.249936
v 0.370600 0.070675 -0.000017
v 0.746702 0.145481 0.249936
v 0.746702 0.145487 -0.000017
v 0.445412 0.446777 0.249936
v 0.445412 0.446777 -0.000017
v 0.320611 0.145481 0.249936
v 0.320611 0.145487 -0.000017
v 0.674723 -0.129371 0.025174
v 0.674723 -0.129371 -0.000017
v 0.798998 -0.104808 -0.000017
v 0.798917 -0.104851 0.025174
v 0.719951 0.269567 0.169860
v 0.725123 0.237047 0.160744
v 1.733256 0.459094 0.213272
v 1.693630 0.486393 0.213272
v 1.682407 0.476985 0.213272
v 1.719954 0.451896 0.213272
v 1.215286 0.325774 0.213272
v 1.206473 0.370064 0.213272
v 1.191291 0.370064 0.213272
v 1.200591 0.321874 0.213272
v 1.719954 0.299190 0.254194
v 1.682407 0.277464 0.266738
v 1.682407 0.263138 0.213272
v 1.719954 0.288227 0.213272
v 1.322207 0.269833 0.271142
v 1.277917 0.277464 0.266738
v 1.277917 0.263138 0.213272
v 1.322207 0.254325 0.213272
v 1.240370 0.299190 0.254194
v 1.215286 0.331705 0.235419
v 1.215286 0.325774 0.213272
v 1.240370 0.288227 0.213272
v 1.638122 0.269833 0.271142
v 1.638122 0.254325 0.213272
v 1.719954 0.329143 0.284146
v 1.682407 0.316598 0.305872
v 1.322207 0.312195 0.313504
v 1.277917 0.316598 0.305872
v 1.240370 0.329143 0.284146
v 1.215286 0.347916 0.251631
v 1.745043 0.347916 0.251631
v 1.745043 0.331705 0.235419
v 1.638122 0.312195 0.313504
v 1.719954 0.370064 0.295110
v 1.682407 0.370064 0.320199
v 1.322207 0.370064 0.329006
v 1.277917 0.370064 0.320199
v 1.240370 0.370064 0.295110
v 1.215286 0.370064 0.257563
v 1.745043 0.370064 0.257563
v 1.638122 0.370064 0.329006
v 1.719954 0.410980 0.284146
v 1.682407 0.423525 0.305872
v 1.322207 0.427928 0.313504
v 1.277917 0.423525 0.305872
v 1.240370 0.410980 0.284146
v 1.215286 0.392207 0.251631
v 1.745043 0.392207 0.251631
v 1.638122 0.427928 0.313504
v 1.638122 0.470290 0.271142
v 1.322207 0.470290 0.271142
v 1.719954 0.440933 0.254194
v 1.682407 0.462659 0.266738
v 1.277917 0.462659 0.266738
v 1.240370 0.440933 0.254194
v 1.215286 0.408418 0.235419
v 1.745043 0.408418 0.235419
v 1.266699 0.253729 0.213272
v 1.227067 0.281028 0.213272
v 1.227067 0.281028 -0.000017
v 1.266699 0.253729 -0.000017
v 1.693630 0.486394 -0.000017
v 1.646880 0.495975 -0.000017
v 1.646880 0.495975 0.213272
v 1.693630 0.486393 0.213272
v 1.769037 0.370064 -0.000017
v 1.759737 0.418249 -0.000017
v 1.759737 0.418249 0.213272
v 1.769037 0.370064 0.213272
v 1.200591 0.321874 0.213272
v 1.200591 0.321874 -0.000017
v 1.313443 0.495975 -0.000017
v 1.313443 0.495975 0.213272
v 1.227067 0.459095 -0.000017
v 1.200591 0.418249 -0.000017
v 1.200591 0.418249 0.213272
v 1.227067 0.459094 0.213272
v 1.733256 0.281028 0.213272
v 1.693630 0.253729 0.213272
v 1.693630 0.253729 -0.000017
v 1.733256 0.281028 -0.000017
v 1.266699 0.486394 -0.000017
v 1.266699 0.486393 0.213272
v 1.759737 0.321874 0.213272
v 1.759737 0.321874 -0.000017
v 1.646880 0.244148 0.213272
v 1.313443 0.244148 0.213272
v 1.313443 0.244148 -0.000017
v 1.646880 0.244148 -0.000017
v 1.733256 0.459095 -0.000017
v 1.733256 0.459094 0.213272
v 1.191291 0.370064 0.213272
v 1.191291 0.370064 -0.000017
v 1.646880 0.495975 0.213272
v 1.638122 0.485798 0.213272
v 1.759737 0.418249 0.213272
v 1.745043 0.414349 0.213272
v 1.240370 0.288227 0.213272
v 1.227067 0.281028 0.213272
v 1.313443 0.495975 0.213272
v 1.266699 0.486393 0.213272
v 1.277917 0.476985 0.213272
v 1.322207 0.485798 0.213272
v 1.745043 0.325774 0.213272
v 1.719954 0.288227 0.213272
v 1.733256 0.281028 0.213272
v 1.759737 0.321874 0.213272
v 1.277917 0.263138 0.213272
v 1.266699 0.253729 0.213272
v 1.322207 0.254325 0.213272
v 1.313443 0.244148 0.213272
v 1.200591 0.418249 0.213272
v 1.215286 0.414349 0.213272
v 1.682407 0.263138 0.213272
v 1.638122 0.254325 0.213272
v 1.646880 0.244148 0.213272
v 1.693630 0.253729 0.213272
v 1.753855 0.370064 0.213272
v 1.769037 0.370064 0.213272
v 1.227067 0.459094 0.213272
v 1.240370 0.451896 0.213272
v 1.745043 0.325774 0.213272
v 1.638122 0.485798 0.213272
v 1.322207 0.485798 0.213272
v 1.753855 0.370064 0.213272
v 1.206473 0.370064 0.213272
v 1.719954 0.451896 0.213272
v 1.682407 0.476985 0.213272
v 1.277917 0.476985 0.213272
v 1.240370 0.451896 0.213272
v 1.215286 0.414349 0.213272
v 1.745043 0.414349 0.213272
v 0.979004 0.042022 0.025174
v 0.979399 0.042542 -0.000017
v 0.934470 -0.022602 0.025174
v 0.934778 -0.022250 -0.000017
v 0.863514 -0.079637 0.025174
v 0.863698 -0.079518 -0.000017
v 0.426314 -0.143784 0.025174
v 0.426314 -0.143784 -0.000017
v 0.127287 -0.152570 0.025174
v 0.127287 -0.152570 -0.000017
v 1.025910 0.463103 -0.000017
v 0.455384 0.155269 -0.000017
v 0.455384 0.155269 0.025174
v 1.025910 0.463103 0.025174
v -0.115143 -0.152570 0.025174
v -0.115143 -0.152570 -0.000017
v 0.347163 0.310976 0.305482
v 0.390923 0.376466 0.305482
v 0.331802 0.233732 0.305482
v 0.533657 0.435587 0.305482
v 0.610906 0.420226 0.305482
v 0.456413 0.420226 0.305482
v 0.347163 0.156482 0.305482
v 0.720151 0.310976 0.305482
v 0.735518 0.233732 0.305482
v 0.706876 0.161980 0.333252
v 0.721148 0.233732 0.333252
v 0.687923 0.233732 0.350433
v 0.676181 0.174698 0.350433
v 0.442693 0.233732 0.290403
v 0.449621 0.268543 0.290403
v 0.434422 0.274837 0.350433
v 0.426243 0.233732 0.350433
v 0.597978 0.169411 0.290403
v 0.568469 0.149690 0.290403
v 0.574762 0.134491 0.350433
v 0.609612 0.157777 0.350433
v 0.617699 0.198920 0.290403
v 0.632897 0.192626 0.350433
v 0.605409 0.406945 0.333252
v 0.533657 0.421217 0.333252
v 0.533657 0.387993 0.350433
v 0.592691 0.376250 0.350433
v 0.617699 0.268543 0.290403
v 0.624621 0.233732 0.290403
v 0.641071 0.233732 0.350433
v 0.632897 0.274837 0.350433
v 0.720151 0.156482 0.305482
v 0.676392 0.090992 0.305482
v 0.666230 0.101153 0.333252
v 0.642739 0.124650 0.350433
v 0.498846 0.149690 0.290403
v 0.469336 0.169411 0.290403
v 0.457707 0.157777 0.350433
v 0.492552 0.134491 0.350433
v 0.449621 0.198920 0.290403
v 0.434422 0.192626 0.350433
v 0.533657 0.142768 0.290403
v 0.533657 0.126318 0.350433
v 0.605409 0.060513 0.333252
v 0.592691 0.091209 0.350433
v 0.469336 0.298052 0.290403
v 0.457707 0.309681 0.350433
v 0.597978 0.298052 0.290403
v 0.609612 0.309681 0.350433
v 0.666230 0.366305 0.333252
v 0.642739 0.342809 0.350433
v 0.498846 0.317768 0.290403
v 0.533657 0.324696 0.290403
v 0.533657 0.341146 0.350433
v 0.492552 0.332967 0.350433
v 0.568469 0.317768 0.290403
v 0.574762 0.332967 0.350433
v 0.676392 0.376466 0.305482
v -0.799918 0.222417 0.355184
v -0.991011 0.168718 0.357632
v -0.990226 0.161650 0.364732
v -0.826037 0.207787 0.362631
v -1.259619 0.061126 0.366352
v -1.108110 0.007058 0.454706
v -1.069919 0.014609 0.460924
v -1.243630 0.076595 0.359625
v -0.580011 0.338047 0.278335
v -0.629289 0.302012 0.309479
v -0.602803 0.302759 0.308835
v -0.559368 0.334521 0.281379
v -1.578914 0.014111 0.270411
v -1.792198 -0.102576 0.270735
v -1.793064 -0.112001 0.285679
v -1.554870 0.018319 0.285316
v -1.945001 -0.088672 0.161073
v -1.928243 -0.081690 0.159167
v -1.667598 -0.131213 0.361639
v -1.444353 -0.009900 0.360876
v -1.434690 -0.014320 0.367447
v -1.533833 0.011614 0.264381
v -1.663286 0.044660 0.144304
v -1.688901 0.052535 0.160992
v -1.554870 0.018319 0.285316
v -1.427096 -0.015647 0.337357
v -1.444353 -0.009900 0.360876
v -0.407973 0.475945 0.077601
v -0.417278 0.491599 -0.000017
v -0.435120 0.468714 -0.000017
v -0.426134 0.453602 0.069356
v -1.682152 -0.140042 0.356695
v -1.480600 -0.170851 0.449424
v -1.443118 -0.165526 0.464920
v -1.667598 -0.131213 0.361639
v -0.704941 -0.348007 0.856335
v -0.721726 -0.263597 0.856335
v -0.758705 -0.263597 0.847199
v -0.739103 -0.362160 0.847199
v -0.704941 -0.179187 0.856335
v -0.657124 -0.107624 0.856335
v -0.683270 -0.081479 0.847199
v -0.739103 -0.165033 0.847199
v -0.590123 -0.478392 1.031027
v -0.665552 -0.427997 1.031027
v -0.654395 -0.416839 1.029896
v -0.584089 -0.463822 1.029896
v -0.412182 -0.048802 1.031027
v -0.336752 -0.099196 1.031027
v -0.347910 -0.110349 1.029896
v -0.418216 -0.063372 1.029896
v -0.345180 -0.419569 0.856335
v -0.416742 -0.467380 0.856335
v -0.402589 -0.501547 0.847199
v -0.319035 -0.445714 0.847199
v -0.679354 -0.085395 1.019274
v -0.733984 -0.167151 1.019274
v -0.718190 -0.173694 1.020411
v -0.667264 -0.097485 1.020411
v -0.599959 -0.227258 1.068384
v -0.606340 -0.259356 1.068384
v -0.578261 -0.449760 1.048826
v -0.539327 -0.355758 1.086411
v -0.571686 -0.334130 1.086411
v -0.643632 -0.406077 1.048826
v -0.268320 -0.360037 1.019274
v -0.249135 -0.263597 1.019274
v -0.266235 -0.263597 1.020411
v -0.284115 -0.353494 1.020411
v -0.687316 -0.340705 1.048826
v -0.593313 -0.301772 1.086411
v -0.600907 -0.263597 1.086411
v -0.702650 -0.263597 1.048826
v -0.297363 -0.179187 0.856335
v -0.280578 -0.263597 0.856335
v -0.243600 -0.263597 0.847199
v -0.263202 -0.165033 0.847199
v -0.606340 -0.259356 1.068384
v -0.691898 -0.259356 1.036780
v -0.702650 -0.263597 1.048826
v -0.600907 -0.263597 1.086411
v -0.319035 -0.445714 0.974463
v -0.402589 -0.501547 0.974463
v -0.416742 -0.467380 0.965325
v -0.345180 -0.419569 0.965325
v -0.501152 -0.011580 1.019274
v -0.597592 -0.030765 1.019274
v -0.591049 -0.046559 1.020411
v -0.501152 -0.028679 1.020411
v -0.687316 -0.186483 1.048826
v -0.593313 -0.225422 1.086411
v -0.571686 -0.193058 1.086411
v -0.643632 -0.121111 1.048826
v -0.496911 -0.072851 1.036780
v -0.432076 -0.085747 1.036780
v -0.424044 -0.077433 1.048826
v -0.501152 -0.062094 1.048826
v -0.715948 -0.352567 1.031027
v -0.701377 -0.346534 1.029896
v -0.501152 -0.043017 0.856335
v -0.416742 -0.059808 0.856335
v -0.402589 -0.025646 0.847199
v -0.501152 -0.006039 0.847199
v -0.424044 -0.449760 1.048826
v -0.462977 -0.355758 1.086411
v -0.501152 -0.363346 1.086411
v -0.501152 -0.465094 1.048826
v -0.501152 -0.496093 1.031027
v -0.501152 -0.480315 1.029896
v -0.402589 -0.025646 0.974463
v -0.319035 -0.081479 0.974463
v -0.345180 -0.107624 0.965325
v -0.416742 -0.059808 0.965325
v -0.299649 -0.263597 1.048826
v -0.401397 -0.263597 1.086411
v -0.395959 -0.267838 1.068384
v -0.310406 -0.267838 1.036780
v -0.739103 -0.362160 0.974463
v -0.758705 -0.263597 0.974463
v -0.721726 -0.263597 0.965325
v -0.704941 -0.348007 0.965325
v -0.314989 -0.340705 1.048826
v -0.408991 -0.301772 1.086411
v -0.430613 -0.334130 1.086411
v -0.358672 -0.406077 1.048826
v -0.286357 -0.174626 1.031027
v -0.268656 -0.263597 1.031027
v -0.284429 -0.263597 1.029896
v -0.300927 -0.180660 1.029896
v -0.683270 -0.081479 0.974463
v -0.599716 -0.025646 0.974463
v -0.585562 -0.059808 0.965325
v -0.657124 -0.107624 0.965325
v -0.578066 -0.088992 1.036780
v -0.545323 -0.168034 1.068384
v -0.539327 -0.171436 1.086411
v -0.578261 -0.077433 1.048826
v -0.753169 -0.263597 1.019274
v -0.736069 -0.263597 1.020411
v -0.501152 -0.521149 0.974463
v -0.599716 -0.501547 0.974463
v -0.585562 -0.467380 0.965325
v -0.501152 -0.484171 0.965325
v -0.314989 -0.186483 1.048826
v -0.408991 -0.225422 1.086411
v -0.401397 -0.263597 1.086411
v -0.299649 -0.263597 1.048826
v -0.404712 -0.496429 1.019274
v -0.322951 -0.441798 1.019274
v -0.335040 -0.429709 1.020411
v -0.411250 -0.480634 1.020411
v -0.263202 -0.165033 0.974463
v -0.243600 -0.263597 0.974463
v -0.280578 -0.263597 0.965325
v -0.297363 -0.179187 0.965325
v -0.596715 -0.307768 1.068384
v -0.578532 -0.334980 1.068384
v -0.679354 -0.441798 1.019274
v -0.597592 -0.496429 1.019274
v -0.591049 -0.480634 1.020411
v -0.667264 -0.429709 1.020411
v -0.739103 -0.165033 0.974463
v -0.704941 -0.179187 0.965325
v -0.424044 -0.077433 1.048826
v -0.462977 -0.171436 1.086411
v -0.430613 -0.193058 1.086411
v -0.358672 -0.121111 1.048826
v -0.322951 -0.085395 1.019274
v -0.404712 -0.030765 1.019274
v -0.411250 -0.046559 1.020411
v -0.335040 -0.097485 1.020411
v -0.402345 -0.299936 1.068384
v -0.395959 -0.267838 1.068384
v -0.286357 -0.352567 1.031027
v -0.336752 -0.427997 1.031027
v -0.347910 -0.416839 1.029896
v -0.300927 -0.346534 1.029896
v -0.501152 -0.484171 0.856335
v -0.585562 -0.467380 0.856335
v -0.599716 -0.501547 0.847199
v -0.501152 -0.521149 0.847199
v -0.578261 -0.077433 1.048826
v -0.539327 -0.171436 1.086411
v -0.501152 -0.163842 1.086411
v -0.501152 -0.062094 1.048826
v -0.501152 -0.031101 1.031027
v -0.501152 -0.046873 1.029896
v -0.297363 -0.348007 0.856335
v -0.263202 -0.362160 0.847199
v -0.363276 -0.131717 1.036780
v -0.326547 -0.186683 1.036780
v -0.314989 -0.186483 1.048826
v -0.358672 -0.121111 1.048826
v -0.715948 -0.174626 1.031027
v -0.665552 -0.099196 1.031027
v -0.654395 -0.110349 1.029896
v -0.701377 -0.180660 1.029896
v -0.345180 -0.107624 0.856335
v -0.319035 -0.081479 0.847199
v -0.679354 -0.441798 1.019274
v -0.733984 -0.360037 1.019274
v -0.739103 -0.362160 0.974463
v -0.683270 -0.445714 0.974463
v -0.753169 -0.263597 1.019274
v -0.758705 -0.263597 0.974463
v -0.715948 -0.352567 1.031027
v -0.665552 -0.427997 1.031027
v -0.733648 -0.263597 1.031027
v -0.733984 -0.167151 1.019274
v -0.739103 -0.165033 0.974463
v -0.715948 -0.174626 1.031027
v -0.590123 -0.478392 1.031027
v -0.599716 -0.501547 0.974463
v -0.597592 -0.496429 1.019274
v -0.679354 -0.085395 1.019274
v -0.683270 -0.081479 0.974463
v -0.665552 -0.099196 1.031027
v -0.501152 -0.496093 1.031027
v -0.501152 -0.521149 0.974463
v -0.501152 -0.515614 1.019274
v -0.412182 -0.478392 1.031027
v -0.402589 -0.501547 0.974463
v -0.404712 -0.496429 1.019274
v -0.336752 -0.427997 1.031027
v -0.319035 -0.445714 0.974463
v -0.322951 -0.441798 1.019274
v -0.286357 -0.352567 1.031027
v -0.263202 -0.362160 0.974463
v -0.268320 -0.360037 1.019274
v -0.268656 -0.263597 1.031027
v -0.243600 -0.263597 0.974463
v -0.249135 -0.263597 1.019274
v -0.286357 -0.174626 1.031027
v -0.263202 -0.165033 0.974463
v -0.268320 -0.167151 1.019274
v -0.336752 -0.099196 1.031027
v -0.319035 -0.081479 0.974463
v -0.322951 -0.085395 1.019274
v -0.412182 -0.048802 1.031027
v -0.402589 -0.025646 0.974463
v -0.404712 -0.030765 1.019274
v -0.501152 -0.031101 1.031027
v -0.501152 -0.006039 0.974463
v -0.501152 -0.011580 1.019274
v -0.590123 -0.048802 1.031027
v -0.599716 -0.025646 0.974463
v -0.597592 -0.030765 1.019274
v -0.639028 -0.395477 1.036780
v -0.578532 -0.334980 1.068384
v -0.596715 -0.307768 1.068384
v -0.675757 -0.340510 1.036780
v -0.691898 -0.259356 1.036780
v -0.606340 -0.259356 1.068384
v -0.599959 -0.227258 1.068384
v -0.679002 -0.194515 1.036780
v -0.505393 -0.454343 1.036780
v -0.505393 -0.368784 1.068384
v -0.537491 -0.362404 1.068384
v -0.570228 -0.441446 1.036780
v -0.369272 -0.401473 1.036780
v -0.429769 -0.340976 1.068384
v -0.456981 -0.359159 1.068384
v -0.424239 -0.438202 1.036780
v -0.310406 -0.267838 1.036780
v -0.395959 -0.267838 1.068384
v -0.402345 -0.299936 1.068384
v -0.323303 -0.332673 1.036780
v -0.363276 -0.131717 1.036780
v -0.423772 -0.192213 1.068384
v -0.405590 -0.219426 1.068384
v -0.326547 -0.186683 1.036780
v -0.496911 -0.072851 1.036780
v -0.496911 -0.158404 1.068384
v -0.464813 -0.164790 1.068384
v -0.432076 -0.085747 1.036780
v -0.633032 -0.125721 1.036780
v -0.572536 -0.186217 1.068384
v -0.545323 -0.168034 1.068384
v -0.578066 -0.088992 1.036780
v -0.639028 -0.395477 1.036780
v -0.675757 -0.340510 1.036780
v -0.687316 -0.340705 1.048826
v -0.643632 -0.406077 1.048826
v -0.358672 -0.121111 1.048826
v -0.430613 -0.193058 1.086411
v -0.423772 -0.192213 1.068384
v -0.363276 -0.131717 1.036780
v -0.405590 -0.219426 1.068384
v -0.423772 -0.192213 1.068384
v -0.424239 -0.438202 1.036780
v -0.456981 -0.359159 1.068384
v -0.462977 -0.355758 1.086411
v -0.424044 -0.449760 1.048826
v -0.537491 -0.362404 1.068384
v -0.505393 -0.368784 1.068384
v -0.505393 -0.454343 1.036780
v -0.570228 -0.441446 1.036780
v -0.578261 -0.449760 1.048826
v -0.501152 -0.465094 1.048826
v -0.572536 -0.186217 1.068384
v -0.633032 -0.125721 1.036780
v -0.643632 -0.121111 1.048826
v -0.571686 -0.193058 1.086411
v -0.691898 -0.259356 1.036780
v -0.679002 -0.194515 1.036780
v -0.687316 -0.186483 1.048826
v -0.702650 -0.263597 1.048826
v -0.501152 -0.062094 1.048826
v -0.501152 -0.163842 1.086411
v -0.496911 -0.158404 1.068384
v -0.496911 -0.072851 1.036780
v -0.323303 -0.332673 1.036780
v -0.402345 -0.299936 1.068384
v -0.408991 -0.301772 1.086411
v -0.314989 -0.340705 1.048826
v -0.369272 -0.401473 1.036780
v -0.424239 -0.438202 1.036780
v -0.424044 -0.449760 1.048826
v -0.358672 -0.406077 1.048826
v -0.593313 -0.301772 1.086411
v -0.687316 -0.340705 1.048826
v -0.675757 -0.340510 1.036780
v -0.596715 -0.307768 1.068384
v -0.464813 -0.164790 1.068384
v -0.496911 -0.158404 1.068384
v -0.456981 -0.359159 1.068384
v -0.429769 -0.340976 1.068384
v -0.633032 -0.125721 1.036780
v -0.578066 -0.088992 1.036780
v -0.578261 -0.077433 1.048826
v -0.643632 -0.121111 1.048826
v -0.326547 -0.186683 1.036780
v -0.405590 -0.219426 1.068384
v -0.408991 -0.225422 1.086411
v -0.314989 -0.186483 1.048826
v -0.501152 -0.465094 1.048826
v -0.501152 -0.363346 1.086411
v -0.505393 -0.368784 1.068384
v -0.505393 -0.454343 1.036780
v -0.310406 -0.267838 1.036780
v -0.323303 -0.332673 1.036780
v -0.314989 -0.340705 1.048826
v -0.299649 -0.263597 1.048826
v -0.593313 -0.225422 1.086411
v -0.687316 -0.186483 1.048826
v -0.679002 -0.194515 1.036780
v -0.599959 -0.227258 1.068384
v -0.432076 -0.085747 1.036780
v -0.464813 -0.164790 1.068384
v -0.462977 -0.171436 1.086411
v -0.424044 -0.077433 1.048826
v -0.570228 -0.441446 1.036780
v -0.537491 -0.362404 1.068384
v -0.539327 -0.355758 1.086411
v -0.578261 -0.449760 1.048826
v -0.358672 -0.406077 1.048826
v -0.430613 -0.334130 1.086411
v -0.429769 -0.340976 1.068384
v -0.369272 -0.401473 1.036780
v -0.545323 -0.168034 1.068384
v -0.572536 -0.186217 1.068384
v -0.643632 -0.406077 1.048826
v -0.571686 -0.334130 1.086411
v -0.578532 -0.334980 1.068384
v -0.639028 -0.395477 1.036780
v -0.718190 -0.353494 1.020411
v -0.654395 -0.416839 1.029896
v -0.701377 -0.346534 1.029896
v -0.717876 -0.263597 1.029896
v -0.701377 -0.180660 1.029896
v -0.584089 -0.463822 1.029896
v -0.654395 -0.110349 1.029896
v -0.501152 -0.498514 1.020411
v -0.501152 -0.480315 1.029896
v -0.418216 -0.463822 1.029896
v -0.347910 -0.416839 1.029896
v -0.300927 -0.346534 1.029896
v -0.284429 -0.263597 1.029896
v -0.284115 -0.173694 1.020411
v -0.300927 -0.180660 1.029896
v -0.347910 -0.110349 1.029896
v -0.418216 -0.063372 1.029896
v -0.501152 -0.046873 1.029896
v -0.584089 -0.063372 1.029896
v -0.412182 -0.478392 1.031027
v -0.418216 -0.463822 1.029896
v -0.268320 -0.167151 1.019274
v -0.501152 -0.515614 1.019274
v -0.733648 -0.263597 1.031027
v -0.717876 -0.263597 1.029896
v -0.590123 -0.048802 1.031027
v -0.584089 -0.063372 1.029896
v -0.733984 -0.360037 1.019274
v 0.054858 -0.090763 0.896271
v 0.058677 -0.081766 0.885124
v 0.062539 -0.072612 0.889858
v 0.059159 -0.080564 0.898752
v 0.113009 0.046815 0.873934
v 0.119748 0.062664 0.876356
v 0.116519 0.055059 0.882855
v 0.110561 0.041047 0.880921
v 0.119222 0.062523 0.939500
v 0.112478 0.046663 0.942268
v 0.110095 0.040917 0.935470
v 0.116059 0.054934 0.933260
v 0.125424 0.076091 0.883608
v 0.129156 0.085050 0.894592
v 0.124839 0.074845 0.897409
v 0.121535 0.066926 0.888639
v 0.053472 -0.093937 0.909369
v 0.057935 -0.083369 0.909206
v 0.130374 0.088170 0.907635
v 0.125911 0.077602 0.907825
v 0.071032 -0.052463 0.874887
v 0.073453 -0.046711 0.881680
v 0.054723 -0.090806 0.922412
v 0.059040 -0.080602 0.919617
v 0.128907 0.084980 0.920753
v 0.124617 0.074786 0.918295
v 0.070626 -0.052582 0.943194
v 0.064001 -0.068425 0.940725
v 0.067240 -0.060821 0.934235
v 0.073096 -0.046819 0.936212
v 0.064354 -0.068317 0.877617
v 0.067554 -0.060723 0.883862
v 0.058417 -0.081847 0.933423
v 0.062306 -0.072683 0.928407
v 0.124996 0.075977 0.931944
v 0.121156 0.066829 0.927227
v -0.866427 0.097800 0.450485
v -1.058018 0.029239 0.453481
v -0.846933 0.094404 0.457441
v -0.228054 0.352244 0.340744
v -0.292743 0.285519 0.387634
v -0.277533 0.282453 0.398873
v -0.204146 0.358148 0.345678
v -0.603074 0.268744 0.346841
v -0.629598 0.263419 0.352600
v -0.641482 0.156331 0.452837
v -0.613549 0.174346 0.435195
v -0.198107 0.413683 0.276953
v -0.170179 0.427852 0.273314
v -0.710959 0.259070 0.338019
v -0.711625 0.251400 0.346105
v -0.644899 0.286483 0.322788
v -0.593589 0.252050 0.330359
v -0.593324 0.285064 0.293474
v -0.602803 0.302759 0.308835
v -0.603074 0.268744 0.346841
v -0.718764 0.244137 0.315280
v -0.710959 0.259070 0.338019
v -0.629289 0.302012 0.309479
v -0.639889 0.285605 0.287715
v -0.559368 0.334521 0.281379
v -0.551162 0.315894 0.266825
v -0.784314 0.221453 0.360128
v -0.396013 0.420491 0.161490
v -0.399518 0.442282 0.172854
v -0.724895 0.147783 0.441663
v -0.727197 0.132260 0.454970
v -0.450947 0.205620 0.447577
v -0.445601 0.217791 0.430564
v -0.399518 0.442282 0.172854
v -0.398673 0.460297 0.155218
v -0.229582 0.333097 0.324445
v -0.292375 0.268332 0.369955
v -0.292743 0.285519 0.387634
v -0.228054 0.352244 0.340744
v -0.613549 0.174346 0.435195
v -0.603756 0.160425 0.416124
v -0.445601 0.217791 0.430564
v -0.440737 0.202598 0.411622
v -0.200522 0.392732 0.262530
v -0.198107 0.413683 0.276953
v -0.613549 0.174346 0.435195
v -0.603756 0.160425 0.416124
v -0.396013 0.420491 0.161490
v -0.200522 0.392732 0.262530
v -0.198107 0.413683 0.276953
v -0.399518 0.442282 0.172854
v -0.990226 0.161650 0.364732
v -1.207274 0.082499 0.366445
v -1.193625 0.074645 0.357193
v -0.987014 0.149988 0.355562
v -1.207274 0.082499 0.366445
v -0.763552 0.130321 0.448362
v -0.654860 0.167456 0.439918
v -0.645149 0.254954 0.358016
v -0.720356 0.135136 0.420614
v -0.775750 0.203811 0.344610
v -0.784314 0.221453 0.360128
v -0.724895 0.147783 0.441663
v -1.973422 -0.083331 0.080531
v -1.984905 -0.077996 -0.000017
v -1.987093 -0.083228 -0.000017
v -1.979261 -0.088006 0.076300
v -2.138250 -0.270627 0.161112
v -2.052854 -0.177697 0.161080
v -2.061791 -0.182426 0.152164
v -2.137735 -0.265070 0.152191
v -1.629406 -0.120131 0.368112
v -1.443118 -0.165526 0.464920
v -1.433617 -0.150051 0.458194
v -1.259619 0.061126 0.366352
v -1.434690 -0.014320 0.367447
v -1.429712 -0.024915 0.352605
v -1.254641 0.050531 0.351516
v -1.257436 -0.068913 0.441880
v -1.428634 -0.160651 0.443358
v -1.433617 -0.150051 0.458194
v -1.262419 -0.058318 0.456715
v -1.720116 0.051761 0.079540
v -1.724373 0.058769 -0.000017
v -1.714926 0.041621 -0.000017
v -1.710675 0.034607 0.074871
v -1.943572 -0.094061 0.074908
v -1.951414 -0.089279 -0.000017
v -1.960861 -0.072130 -0.000017
v -1.953018 -0.076907 0.079578
v -1.688901 0.052535 0.160992
v -1.698926 0.044746 0.159091
v -1.953018 -0.076907 0.079578
v -1.960861 -0.072130 -0.000017
v -1.713312 0.060362 0.080488
v -1.720793 0.068194 -0.000017
v -1.724373 0.058769 -0.000017
v -1.720116 0.051761 0.079540
v -1.928243 -0.081690 0.159167
v -1.792198 -0.102576 0.270735
v -1.782751 -0.119730 0.261403
v -1.918797 -0.098839 0.149829
v -1.954496 -0.092783 0.152618
v -2.051034 -0.172465 0.152624
v -2.083018 -0.173927 0.080531
v -2.077358 -0.169090 0.076307
v -1.979261 -0.088006 0.076300
v -1.987093 -0.083228 -0.000017
v -1.980404 -0.091326 -0.000017
v -1.972571 -0.096103 0.074686
v -2.137735 -0.265070 0.152191
v -2.061791 -0.182426 0.152164
v -2.053856 -0.189722 0.148447
v -2.129795 -0.272360 0.148481
v -2.087909 -0.179073 0.076073
v -2.165143 -0.263120 0.076090
v -2.175613 -0.261170 -0.000017
v -2.184550 -0.266245 -0.000017
v -2.169866 -0.268439 0.080547
v -2.079969 -0.186369 0.074216
v -2.053856 -0.189722 0.148447
v -2.061791 -0.182426 0.152164
v -2.087909 -0.179073 0.076073
v -2.157202 -0.270410 0.074231
v -2.167677 -0.268466 -0.000017
v -2.175613 -0.261170 -0.000017
v -2.165143 -0.263120 0.076090
v -2.134740 -0.281113 0.145512
v -2.168485 -0.342466 0.145556
v -2.179621 -0.336318 0.150604
v -2.145876 -0.274966 0.150560
v -2.184550 -0.266245 -0.000017
v -2.182210 -0.271158 -0.000017
v -2.172509 -0.273065 0.075271
v -2.172509 -0.273065 0.075271
v -2.182210 -0.271158 -0.000017
v -2.171074 -0.277300 -0.000017
v -2.161373 -0.279207 0.072748
v -0.398673 0.460297 0.155218
v -0.417154 0.438485 0.138731
v -1.698926 0.044746 0.159091
v -1.689486 0.027598 0.149759
v -2.096251 -0.170157 -0.000017
v -2.086756 -0.165721 -0.000017
v -2.097090 -0.175720 -0.000017
v -2.089155 -0.183016 -0.000017
v -2.097090 -0.175720 -0.000017
v -2.129795 -0.272360 0.148481
v -2.137735 -0.265070 0.152191
v -2.145876 -0.274966 0.150560
v -2.145876 -0.274966 0.150560
v -2.134740 -0.281113 0.145512
v 0.610906 0.047238 0.305482
v 0.379397 0.233732 0.350433
v 0.346172 0.233732 0.333252
v 0.533657 0.046241 0.333252
v 0.533657 0.079466 0.350433
v 0.474623 0.091209 0.350433
v 0.461911 0.060513 0.333252
v 0.461911 0.406945 0.333252
v 0.474623 0.376250 0.350433
v 0.390923 0.090992 0.305482
v 0.456413 0.047238 0.305482
v 0.533657 0.031871 0.305482
v 0.391139 0.292766 0.350433
v 0.360438 0.305478 0.333252
v 0.401084 0.366305 0.333252
v 0.424580 0.342809 0.350433
v 0.574762 0.134491 0.350433
v 0.533657 0.126318 0.350433
v 0.492552 0.134491 0.350433
v 0.457707 0.157777 0.350433
v 0.434422 0.192626 0.350433
v 0.426243 0.233732 0.350433
v 0.434422 0.274837 0.350433
v 0.609612 0.157777 0.350433
v 0.632897 0.192626 0.350433
v 0.641071 0.233732 0.350433
v 0.632897 0.274837 0.350433
v 0.676181 0.292766 0.350433
v 0.609612 0.309681 0.350433
v 0.574762 0.332967 0.350433
v 0.533657 0.341146 0.350433
v 0.492552 0.332967 0.350433
v 0.457707 0.309681 0.350433
v 0.706876 0.305478 0.333252
v 0.438934 -0.070072 0.140730
v 0.431383 -0.059976 0.161448
v 0.438625 -0.100550 0.126078
v 0.430577 -0.139760 0.123104
v 0.201038 -0.056823 0.320908
v 0.159445 -0.064135 0.333973
v 0.122840 -0.088645 0.346338
v 0.105199 -0.120992 0.353281
v -0.014559 -0.346891 0.379958
v -0.022759 -0.364857 0.378864
v -0.010914 -0.383999 0.371411
v 0.016455 -0.396999 0.360454
v 0.262812 -0.409364 0.140237
v 0.238081 -0.427006 0.147674
v 0.214064 -0.439772 0.167601
v 0.199933 -0.442795 0.192407
v -0.990892 -0.532584 0.869758
v -0.959656 -0.513951 0.830581
v -0.950615 -0.508556 0.850909
v -0.974058 -0.522541 0.880315
v -1.062460 -0.466356 0.969290
v -1.076846 -0.474936 0.912104
v -1.001546 -0.538937 0.912104
v -0.990892 -0.532584 0.954455
v -1.062460 -0.466356 0.854922
v -0.990892 -0.532584 0.869758
v -1.020282 -0.441197 0.802020
v -0.959656 -0.513951 0.830581
v -0.953194 -0.401180 0.760059
v -0.909970 -0.484312 0.799506
v -0.953194 -0.401180 1.064155
v -1.020282 -0.441197 1.022193
v -0.959656 -0.513951 0.993633
v -0.909970 -0.484312 1.024712
v -0.909970 -0.484312 0.799506
v -0.913318 -0.486311 0.827580
v -0.909970 -0.484312 1.024712
v -0.959656 -0.513951 0.993633
v -0.950615 -0.508556 0.973304
v -0.913318 -0.486311 0.996632
v -0.990892 -0.532584 0.954455
v -0.974058 -0.522541 0.943899
v -1.001546 -0.538937 0.912104
v -0.982058 -0.527313 0.912104
v -0.974058 -0.522541 0.943899
v -0.982058 -0.527313 0.912104
v -0.987393 -0.489116 0.912104
v -0.981148 -0.485395 0.936921
v -0.974058 -0.522541 0.880315
v -0.981148 -0.485395 0.887291
v -0.950615 -0.508556 0.850909
v -0.962846 -0.474476 0.864330
v -0.913318 -0.486311 0.827580
v -0.933727 -0.457105 0.846120
v -0.913318 -0.486311 0.996632
v -0.950615 -0.508556 0.973304
v -0.962846 -0.474476 0.959882
v -0.933727 -0.457105 0.978097
v -0.628981 -0.245452 0.969566
v -0.628986 -0.245452 0.818339
v -0.865674 -0.245452 0.818339
v -0.865674 -0.245452 0.969566
v -0.865674 -0.405757 0.818339
v -0.628986 -0.405757 0.818339
v -0.628986 -0.419125 0.828235
v -0.865674 -0.419125 0.828235
v -0.865674 -0.245452 0.969566
v -0.865674 -0.245452 0.818339
v -0.865674 -0.405757 0.818339
v -0.865674 -0.405757 0.969566
v -0.865674 -0.419125 0.959677
v -0.865674 -0.419125 0.828235
v -0.865674 -0.425495 0.941098
v -0.865674 -0.425495 0.846814
v -0.865674 -0.428885 0.911995
v -0.865674 -0.428885 0.875916
v -0.628981 -0.405757 0.969566
v -0.865674 -0.405757 0.969566
v -0.865674 -0.419125 0.959677
v -0.628981 -0.419125 0.959677
v -0.628981 -0.245452 0.969566
v -0.865674 -0.245452 0.969566
v -0.628981 -0.405757 0.969566
v -0.628986 -0.405757 0.818339
v -0.628986 -0.245452 0.818339
v -0.628981 -0.245452 0.969566
v -0.628981 -0.419125 0.959677
v -0.628986 -0.419125 0.828235
v -0.628981 -0.425495 0.941098
v -0.628981 -0.425495 0.846814
v -0.628981 -0.428885 0.911995
v -0.628981 -0.428885 0.875916
v -0.864710 -0.457316 0.944597
v -0.864710 -0.457316 0.879616
v -0.845216 -0.445693 0.868820
v -0.845216 -0.445693 0.955392
v -0.865674 -0.428885 0.911995
v -0.865674 -0.428885 0.875916
v -0.628981 -0.428885 0.875916
v -0.628981 -0.428885 0.911995
v -0.628981 -0.425495 0.846814
v -0.865674 -0.425495 0.846814
v -0.865674 -0.425495 0.941098
v -0.628981 -0.425495 0.941098
v -0.895779 -0.434470 0.937469
v -0.895779 -0.434470 0.886738
v -0.864710 -0.457316 0.879616
v -0.864710 -0.457316 0.944597
v -0.845216 -0.445693 0.955392
v -0.845216 -0.445693 0.868820
v -0.865756 -0.349025 0.853659
v -0.865756 -0.349025 0.970553
v -0.865674 -0.245452 0.818339
v -0.628986 -0.245452 0.818339
v -0.892752 -0.365128 0.743955
v -0.865214 -0.457620 0.787579
v -0.864710 -0.457316 0.834697
v -0.845216 -0.445693 0.808985
v -0.845216 -0.445693 0.808985
v -0.865756 -0.349025 0.772863
v -0.865214 -0.457620 0.787579
v -0.879720 -0.466270 0.818632
v -0.892752 -0.365128 0.743955
v -0.953194 -0.401180 0.760059
v -0.865756 -0.349025 0.772863
v -1.020282 -0.441197 0.802020
v -0.865756 -0.349025 0.853659
v -1.062460 -0.466356 0.854922
v -0.865756 -0.349025 0.970553
v -1.076846 -0.474936 0.912104
v -1.062460 -0.466356 0.969290
v -1.020282 -0.441197 1.022193
v -0.865756 -0.349025 1.051350
v -0.953194 -0.401180 1.064155
v -0.892752 -0.365128 1.080252
v -0.892752 -0.365128 1.080252
v -0.865214 -0.457620 1.036633
v -0.845216 -0.445693 1.015227
v -0.865756 -0.349025 1.051350
v -0.865214 -0.457620 1.036633
v -0.879720 -0.466270 1.005580
v -0.864710 -0.457316 0.989516
v -0.845216 -0.445693 1.015227
v -0.879720 -0.466270 1.005580
v -0.907495 -0.441462 0.985085
v -0.895779 -0.434470 0.972540
v -0.864710 -0.457316 0.989516
v -0.895779 -0.434470 0.851672
v -0.864710 -0.457316 0.834697
v -0.879720 -0.466270 0.818632
v -0.907501 -0.441462 0.839133
v -0.895779 -0.434470 0.851672
v -0.933727 -0.457105 0.846120
v -0.907501 -0.441462 0.839133
v -0.962846 -0.474476 0.864330
v -0.895779 -0.434470 0.886738
v -0.981148 -0.485395 0.887291
v -0.895779 -0.434470 0.937469
v -0.987393 -0.489116 0.912104
v -0.981148 -0.485395 0.936921
v -0.962846 -0.474476 0.959882
v -0.895779 -0.434470 0.972540
v -0.933727 -0.457105 0.978097
v -0.907495 -0.441462 0.985085
v -0.865214 -0.457620 0.787579
v -0.892752 -0.365128 0.743955
v -0.892752 -0.365128 1.080252
v -0.865214 -0.457620 1.036633
v -0.879720 -0.466270 1.005580
v -0.907495 -0.441462 0.985085
v -0.907501 -0.441462 0.839133
v -0.879720 -0.466270 0.818632
v 0.124617 0.074786 0.918295
v 0.121156 0.066829 0.927227
v 0.069824 0.057134 0.924631
v 0.072803 0.063991 0.916941
v 0.062539 -0.072612 0.889858
v 0.067554 -0.060723 0.883862
v 0.023670 -0.052685 0.887296
v 0.019353 -0.062922 0.892458
v 0.062306 -0.072683 0.928407
v 0.059040 -0.080602 0.919617
v 0.016342 -0.069801 0.918084
v 0.019153 -0.062982 0.925650
v 0.116059 0.054934 0.933260
v 0.065431 0.046896 0.929827
v 0.059159 -0.080564 0.898752
v 0.016444 -0.069769 0.900117
v 0.110561 0.041047 0.880921
v 0.116519 0.055059 0.882855
v 0.065826 0.047005 0.886430
v 0.060703 0.034937 0.884761
v 0.121535 0.066926 0.888639
v 0.124839 0.074845 0.897409
v 0.072992 0.064039 0.898957
v 0.070149 0.057226 0.891413
v 0.073453 -0.046711 0.881680
v 0.028751 -0.040617 0.885417
v 0.057935 -0.083369 0.909206
v 0.015389 -0.072184 0.909114
v 0.125911 0.077602 0.907825
v 0.073919 0.066412 0.907927
v 0.110095 0.040917 0.935470
v 0.060296 0.034829 0.931728
v 0.073096 -0.046819 0.936212
v 0.067240 -0.060821 0.934235
v 0.023399 -0.052766 0.930666
v 0.028442 -0.040709 0.932367
v 0.028751 -0.040617 0.885417
v 0.060703 0.034937 0.884761
v 0.044653 -0.002886 0.908567
v 0.019153 -0.062982 0.925650
v 0.016342 -0.069801 0.918084
v 0.060296 0.034829 0.931728
v 0.028442 -0.040709 0.932367
v 0.023670 -0.052685 0.887296
v 0.065826 0.047005 0.886430
v 0.015389 -0.072184 0.909114
v 0.070149 0.057226 0.891413
v 0.072992 0.064039 0.898957
v 0.019353 -0.062922 0.892458
v 0.065431 0.046896 0.929827
v 0.073919 0.066412 0.907927
v 0.072803 0.063991 0.916941
v 0.023399 -0.052766 0.930666
v 0.016444 -0.069769 0.900117
v 0.069824 0.057134 0.924631
v -0.174068 0.030002 0.852550
v -0.045655 0.036047 0.868166
v -0.077590 -0.069379 0.868166
v -0.198064 -0.098118 0.852550
v -0.170239 0.050460 0.856954
v -0.040531 0.052887 0.871372
v -0.036236 0.067154 0.940269
v -0.166989 0.067809 0.951314
v -0.170239 0.050460 0.963852
v -0.040558 0.052882 0.949423
v -0.033344 0.076692 0.926566
v -0.164817 0.079401 0.932545
v -0.077590 -0.069379 0.952640
v -0.045655 0.036047 0.952640
v -0.174068 0.030002 0.968256
v -0.198064 -0.098118 0.968256
v -0.089902 -0.110024 0.894240
v -0.090915 -0.113371 0.910403
v -0.208078 -0.151590 0.910403
v -0.207320 -0.147517 0.888261
v -0.207320 -0.147517 0.932545
v -0.089902 -0.110024 0.926566
v -0.087015 -0.100485 0.880537
v -0.205148 -0.135925 0.869492
v -0.082693 -0.086213 0.871382
v -0.201898 -0.118582 0.856954
v -0.032303 0.080045 0.910393
v -0.164054 0.083468 0.910403
v -0.033294 0.076703 0.894224
v -0.164817 0.079401 0.888261
v -0.205148 -0.135925 0.951314
v -0.087015 -0.100485 0.940269
v -0.201898 -0.118582 0.963852
v -0.082693 -0.086213 0.949423
v -0.166989 0.067809 0.869492
v -0.036181 0.067165 0.880520
v -0.205148 -0.135925 0.869492
v -0.220780 -0.162401 0.858860
v -0.172129 0.114012 0.910403
v -0.173029 0.108888 0.938298
v -0.164817 0.079401 0.932545
v -0.164054 0.083468 0.910403
v -0.077590 -0.069379 0.952640
v -0.069753 -0.078554 0.963614
v -0.179447 0.072430 0.843060
v -0.175601 0.094285 0.858860
v -0.166989 0.067809 0.869492
v -0.170239 0.050460 0.856954
v -0.173029 0.108888 0.882508
v -0.164817 0.079401 0.888261
v -0.175601 0.094285 0.961946
v -0.179447 0.072430 0.977746
v -0.170239 0.050460 0.963852
v -0.166989 0.067809 0.951314
v -0.183980 0.046653 0.837508
v -0.174068 0.030002 0.852550
v -0.683270 -0.445714 0.813112
v -0.683270 -0.445714 0.847199
v -0.739103 -0.362160 0.847199
v -0.739103 -0.362160 0.813112
v -0.758705 -0.263597 0.847199
v -0.758705 -0.263597 0.813112
v -0.739103 -0.165033 0.847199
v -0.739103 -0.165033 0.813113
v -0.599716 -0.501547 0.813112
v -0.599716 -0.501547 0.847199
v -0.683270 -0.081479 0.847199
v -0.683270 -0.081479 0.813113
v -0.501152 -0.521149 0.813112
v -0.501152 -0.521149 0.847199
v -0.402589 -0.501547 0.813112
v -0.402589 -0.501547 0.847199
v -0.319035 -0.445714 0.813112
v -0.319035 -0.445714 0.847199
v -0.263202 -0.362160 0.813112
v -0.263202 -0.362160 0.847199
v -0.243600 -0.263597 0.813112
v -0.243600 -0.263597 0.847199
v -0.263202 -0.165033 0.813113
v -0.263202 -0.165033 0.847199
v -0.319035 -0.081479 0.813113
v -0.319035 -0.081479 0.847199
v -0.402589 -0.025646 0.813113
v -0.402589 -0.025646 0.847199
v -0.501152 -0.006039 0.813113
v -0.501152 -0.006039 0.847199
v -0.599716 -0.025646 0.813113
v -0.599716 -0.025646 0.847199
v -0.657124 -0.419569 0.856335
v -0.683270 -0.445714 0.847199
v -0.501152 -0.006039 0.974463
v -0.501152 -0.043017 0.965325
v -0.501152 -0.484171 0.856335
v -0.501152 -0.484171 0.965325
v -0.585562 -0.467380 0.965325
v -0.585562 -0.467380 0.856335
v -0.721726 -0.263597 0.856335
v -0.721726 -0.263597 0.965325
v -0.704941 -0.179187 0.965325
v -0.704941 -0.179187 0.856335
v -0.263202 -0.362160 0.974463
v -0.297363 -0.348007 0.965325
v -0.297363 -0.348007 0.856335
v -0.297363 -0.348007 0.965325
v -0.345180 -0.419569 0.965325
v -0.345180 -0.419569 0.856335
v -0.585562 -0.059808 0.856335
v -0.599716 -0.025646 0.847199
v -0.683270 -0.445714 0.974463
v -0.657124 -0.419569 0.965325
v -0.657124 -0.419569 0.856335
v -0.657124 -0.419569 0.965325
v -0.704941 -0.348007 0.965325
v -0.704941 -0.348007 0.856335
v -0.297363 -0.179187 0.856335
v -0.297363 -0.179187 0.965325
v -0.280578 -0.263597 0.965325
v -0.280578 -0.263597 0.856335
v -0.416742 -0.467380 0.856335
v -0.416742 -0.467380 0.965325
v -0.416742 -0.059808 0.856335
v -0.416742 -0.059808 0.965325
v -0.345180 -0.107624 0.965325
v -0.345180 -0.107624 0.856335
v -0.657124 -0.107624 0.965325
v -0.657124 -0.107624 0.856335
v -0.501152 -0.043017 0.856335
v -0.501152 -0.043017 0.965325
v -0.585562 -0.059808 0.965325
v -0.585562 -0.059808 0.856335
v -0.658462 -0.420907 0.792920
v -0.683270 -0.445714 0.813112
v -0.739103 -0.362160 0.813112
v -0.706691 -0.348733 0.792920
v -0.758705 -0.263597 0.813112
v -0.723622 -0.263597 0.792920
v -0.739103 -0.165033 0.813113
v -0.706691 -0.178461 0.792920
v -0.586288 -0.469135 0.792920
v -0.599716 -0.501547 0.813112
v -0.683270 -0.081479 0.813113
v -0.658462 -0.106286 0.792920
v -0.501152 -0.486067 0.792920
v -0.501152 -0.521149 0.813112
v -0.416016 -0.469135 0.792920
v -0.402589 -0.501547 0.813112
v -0.343842 -0.420907 0.792920
v -0.319035 -0.445714 0.813112
v -0.295614 -0.348733 0.792920
v -0.263202 -0.362160 0.813112
v -0.278682 -0.263597 0.792920
v -0.243600 -0.263597 0.813112
v -0.295614 -0.178461 0.792920
v -0.263202 -0.165033 0.813113
v -0.343842 -0.106286 0.792920
v -0.319035 -0.081479 0.813113
v -0.416016 -0.058058 0.792920
v -0.402589 -0.025646 0.813113
v -0.501152 -0.041126 0.792920
v -0.501152 -0.006039 0.813113
v -0.586288 -0.058058 0.792920
v -0.599716 -0.025646 0.813113
v -0.626408 -0.263543 0.680344
v -0.602467 -0.263597 0.689373
v -0.594754 -0.224826 0.689373
v -0.616875 -0.215618 0.680344
v -0.572790 -0.191953 0.689373
v -0.589728 -0.174994 0.680344
v -0.539923 -0.169995 0.689373
v -0.549099 -0.147847 0.680344
v -0.586288 -0.469135 0.792920
v -0.658462 -0.420907 0.792920
v -0.650397 -0.412842 0.809435
v -0.581922 -0.458595 0.809435
v -0.501152 -0.162282 0.689373
v -0.501179 -0.138314 0.680344
v -0.462381 -0.169995 0.689373
v -0.453255 -0.147847 0.680344
v -0.343842 -0.420907 0.792920
v -0.416016 -0.469135 0.792920
v -0.420382 -0.458595 0.809435
v -0.351907 -0.412842 0.809435
v -0.295614 -0.178461 0.792920
v -0.278682 -0.263597 0.792920
v -0.290089 -0.263597 0.809435
v -0.306154 -0.182826 0.809435
v -0.501152 -0.041126 0.792920
v -0.416016 -0.058058 0.792920
v -0.420382 -0.068599 0.809435
v -0.501152 -0.052534 0.809435
v -0.429514 -0.191953 0.689373
v -0.412631 -0.174994 0.680344
v -0.407551 -0.224826 0.689373
v -0.385483 -0.215618 0.680344
v -0.706691 -0.178461 0.792920
v -0.658462 -0.106286 0.792920
v -0.650397 -0.114352 0.809435
v -0.696150 -0.182826 0.809435
v -0.399837 -0.263597 0.689373
v -0.375950 -0.263543 0.680344
v -0.407551 -0.302368 0.689373
v -0.385483 -0.311462 0.680344
v -0.712215 -0.263597 0.809435
v -0.696150 -0.182826 0.809435
v -0.594754 -0.224826 0.753591
v -0.602467 -0.263597 0.753591
v -0.586288 -0.058058 0.792920
v -0.581922 -0.068599 0.809435
v -0.343842 -0.106286 0.792920
v -0.351907 -0.114352 0.809435
v -0.295614 -0.348733 0.792920
v -0.306154 -0.344367 0.809435
v -0.501152 -0.486067 0.792920
v -0.501152 -0.474660 0.809435
v -0.706691 -0.348733 0.792920
v -0.696150 -0.344367 0.809435
v -0.723622 -0.263597 0.792920
v -0.712215 -0.263597 0.809435
v -0.420382 -0.458595 0.809435
v -0.501152 -0.474660 0.809435
v -0.501152 -0.364912 0.753591
v -0.462381 -0.357199 0.753591
v -0.650397 -0.412842 0.809435
v -0.696150 -0.344367 0.809435
v -0.594754 -0.302368 0.753591
v -0.572790 -0.335235 0.753591
v -0.306154 -0.344367 0.809435
v -0.351907 -0.412842 0.809435
v -0.429514 -0.335235 0.753591
v -0.407551 -0.302368 0.753591
v -0.420382 -0.068599 0.809435
v -0.351907 -0.114352 0.809435
v -0.429514 -0.191953 0.753591
v -0.462381 -0.169995 0.753591
v -0.581922 -0.458595 0.809435
v -0.539923 -0.357199 0.753591
v -0.429514 -0.335235 0.689373
v -0.412631 -0.352091 0.680344
v -0.462381 -0.357199 0.689373
v -0.453255 -0.379238 0.680344
v -0.290089 -0.263597 0.809435
v -0.399837 -0.263597 0.753591
v -0.501152 -0.364912 0.689373
v -0.501179 -0.388771 0.680344
v -0.539923 -0.357199 0.689373
v -0.549099 -0.379238 0.680344
v -0.306154 -0.182826 0.809435
v -0.407551 -0.224826 0.753591
v -0.581922 -0.068599 0.809435
v -0.501152 -0.052534 0.809435
v -0.501152 -0.162282 0.753591
v -0.539923 -0.169995 0.753591
v -0.650397 -0.114352 0.809435
v -0.572790 -0.191953 0.753591
v -0.572790 -0.335235 0.689373
v -0.589728 -0.352091 0.680344
v -0.594754 -0.302368 0.689373
v -0.616875 -0.311462 0.680344
v 1.328977 0.321137 0.294335
v 1.631351 0.321137 0.294335
v 1.631351 0.372409 0.309176
v 1.328977 0.372409 0.309176
v 1.638122 0.312195 0.313504
v 1.638122 0.370064 0.329006
v 1.631351 0.372409 0.309176
v 1.631351 0.321137 0.294335
v 1.328977 0.321137 0.294335
v 1.328977 0.372409 0.309176
v 1.322207 0.370064 0.329006
v 1.322207 0.312195 0.313504
v 1.638122 0.370064 0.329006
v 1.322207 0.370064 0.329006
v 1.328977 0.372409 0.309176
v 1.631351 0.372409 0.309176
v 1.631351 0.321137 0.294335
v 1.328977 0.321137 0.294335
v 1.322207 0.312195 0.313504
v 1.638122 0.312195 0.313504
v -0.573381 -0.263597 1.144589
v -0.587464 -0.263597 1.144589
v -0.473512 -0.330322 1.144589
v -0.501152 -0.335820 1.144589
v -0.501152 -0.349908 1.144589
v -0.468122 -0.343338 1.144589
v -0.450080 -0.212525 1.144589
v -0.434421 -0.235957 1.144589
v -0.421411 -0.230567 1.144589
v -0.440119 -0.202564 1.144589
v -0.549597 -0.215152 1.126444
v -0.527368 -0.200300 1.126444
v -0.528792 -0.196866 1.144589
v -0.552224 -0.212525 1.144589
v -0.473512 -0.196866 1.144589
v -0.468122 -0.183856 1.144589
v -0.450080 -0.314669 1.144589
v -0.440119 -0.324629 1.144589
v -0.567877 -0.291237 1.144589
v -0.580893 -0.296626 1.144589
v -0.501152 -0.191368 1.144589
v -0.501152 -0.177285 1.144589
v -0.434421 -0.291237 1.144589
v -0.421411 -0.296626 1.144589
v -0.552224 -0.314669 1.144589
v -0.562185 -0.324629 1.144589
v -0.528792 -0.196866 1.144589
v -0.534182 -0.183856 1.144589
v -0.428924 -0.263597 1.144589
v -0.414841 -0.263597 1.144589
v -0.528792 -0.330322 1.144589
v -0.534182 -0.343338 1.144589
v -0.549597 -0.312042 1.126444
v -0.564449 -0.289812 1.126444
v -0.567877 -0.291237 1.144589
v -0.552224 -0.314669 1.144589
v -0.437856 -0.237376 1.126444
v -0.432640 -0.263597 1.126444
v -0.428924 -0.263597 1.144589
v -0.434421 -0.235957 1.144589
v -0.564449 -0.237376 1.126444
v -0.567877 -0.235957 1.144589
v -0.452707 -0.215152 1.126444
v -0.450080 -0.212525 1.144589
v -0.569665 -0.263597 1.126444
v -0.573381 -0.263597 1.144589
v -0.474931 -0.326894 1.126444
v -0.501152 -0.332110 1.126444
v -0.501152 -0.335820 1.144589
v -0.473512 -0.330322 1.144589
v -0.474931 -0.200300 1.126444
v -0.473512 -0.196866 1.144589
v -0.452707 -0.312042 1.126444
v -0.450080 -0.314669 1.144589
v -0.501152 -0.195084 1.126444
v -0.501152 -0.191368 1.144589
v -0.527368 -0.326894 1.126444
v -0.528792 -0.330322 1.144589
v -0.437856 -0.289812 1.126444
v -0.434421 -0.291237 1.144589
v -0.501152 -0.263597 1.126444
v -0.437856 -0.289812 1.126444
v -0.432640 -0.263597 1.126444
v -0.564449 -0.289812 1.126444
v -0.549597 -0.312042 1.126444
v -0.527368 -0.200300 1.126444
v -0.549597 -0.215152 1.126444
v -0.437856 -0.237376 1.126444
v -0.569665 -0.263597 1.126444
v -0.564449 -0.237376 1.126444
v -0.452707 -0.215152 1.126444
v -0.501152 -0.332110 1.126444
v -0.474931 -0.326894 1.126444
v -0.474931 -0.200300 1.126444
v -0.452707 -0.312042 1.126444
v -0.527368 -0.326894 1.126444
v -0.501152 -0.195084 1.126444
v 0.545086 0.355965 0.431394
v 0.522228 0.355965 0.431394
v 0.522228 0.309324 0.403953
v 0.545086 0.309324 0.403953
v 0.545086 0.355965 0.213922
v 0.545086 0.309324 0.213922
v 0.522228 0.309324 0.213922
v 0.522228 0.355965 0.213922
v 0.545086 0.355965 0.431394
v 0.545086 0.355965 0.213922
v 0.545086 0.402606 0.213922
v 0.545086 0.402606 0.362051
v 0.545086 0.309324 0.213922
v 0.545086 0.309324 0.403953
v 0.522228 0.309324 0.403953
v 0.522228 0.309324 0.213922
v 0.545086 0.402606 0.362051
v 0.545086 0.402606 0.213922
v 0.522228 0.402606 0.213922
v 0.522228 0.402606 0.362051
v 0.522228 0.355965 0.431394
v 0.522228 0.355965 0.213922
v 0.522228 0.309324 0.213922
v 0.522228 0.309324 0.403953
v 0.522228 0.355965 0.431394
v 0.545086 0.355965 0.431394
v 0.545086 0.402606 0.213922
v 0.522228 0.402606 0.213922
v 0.545086 0.309324 0.403953
v 0.545086 0.309324 0.213922
v 0.522228 0.402606 0.362051
v 0.522228 0.402606 0.213922
v 0.522228 0.064852 0.213922
v 0.522228 0.111493 0.213922
v 0.545086 0.111493 0.213922
v 0.545086 0.064852 0.213922
v 0.522228 0.158140 0.213922
v 0.522228 0.158140 0.403953
v 0.545086 0.158140 0.403953
v 0.545086 0.158140 0.213922
v 0.522228 0.111493 0.431394
v 0.522228 0.111493 0.213922
v 0.522228 0.064852 0.213922
v 0.522228 0.064852 0.362051
v 0.522228 0.064852 0.362051
v 0.545086 0.064852 0.362051
v 0.545086 0.111493 0.431394
v 0.522228 0.111493 0.431394
v 0.545086 0.111493 0.431394
v 0.545086 0.111493 0.213922
v 0.545086 0.158140 0.213922
v 0.545086 0.158140 0.403953
v 0.522228 0.158140 0.213922
v 0.545086 0.158140 0.213922
v 0.522228 0.064852 0.213922
v 0.545086 0.064852 0.213922
v 0.522228 0.111493 0.431394
v 0.545086 0.111493 0.431394
v 0.545086 0.158140 0.403953
v 0.522228 0.158140 0.403953
v 0.522228 0.158140 0.403953
v 0.522228 0.158140 0.213922
v 0.545086 0.064852 0.362051
v 0.545086 0.064852 0.213922
v 0.655890 0.222303 0.431394
v 0.655890 0.245161 0.431394
v 0.609249 0.245161 0.403953
v 0.609249 0.222303 0.403953
v 0.655890 0.222303 0.213922
v 0.609249 0.222303 0.213922
v 0.609249 0.245161 0.213922
v 0.655890 0.245161 0.213922
v 0.655890 0.222303 0.431394
v 0.655890 0.222303 0.213922
v 0.702537 0.222303 0.213922
v 0.702537 0.222303 0.362051
v 0.609249 0.222303 0.213922
v 0.609249 0.222303 0.403953
v 0.609249 0.245161 0.403953
v 0.609249 0.245161 0.213922
v 0.702537 0.222303 0.362051
v 0.702537 0.222303 0.213922
v 0.702537 0.245161 0.213922
v 0.702537 0.245161 0.362051
v 0.655890 0.245161 0.431394
v 0.655890 0.245161 0.213922
v 0.609249 0.245161 0.213922
v 0.609249 0.245161 0.403953
v 0.655890 0.245161 0.431394
v 0.655890 0.222303 0.431394
v 0.702537 0.222303 0.213922
v 0.702537 0.245161 0.213922
v 0.609249 0.222303 0.403953
v 0.609249 0.222303 0.213922
v 0.702537 0.245161 0.362051
v 0.702537 0.245161 0.213922
v 0.364783 0.245161 0.213922
v 0.411424 0.245161 0.213922
v 0.411424 0.222303 0.213922
v 0.364783 0.222303 0.213922
v 0.458065 0.245161 0.213922
v 0.458065 0.245161 0.403953
v 0.458065 0.222303 0.403953
v 0.458065 0.222303 0.213922
v 0.411424 0.245161 0.431394
v 0.411424 0.245161 0.213922
v 0.364783 0.245161 0.213922
v 0.364783 0.245161 0.362051
v 0.364783 0.245161 0.362051
v 0.364783 0.222303 0.362051
v 0.411424 0.222303 0.431394
v 0.411424 0.245161 0.431394
v 0.411424 0.222303 0.431394
v 0.411424 0.222303 0.213922
v 0.458065 0.222303 0.213922
v 0.458065 0.222303 0.403953
v 0.458065 0.245161 0.213922
v 0.458065 0.222303 0.213922
v 0.364783 0.245161 0.213922
v 0.364783 0.222303 0.213922
v 0.411424 0.245161 0.431394
v 0.411424 0.222303 0.431394
v 0.458065 0.222303 0.403953
v 0.458065 0.245161 0.403953
v 0.458065 0.245161 0.403953
v 0.458065 0.245161 0.213922
v 0.364783 0.222303 0.362051
v 0.364783 0.222303 0.213922
v 0.628174 0.312081 0.431394
v 0.612012 0.328244 0.431394
v 0.579030 0.295263 0.403953
v 0.595193 0.279100 0.403953
v 0.628174 0.312081 0.213922
v 0.595193 0.279100 0.213922
v 0.579030 0.295263 0.213922
v 0.612012 0.328244 0.213922
v 0.628174 0.312081 0.431394
v 0.628174 0.312081 0.213922
v 0.661155 0.345062 0.213922
v 0.661155 0.345062 0.362051
v 0.595193 0.279100 0.213922
v 0.595193 0.279100 0.403953
v 0.579030 0.295263 0.403953
v 0.579030 0.295263 0.213922
v 0.661155 0.345062 0.362051
v 0.661155 0.345062 0.213922
v 0.644992 0.361225 0.213922
v 0.644992 0.361224 0.362051
v 0.612012 0.328244 0.431394
v 0.612012 0.328244 0.213922
v 0.579030 0.295263 0.213922
v 0.579030 0.295263 0.403953
v 0.612012 0.328244 0.431394
v 0.628174 0.312081 0.431394
v 0.661155 0.345062 0.213922
v 0.644992 0.361225 0.213922
v 0.595193 0.279100 0.403953
v 0.595193 0.279100 0.213922
v 0.644992 0.361224 0.362051
v 0.644992 0.361225 0.213922
v 0.406164 0.122397 0.213922
v 0.439145 0.155377 0.213922
v 0.455308 0.139215 0.213922
v 0.422327 0.106234 0.213922
v 0.472126 0.188358 0.213922
v 0.472126 0.188358 0.403953
v 0.488289 0.172195 0.403953
v 0.488289 0.172195 0.213922
v 0.439145 0.155377 0.431394
v 0.439145 0.155377 0.213922
v 0.406164 0.122397 0.213922
v 0.406164 0.122397 0.362051
v 0.406164 0.122397 0.362051
v 0.422327 0.106234 0.362051
v 0.455308 0.139215 0.431394
v 0.439145 0.155377 0.431394
v 0.455308 0.139215 0.431394
v 0.455308 0.139215 0.213922
v 0.488289 0.172195 0.213922
v 0.488289 0.172195 0.403953
v 0.472126 0.188358 0.213922
v 0.488289 0.172195 0.213922
v 0.406164 0.122397 0.213922
v 0.422327 0.106234 0.213922
v 0.439145 0.155377 0.431394
v 0.455308 0.139215 0.431394
v 0.488289 0.172195 0.403953
v 0.472126 0.188358 0.403953
v 0.472126 0.188358 0.403953
v 0.472126 0.188358 0.213922
v 0.422327 0.106234 0.362051
v 0.422327 0.106234 0.213922
v 0.612012 0.139215 0.431394
v 0.628174 0.155377 0.431394
v 0.595193 0.188358 0.403953
v 0.579030 0.172195 0.403953
v 0.612012 0.139215 0.213922
v 0.579030 0.172195 0.213922
v 0.595193 0.188358 0.213922
v 0.628174 0.155377 0.213922
v 0.612012 0.139215 0.431394
v 0.612012 0.139215 0.213922
v 0.644992 0.106234 0.213922
v 0.644992 0.106234 0.362051
v 0.579030 0.172195 0.213922
v 0.579030 0.172195 0.403953
v 0.595193 0.188358 0.403953
v 0.595193 0.188358 0.213922
v 0.644992 0.106234 0.362051
v 0.644992 0.106234 0.213922
v 0.661155 0.122397 0.213922
v 0.661155 0.122397 0.362051
v 0.628174 0.155377 0.431394
v 0.628174 0.155377 0.213922
v 0.595193 0.188358 0.213922
v 0.595193 0.188358 0.403953
v 0.628174 0.155377 0.431394
v 0.612012 0.139215 0.431394
v 0.644992 0.106234 0.213922
v 0.661155 0.122397 0.213922
v 0.579030 0.172195 0.403953
v 0.579030 0.172195 0.213922
v 0.661155 0.122397 0.362051
v 0.661155 0.122397 0.213922
v 0.422327 0.361225 0.213922
v 0.455308 0.328244 0.213922
v 0.439145 0.312081 0.213922
v 0.406164 0.345062 0.213922
v 0.488289 0.295263 0.213922
v 0.488289 0.295263 0.403953
v 0.472126 0.279100 0.403953
v 0.472126 0.279100 0.213922
v 0.455308 0.328244 0.431394
v 0.455308 0.328244 0.213922
v 0.422327 0.361225 0.213922
v 0.422327 0.361224 0.362051
v 0.422327 0.361224 0.362051
v 0.406164 0.345062 0.362051
v 0.439145 0.312081 0.431394
v 0.455308 0.328244 0.431394
v 0.439145 0.312081 0.431394
v 0.439145 0.312081 0.213922
v 0.472126 0.279100 0.213922
v 0.472126 0.279100 0.403953
v 0.488289 0.295263 0.213922
v 0.472126 0.279100 0.213922
v 0.422327 0.361225 0.213922
v 0.406164 0.345062 0.213922
v 0.455308 0.328244 0.431394
v 0.439145 0.312081 0.431394
v 0.472126 0.279100 0.403953
v 0.488289 0.295263 0.403953
v 0.488289 0.295263 0.403953
v 0.488289 0.295263 0.213922
v 0.406164 0.345062 0.362051
v 0.406164 0.345062 0.213922
v 0.720151 0.310976 0.305482
v 0.676392 0.376466 0.305482
v 0.666723 0.366793 0.296718
v 0.707515 0.305744 0.296718
v 0.456413 0.047238 0.305482
v 0.533657 0.031871 0.305482
v 0.533657 0.045553 0.296718
v 0.461645 0.059874 0.296718
v 0.410069 0.110139 0.322609
v 0.466769 0.072251 0.322609
v 0.461911 0.060513 0.333252
v 0.401084 0.101153 0.333252
v 0.657250 0.110139 0.322609
v 0.695138 0.166844 0.322609
v 0.706876 0.161980 0.333252
v 0.666230 0.101153 0.333252
v 0.372182 0.166844 0.322609
v 0.360438 0.161980 0.333252
v 0.706876 0.305478 0.333252
v 0.721148 0.233732 0.333252
v 0.708441 0.233732 0.322609
v 0.695138 0.300614 0.322609
v 0.666230 0.366305 0.333252
v 0.657250 0.357319 0.322609
v 0.372182 0.300614 0.322609
v 0.358873 0.233732 0.322609
v 0.346172 0.233732 0.333252
v 0.360438 0.305478 0.333252
v 0.390923 0.376466 0.305482
v 0.347163 0.310976 0.305482
v 0.359805 0.305744 0.296718
v 0.400597 0.366793 0.296718
v 0.466769 0.395207 0.322609
v 0.410069 0.357319 0.322609
v 0.401084 0.366305 0.333252
v 0.461911 0.406945 0.333252
v 0.533657 0.435587 0.305482
v 0.456413 0.420226 0.305482
v 0.461645 0.407584 0.296718
v 0.533657 0.421910 0.296718
v 0.735518 0.233732 0.305482
v 0.721836 0.233732 0.296718
v 0.610906 0.420226 0.305482
v 0.605669 0.407584 0.296718
v 0.347163 0.156482 0.305482
v 0.390923 0.090992 0.305482
v 0.400597 0.100666 0.296718
v 0.359805 0.161720 0.296718
v 0.610906 0.047238 0.305482
v 0.605669 0.059874 0.296718
v 0.533657 0.058948 0.322609
v 0.533657 0.046241 0.333252
v 0.331802 0.233732 0.305482
v 0.345478 0.233732 0.296718
v 0.600545 0.395207 0.322609
v 0.657250 0.357319 0.322609
v 0.666723 0.366793 0.296718
v 0.605669 0.407584 0.296718
v 0.695138 0.300614 0.322609
v 0.708441 0.233732 0.322609
v 0.721836 0.233732 0.296718
v 0.707515 0.305744 0.296718
v 0.466769 0.395207 0.322609
v 0.533657 0.408516 0.322609
v 0.533657 0.421910 0.296718
v 0.461645 0.407584 0.296718
v 0.720151 0.156482 0.305482
v 0.707515 0.161720 0.296718
v 0.695138 0.166844 0.322609
v 0.657250 0.110139 0.322609
v 0.666723 0.100666 0.296718
v 0.707515 0.161720 0.296718
v 0.600545 0.395207 0.322609
v 0.533657 0.408516 0.322609
v 0.533657 0.421217 0.333252
v 0.605409 0.406945 0.333252
v 0.600545 0.072251 0.322609
v 0.605409 0.060513 0.333252
v 0.676392 0.090992 0.305482
v 0.666723 0.100666 0.296718
v 0.600545 0.072251 0.322609
v 0.533657 0.058948 0.322609
v 0.533657 0.045553 0.296718
v 0.605669 0.059874 0.296718
v 0.372182 0.166844 0.322609
v 0.358873 0.233732 0.322609
v 0.345478 0.233732 0.296718
v 0.359805 0.161720 0.296718
v 0.410069 0.357319 0.322609
v 0.400597 0.366793 0.296718
v 0.466769 0.072251 0.322609
v 0.410069 0.110139 0.322609
v 0.400597 0.100666 0.296718
v 0.461645 0.059874 0.296718
v 0.372182 0.300614 0.322609
v 0.359805 0.305744 0.296718
v -0.428008 -0.093368 0.910403
v -0.428008 0.002406 0.808119
v -0.428008 -0.189142 0.808119
v -0.428008 0.076254 0.949542
v -0.428008 0.082342 0.910403
v -0.428008 -0.262990 0.871264
v -0.428008 -0.269078 0.910403
v -0.428008 0.058926 0.982729
v -0.428008 -0.245663 0.838076
v -0.428008 -0.219729 1.004899
v -0.428008 -0.189142 1.012687
v -0.428008 0.032992 1.004899
v -0.428008 -0.219729 0.815907
v -0.428008 0.032992 0.815907
v -0.428008 -0.245663 0.982729
v -0.428008 0.076254 0.871264
v -0.428008 0.058926 0.838076
v -0.428008 -0.262990 0.949542
v -0.428008 0.002406 1.012687
v 0.455384 0.155269 0.025174
v 0.934470 -0.022602 0.025174
v 0.979004 0.042022 0.025174
v 0.127287 -0.152570 0.025174
v 0.426314 -0.143784 0.025174
v 0.863514 -0.079637 0.025174
v 0.798917 -0.104851 0.025174
v 0.674723 -0.129371 0.025174
v 1.012943 0.165398 0.025174
v 1.025910 0.463103 0.025174
v -0.115143 -0.152570 0.025174
v 1.083953 0.562246 0.036159
v 0.974037 0.549945 0.059076
v 0.974037 0.238146 0.064281
v 1.083953 0.274339 0.041685
v 0.355363 0.503872 0.202060
v 0.355363 0.503872 -0.000017
v 0.333302 -0.074903 -0.000017
v 0.337809 0.043338 0.204275
v 0.335805 -0.009267 0.184293
v 0.334115 -0.053655 0.142236
v 0.333302 -0.074903 0.092241
v 0.777105 0.095444 0.173602
v 0.355363 0.503872 0.202060
v 0.688422 0.525127 0.189484
v 1.427952 0.325259 0.034855
v 0.777105 0.531496 0.166387
v 0.333302 -0.074903 -0.000017
v 1.752653 0.617185 0.024596
v 1.344588 0.250306 -0.000017
v 1.427952 0.325259 0.034855
v 1.344588 0.250306 0.016871
v 1.359570 0.263777 0.025571
v 1.390861 0.291916 0.032320
v 0.898272 0.191760 0.098491
v 1.752653 0.617185 -0.000017
v 1.752653 0.617185 0.024596
v 0.898272 0.542086 0.092783
v 0.844702 0.537075 0.132610
v 0.844702 0.139816 0.139321
v 2.146727 0.241201 -0.000017
v 2.171822 0.278889 -0.000017
v 2.171822 0.287079 0.041154
v 2.146727 0.252256 0.055577
v 2.171822 0.310396 0.076057
v 2.146727 0.283747 0.102706
v 2.171822 0.345300 0.099375
v 2.146727 0.330876 0.134197
v 2.171822 0.386471 0.107565
v 2.146727 0.386471 0.145258
v 2.171822 0.427641 0.099375
v 2.146727 0.442065 0.134197
v 2.171822 0.462539 0.076057
v 2.146727 0.489194 0.102706
v 2.171822 0.485863 0.041154
v 2.146727 0.520685 0.055577
v 2.171822 0.494052 -0.000017
v 2.146727 0.531740 -0.000017
v 2.171822 0.427641 0.099375
v 2.171822 0.386471 0.107565
v 2.102361 0.386471 0.086586
v 2.102361 0.419609 0.079995
v 1.904942 0.233142 -0.000017
v 2.146727 0.241201 -0.000017
v 2.146727 0.252256 0.055577
v 1.904942 0.244814 0.058660
v 2.146727 0.283747 0.102706
v 1.904942 0.278049 0.108404
v 2.146727 0.330876 0.134197
v 1.904942 0.327794 0.141639
v 2.146727 0.386471 0.145258
v 1.904942 0.386471 0.153312
v 2.146727 0.442065 0.134197
v 1.904942 0.445147 0.141639
v 2.146727 0.489194 0.102706
v 1.904942 0.494886 0.108404
v 2.146727 0.520685 0.055577
v 1.904942 0.528127 0.058660
v 2.146727 0.531740 -0.000017
v 1.904942 0.539800 -0.000017
v 1.189011 0.173035 -0.000017
v 1.189011 0.189279 0.081663
v 1.156138 0.205317 0.075023
v 1.156138 0.190389 -0.000017
v 1.189011 0.304790 0.197174
v 1.189011 0.386471 0.213418
v 1.156138 0.386471 0.196065
v 1.156138 0.311431 0.181136
v 1.189011 0.537389 0.150907
v 1.189011 0.583657 0.081663
v 1.156138 0.567624 0.075023
v 1.156138 0.525116 0.138633
v 1.189011 0.235546 0.150907
v 1.785915 0.244949 0.141510
v 1.785915 0.309876 0.184895
v 1.804835 0.521449 0.134967
v 1.804835 0.562831 0.073034
v 1.785915 0.571378 0.076577
v 1.785915 0.527992 0.141510
v 1.785915 0.201564 0.076577
v 1.156138 0.247820 0.138633
v 1.804835 0.195578 -0.000017
v 1.804835 0.210111 0.073034
v 1.785915 0.186327 -0.000017
v 1.189011 0.468151 0.197174
v 1.156138 0.461505 0.181136
v 1.804835 0.251492 0.134967
v 1.785915 0.463059 0.184895
v 1.785915 0.586614 -0.000017
v 1.804835 0.577358 -0.000017
v 1.804835 0.313419 0.176342
v 1.804835 0.386471 0.190874
v 1.785915 0.386471 0.200126
v 1.189011 0.599906 -0.000017
v 1.156138 0.582546 -0.000017
v 1.804835 0.459522 0.176343
v 2.171822 0.462539 0.076057
v 2.102361 0.447709 0.061221
v 2.171822 0.287079 0.041154
v 2.171822 0.278889 -0.000017
v 2.102361 0.299867 -0.000017
v 2.102361 0.306459 0.033127
v 2.171822 0.485863 0.041154
v 2.102361 0.466477 0.033127
v 2.171822 0.310396 0.076057
v 2.102361 0.325232 0.061221
v 2.171822 0.494052 -0.000017
v 2.102361 0.473074 -0.000017
v 2.171822 0.345300 0.099375
v 2.102361 0.353327 0.079995
v 1.828943 0.230612 -0.000017
v 1.879707 0.232302 -0.000017
v 1.879707 0.244039 0.058984
v 1.828943 0.242474 0.059628
v 1.879707 0.277459 0.108999
v 1.828943 0.276262 0.110191
v 1.879707 0.327475 0.142419
v 1.828943 0.326825 0.143979
v 1.879707 0.386471 0.154151
v 1.828943 0.386471 0.155847
v 1.879707 0.445467 0.142419
v 1.828943 0.446117 0.143979
v 1.879707 0.495482 0.108999
v 1.828943 0.496679 0.110191
v 1.879707 0.528902 0.058984
v 1.828943 0.530467 0.059628
v 1.879707 0.540639 -0.000017
v 1.828943 0.542329 -0.000017
v 1.892322 0.293714 0.092740
v 1.892322 0.336271 0.121171
v 1.879707 0.327475 0.142419
v 1.879707 0.277459 0.108999
v 1.892322 0.336547 0.120515
v 1.892322 0.386471 0.130444
v 1.892322 0.386471 0.131158
v 1.892322 0.479222 0.092740
v 1.892322 0.478718 0.092236
v 1.892322 0.506998 0.049912
v 1.892322 0.507658 0.050182
v 1.892322 0.436670 0.121171
v 1.879707 0.495482 0.108999
v 1.879707 0.445467 0.142419
v 1.879707 0.386471 0.154151
v 1.892322 0.294223 0.092236
v 1.892322 0.265283 0.050182
v 1.879707 0.244039 0.058984
v 1.892322 0.517646 -0.000017
v 1.879707 0.540639 -0.000017
v 1.879707 0.528902 0.058984
v 1.904942 0.528127 0.058660
v 1.904942 0.539800 -0.000017
v 1.892322 0.516926 -0.000017
v 1.892322 0.506998 0.049912
v 1.904942 0.494886 0.108404
v 1.892322 0.478718 0.092236
v 1.904942 0.233142 -0.000017
v 1.904942 0.244814 0.058660
v 1.892322 0.265944 0.049912
v 1.892322 0.256010 -0.000017
v 1.892322 0.255295 -0.000017
v 1.879707 0.232302 -0.000017
v 1.892322 0.265944 0.049912
v 1.892322 0.436394 0.120515
v 1.904942 0.278049 0.108404
v 1.904942 0.327794 0.141639
v 1.892322 0.336547 0.120515
v 1.892322 0.294223 0.092236
v 1.892322 0.516926 -0.000017
v 1.904942 0.386471 0.153312
v 1.904942 0.445147 0.141639
v 1.892322 0.436394 0.120515
v 1.892322 0.386471 0.130444
v 1.892322 0.256010 -0.000017
v 1.987451 0.233894 0.048140
v 2.169390 0.240410 0.045443
v 2.169390 0.251048 0.071123
v 1.987451 0.244532 0.073819
v 1.986080 0.271035 0.032752
v 1.986080 0.281673 0.058438
v 2.193634 0.288189 0.055735
v 2.193634 0.277551 0.030054
v 2.169390 0.240410 0.045443
v 1.987451 0.233894 0.048140
v 1.986080 0.271035 0.032752
v 2.193634 0.277551 0.030054
v 2.193634 0.277551 0.030054
v 2.193634 0.288189 0.055735
v 2.169390 0.251048 0.071123
v 2.169390 0.240410 0.045443
v 1.987451 0.233894 0.048140
v 1.987451 0.244532 0.073819
v 1.986080 0.281673 0.058438
v 1.986080 0.271035 0.032752
v 1.987451 0.244532 0.073819
v 2.169390 0.251048 0.071123
v 2.193634 0.288189 0.055735
v 1.986080 0.281673 0.058438
v 1.987451 0.434623 0.152559
v 2.169390 0.431926 0.146043
v 2.169390 0.457605 0.135406
v 1.987451 0.460308 0.141921
v 1.986080 0.419240 0.115419
v 1.986080 0.444920 0.104780
v 2.193634 0.442222 0.098264
v 2.193634 0.416543 0.108903
v 2.169390 0.431926 0.146043
v 1.987451 0.434623 0.152559
v 1.986080 0.419240 0.115419
v 2.193634 0.416543 0.108903
v 2.193634 0.416543 0.108903
v 2.193634 0.442222 0.098264
v 2.169390 0.457605 0.135406
v 2.169390 0.431926 0.146043
v 1.987451 0.434623 0.152559
v 1.987451 0.460308 0.141921
v 1.986080 0.444920 0.104780
v 1.986080 0.419240 0.115419
v 1.987451 0.460308 0.141921
v 2.169390 0.457605 0.135406
v 2.193634 0.442222 0.098264
v 1.986080 0.444920 0.104780
v 1.987451 0.312633 0.141921
v 2.169390 0.315331 0.135406
v 2.169390 0.341016 0.146043
v 1.987451 0.338313 0.152559
v 1.986080 0.328016 0.104780
v 1.986080 0.353701 0.115419
v 2.193634 0.356398 0.108903
v 2.193634 0.330719 0.098264
v 2.169390 0.315331 0.135406
v 1.987451 0.312633 0.141921
v 1.986080 0.328016 0.104780
v 2.193634 0.330719 0.098264
v 2.193634 0.330719 0.098264
v 2.193634 0.356398 0.108903
v 2.169390 0.341016 0.146043
v 2.169390 0.315331 0.135406
v 1.987451 0.312633 0.141921
v 1.987451 0.338313 0.152559
v 1.986080 0.353701 0.115419
v 1.986080 0.328016 0.104780
v 1.987451 0.338313 0.152559
v 2.169390 0.341016 0.146043
v 2.193634 0.356398 0.108903
v 1.986080 0.353701 0.115419
v 1.987451 0.528409 0.073820
v 2.169390 0.521893 0.071123
v 2.169390 0.532531 0.045443
v 1.987451 0.539047 0.048140
v 1.986080 0.491263 0.058438
v 1.986080 0.501901 0.032752
v 2.193634 0.495385 0.030054
v 2.193634 0.484747 0.055735
v 2.169390 0.521893 0.071123
v 1.987451 0.528409 0.073820
v 1.986080 0.491263 0.058438
v 2.193634 0.484747 0.055735
v 2.193634 0.484747 0.055735
v 2.193634 0.495385 0.030054
v 2.169390 0.532531 0.045443
v 2.169390 0.521893 0.071123
v 1.987451 0.528409 0.073820
v 1.987451 0.539047 0.048140
v 1.986080 0.501901 0.032752
v 1.986080 0.491263 0.058438
v 1.987451 0.539047 0.048140
v 2.169390 0.532531 0.045443
v 2.193634 0.495385 0.030054
v 1.986080 0.501901 0.032752
v 1.828943 0.230612 -0.000017
v 1.828943 0.242474 0.059628
v 1.813799 0.222152 0.068046
v 1.813799 0.208610 -0.000017
v 1.828943 0.276262 0.110191
v 1.813799 0.260706 0.125747
v 1.828943 0.446117 0.143979
v 1.828943 0.496679 0.110191
v 1.813799 0.512235 0.125747
v 1.813799 0.454534 0.164307
v 1.828943 0.326825 0.143979
v 1.828943 0.386471 0.155847
v 1.813799 0.386471 0.177843
v 1.813799 0.318407 0.164307
v 1.828943 0.530467 0.059628
v 1.828943 0.542329 -0.000017
v 1.813799 0.564331 -0.000017
v 1.813799 0.550790 0.068046
v 1.156138 0.456755 0.169675
v 1.156138 0.516341 0.129859
v 1.182582 0.511770 0.125288
v 1.182582 0.454285 0.163701
v 1.156138 0.202799 -0.000017
v 1.156138 0.216784 0.070272
v 1.182582 0.222758 0.067796
v 1.182582 0.209266 -0.000017
v 1.156138 0.556157 0.070272
v 1.182582 0.550183 0.067796
v 1.156138 0.256595 0.129859
v 1.182582 0.261166 0.125288
v 1.156138 0.570137 -0.000017
v 1.182582 0.563670 -0.000017
v 1.156138 0.316181 0.169675
v 1.182582 0.318657 0.163701
v 1.156138 0.386471 0.183654
v 1.182582 0.386471 0.177187
v 1.156138 0.247820 0.138633
v 1.156138 0.311431 0.181136
v 1.156138 0.316181 0.169675
v 1.156138 0.256595 0.129859
v 1.156138 0.567624 0.075023
v 1.156138 0.582546 -0.000017
v 1.156138 0.570137 -0.000017
v 1.156138 0.556157 0.070272
v 1.156138 0.386471 0.196065
v 1.156138 0.461505 0.181136
v 1.156138 0.456755 0.169675
v 1.156138 0.386471 0.183654
v 1.156138 0.205317 0.075023
v 1.156138 0.216784 0.070272
v 1.156138 0.525116 0.138633
v 1.156138 0.516341 0.129859
v 1.156138 0.190389 -0.000017
v 1.156138 0.202799 -0.000017
v 2.102361 0.419609 0.079995
v 2.102361 0.386471 0.086586
v 2.102361 0.386471 -0.000017
v 2.102361 0.447709 0.061221
v 2.102361 0.306459 0.033127
v 2.102361 0.299867 -0.000017
v 2.102361 0.466477 0.033127
v 2.102361 0.325232 0.061221
v 2.102361 0.473074 -0.000017
v 2.102361 0.353327 0.079995
v 1.182582 0.318657 0.163701
v 1.182582 0.386471 0.177187
v 1.182582 0.386471 -0.000017
v 1.182582 0.261166 0.125288
v 1.182582 0.222758 0.067796
v 1.182582 0.511770 0.125288
v 1.182582 0.550183 0.067796
v 1.182582 0.209266 -0.000017
v 1.182582 0.454285 0.163701
v -0.594754 -0.302368 0.753591
v -0.602467 -0.263597 0.753591
v -0.602467 -0.263597 0.689373
v -0.594754 -0.302368 0.689373
v -0.594754 -0.224826 0.753591
v -0.572790 -0.191953 0.753591
v -0.572790 -0.191953 0.689373
v -0.594754 -0.224826 0.689373
v -0.501152 -0.162282 0.753591
v -0.462381 -0.169995 0.753591
v -0.462381 -0.169995 0.689373
v -0.501152 -0.162282 0.689373
v -0.462381 -0.357199 0.753591
v -0.501152 -0.364912 0.753591
v -0.501152 -0.364912 0.689373
v -0.462381 -0.357199 0.689373
v -0.429514 -0.335235 0.753591
v -0.429514 -0.335235 0.689373
v -0.539923 -0.169995 0.753591
v -0.539923 -0.169995 0.689373
v -0.572790 -0.335235 0.753591
v -0.572790 -0.335235 0.689373
v 1.201712 0.482656 0.051055
v 1.201604 0.503417 0.072671
v 1.203381 0.452719 0.100589
v -0.115143 -0.152570 0.025174
v -0.115143 -0.152570 -0.000017
v 1.202714 0.502264 0.130553
v 1.203641 0.480657 0.151308
v 1.202270 0.453873 0.042702
v 1.204496 0.451560 0.158468
v 1.204047 0.403175 0.070625
v 1.203120 0.424781 0.049868
v 1.205054 0.422777 0.150127
v 1.201972 0.510594 0.101769
v 1.205163 0.402021 0.128504
v 1.204794 0.394844 0.099407
v 0.729522 0.204505 0.169957
v 0.732024 0.180661 0.194991
v 0.732121 0.171903 0.229077
v 0.729847 0.180580 0.263050
v 0.715488 0.293356 0.194840
v 0.713077 0.302033 0.228925
v 0.716268 0.269432 0.287781
v 0.713397 0.293275 0.262930
v -0.407551 -0.224826 0.753591
v -0.407551 -0.224826 0.689373
v -0.429514 -0.191953 0.753591
v -0.429514 -0.191953 0.689373
v -0.539923 -0.357199 0.753591
v -0.539923 -0.357199 0.689373
v 0.533657 0.233732 0.290403
v 0.469336 0.169411 0.290403
v 0.498846 0.149690 0.290403
v 0.568469 0.149690 0.290403
v 0.597978 0.169411 0.290403
v 0.568469 0.317768 0.290403
v 0.533657 0.324696 0.290403
v 0.449621 0.198920 0.290403
v 0.617699 0.198920 0.290403
v 0.617699 0.268543 0.290403
v 0.597978 0.298052 0.290403
v 0.498846 0.317768 0.290403
v 0.449621 0.268543 0.290403
v 0.442693 0.233732 0.290403
v 0.533657 0.142768 0.290403
v 0.469336 0.298052 0.290403
v 0.624621 0.233732 0.290403
v 1.264614 0.369707 0.118993
v 1.264614 0.351724 0.118993
v 1.155060 0.351724 0.118993
v 1.155060 0.369707 0.118993
v 1.155060 0.378698 0.144635
v 1.264614 0.378698 0.144635
v 1.264614 0.378698 0.127540
v 1.155060 0.378698 0.127540
v 1.264614 0.369707 0.153182
v 1.155060 0.369707 0.153182
v 1.155060 0.351724 0.152771
v 1.264614 0.351724 0.152771
v 1.264614 0.342733 0.144635
v 1.155060 0.342733 0.144635
v 1.155060 0.342733 0.127540
v 1.264614 0.342733 0.127540
v 1.078661 0.361782 0.125503
v 1.076077 0.370487 0.134263
v 1.076077 0.370487 0.151357
v 1.027432 0.354660 0.138309
v 0.982795 0.328764 0.142154
v 0.982795 0.328764 0.159248
v 1.027432 0.354660 0.155403
v 1.031603 0.346497 0.129436
v 0.988428 0.321495 0.133184
v 0.988428 0.321495 0.167367
v 1.031603 0.346497 0.163625
v 1.078661 0.361782 0.159693
v 1.086401 0.335653 0.133417
v 1.083823 0.344363 0.125081
v 1.039944 0.330172 0.128781
v 0.999684 0.306941 0.132323
v 1.044115 0.321998 0.137003
v 1.005311 0.299650 0.140437
v 0.945568 0.294922 0.145648
v 0.915740 0.253274 0.148930
v 0.915740 0.253274 0.166024
v 0.945568 0.294922 0.162742
v 0.952409 0.288817 0.136596
v 0.923561 0.248530 0.139733
v 0.923561 0.248530 0.173921
v 0.952409 0.288817 0.170786
v 0.966102 0.276581 0.135579
v 0.939198 0.239224 0.138660
v 0.972948 0.270445 0.143606
v 0.947019 0.234512 0.146617
v 0.893732 0.207126 0.151909
v 0.879536 0.156536 0.154628
v 0.879536 0.156488 0.171722
v 0.893732 0.207126 0.169004
v 0.902209 0.203838 0.142490
v 0.888359 0.154928 0.145073
v 0.888359 0.154928 0.179257
v 0.902209 0.203838 0.176678
v 0.919168 0.197853 0.141503
v 0.906001 0.152480 0.144131
v 0.927645 0.194717 0.149407
v 0.914819 0.151131 0.152033
v 0.878566 0.107360 0.147452
v 0.896208 0.105069 0.146606
v 0.889800 0.055574 0.148908
v 0.872841 0.061120 0.149634
v 0.898277 0.052725 0.156979
v 0.905031 0.103818 0.154568
v 0.864364 0.064007 0.158809
v 0.869748 0.108790 0.156908
v 0.869748 0.108758 0.174002
v 0.864364 0.064007 0.175903
v 0.872841 0.061120 0.183817
v 0.878566 0.107360 0.181640
v 0.709329 -0.091960 0.182106
v 0.709329 -0.091960 0.165012
v 0.663555 -0.101065 0.165634
v 0.663555 -0.101065 0.182728
v 0.561194 -0.105620 0.183340
v 0.561194 -0.105620 0.166246
v 0.322767 -0.105620 0.166246
v 0.322767 -0.105620 0.183340
v 0.322767 -0.114611 0.191888
v 0.561194 -0.114611 0.191888
v 0.711907 -0.100437 0.190610
v 0.664415 -0.109888 0.191264
v 0.664415 -0.109888 0.157076
v 0.711907 -0.100437 0.156427
v 0.322767 -0.114611 0.157705
v 0.561194 -0.114611 0.157699
v 0.790413 -0.048520 0.180242
v 0.790413 -0.048520 0.163148
v 0.751616 -0.074443 0.164193
v 0.751616 -0.074443 0.181288
v 0.755786 -0.082264 0.189748
v 0.796046 -0.055361 0.188633
v 0.755786 -0.082264 0.155560
v 0.796046 -0.055361 0.154450
v 0.856527 0.018048 0.185702
v 0.829629 -0.021822 0.187322
v 0.843316 -0.033159 0.186428
v 0.872169 0.009474 0.184651
v 0.764122 -0.097907 0.189153
v 0.807302 -0.069054 0.187907
v 0.822782 -0.016173 0.179008
v 0.848711 0.022338 0.177534
v 0.812930 -0.075900 0.179608
v 0.768292 -0.105723 0.180926
v 0.879991 0.005152 0.176164
v 0.850162 -0.038841 0.178038
v 0.666138 -0.127524 0.190832
v 0.717069 -0.117396 0.190116
v 0.719647 -0.125872 0.181938
v 0.666994 -0.136348 0.182691
v 0.322767 -0.132594 0.191476
v 0.561194 -0.132594 0.191476
v 0.561194 -0.141585 0.183340
v 0.322767 -0.141585 0.183340
v 0.848711 0.022338 0.160440
v 0.822782 -0.016173 0.161914
v 0.829629 -0.021822 0.153134
v 0.856527 0.018048 0.151513
v 0.889800 0.055574 0.182686
v 0.896208 0.105086 0.180368
v 0.905031 0.103818 0.171662
v 0.898277 0.052725 0.174073
v 0.919168 0.197853 0.175281
v 0.906001 0.152501 0.177892
v 0.914819 0.151131 0.169128
v 0.927645 0.194717 0.166496
v 0.966102 0.276581 0.169350
v 0.939198 0.239224 0.172437
v 0.947019 0.234512 0.163711
v 0.972948 0.270445 0.160695
v 0.872169 0.009474 0.150880
v 0.843316 -0.033159 0.152651
v 0.807302 -0.069054 0.154129
v 0.764122 -0.097907 0.155376
v 0.850162 -0.038841 0.160949
v 0.879991 0.005152 0.159070
v 0.768292 -0.105723 0.163830
v 0.812930 -0.075900 0.162514
v 0.717069 -0.117396 0.156340
v 0.666138 -0.127524 0.157059
v 0.719647 -0.125872 0.164844
v 0.666994 -0.136348 0.165597
v 1.044115 0.321998 0.154092
v 1.005311 0.299650 0.157531
v 1.039944 0.330172 0.162558
v 0.999684 0.306941 0.166101
v 1.083823 0.344363 0.158858
v 1.086401 0.335653 0.150512
v 0.322767 -0.141585 0.166246
v 0.561194 -0.141585 0.166246
v 0.322767 -0.132594 0.157705
v 0.561194 -0.132594 0.157699
v 0.322767 -0.114611 0.191888
v 0.322767 -0.105620 0.183340
v 0.322767 -0.123603 0.174745
v 1.264614 0.342733 0.127540
v 1.264614 0.351724 0.118993
v 1.264614 0.360715 0.136038
v 1.264614 0.378698 0.127540
v 1.264614 0.378698 0.144635
v 1.264614 0.369707 0.118993
v 1.264614 0.342733 0.144635
v 1.264614 0.369707 0.153182
v 0.322767 -0.114611 0.157705
v 0.322767 -0.132594 0.157705
v 0.322767 -0.132594 0.191476
v 0.322767 -0.141585 0.183340
v 0.322767 -0.141585 0.166246
v 1.264614 0.351724 0.152771
v 0.322767 -0.105620 0.166246
v 1.182582 0.563670 -0.000017
v 2.193379 0.628933 0.026014
v 2.201846 0.636597 -0.000017
v 1.684010 0.646667 -0.000017
v 1.675826 0.634176 0.050789
v 2.392331 0.627758 0.013968
v 2.397737 0.632540 -0.000017
v -2.209444 -0.340180 0.080575
v -2.224870 -0.339129 -0.000017
v -2.267503 -0.359522 -0.000017
v -2.250132 -0.360860 0.093087
v -2.140666 -0.479502 0.076208
v -2.146797 -0.480022 -0.000017
v -2.051495 -0.582577 -0.000017
v -2.048976 -0.580362 0.072948
v -2.221902 -0.486007 0.091537
v -2.188699 -0.485314 0.183086
v -2.208880 -0.468658 0.158653
v -2.240415 -0.469167 0.079318
v -1.932046 -0.636948 -0.000017
v -1.934905 -0.635036 0.068512
v -2.038901 -0.368465 0.312924
v -2.215830 -0.362192 0.186189
v -2.017593 -0.482557 0.303976
v -0.417804 0.210149 0.485601
v -0.040883 0.278076 0.451477
v -0.236677 0.290848 0.434746
v 2.145741 0.585266 0.085638
v 2.184919 0.621269 0.052045
v 1.667642 0.621680 0.101596
v 1.627283 0.565696 0.169984
v 2.359838 0.599440 0.044306
v 2.386931 0.622970 0.027948
v -1.929770 -0.602131 0.239694
v -1.844353 -0.658364 0.221077
v -1.805398 -0.681379 0.259950
v -1.920189 -0.605803 0.284970
v -2.152620 -0.512997 0.081933
v -2.129556 -0.512483 0.163884
v -1.878520 -0.480699 0.375338
v -1.894228 -0.374201 0.388169
v 1.627283 0.565696 0.169984
v 1.046233 0.541983 0.238984
v 1.046840 0.512463 -0.000017
v 1.628361 0.540683 -0.000017
v -1.920189 -0.605803 0.284970
v -1.798595 -0.595626 0.350622
v -1.805398 -0.681379 0.259950
v -1.710366 -0.672518 0.319056
v -0.093066 0.383703 0.376980
v -0.159726 0.369902 0.379167
v -1.883368 -0.351040 0.390223
v -0.123289 0.442715 0.286286
v 0.022424 0.159364 0.541742
v 0.116265 0.201807 0.507029
v 0.396301 0.584789 0.084041
v 0.392840 0.601520 -0.000017
v -0.413481 0.517267 -0.000017
v -0.403662 0.500937 0.074671
v 0.409062 0.494843 0.282771
v 0.399756 0.568063 0.168093
v -0.393846 0.484611 0.149353
v 1.078537 0.642247 -0.000017
v 1.074409 0.626593 0.071069
v 1.070276 0.610940 0.142149
v 1.046233 0.541983 0.238984
v 2.168215 0.654753 0.020598
v 2.160485 0.659904 -0.000017
v 1.599600 0.700663 -0.000017
v 1.629342 0.690735 0.041517
v 1.706564 0.607798 0.101801
v 2.199267 0.612082 0.047854
v 2.185065 0.632925 0.038667
v 1.672603 0.649689 0.082340
v -1.378310 -0.401083 0.550371
v -1.388260 -0.479009 0.528450
v -1.358518 -0.507635 -0.000017
v -1.348568 -0.429714 -0.000017
v -1.376674 -0.561112 0.494543
v -1.389436 -0.642581 0.455236
v -1.359694 -0.642581 -0.000017
v -1.346932 -0.589743 -0.000017
v -0.186830 -0.536505 0.374623
v 0.016645 -0.496797 0.368617
v -0.146791 -0.448016 0.434519
v -0.326108 -0.484946 0.440818
v -0.147734 -0.174664 0.443423
v -0.189148 -0.251707 0.453530
v 0.034118 -0.318872 0.417559
v 0.090775 -0.223596 0.406255
v -0.327945 -0.366688 0.472851
v -0.465918 -0.410063 0.484008
v -1.500457 -0.518685 0.450020
v -1.500457 -0.574789 0.385060
v -1.069323 -0.574789 0.385060
v -1.069323 -0.518685 0.450020
v -0.572010 -0.560294 0.381112
v -0.624740 -0.505913 0.446537
v -0.677669 -0.429264 0.489928
v -1.069323 -0.439095 0.492610
v -1.500457 -0.439095 0.492610
v 2.270109 0.643883 0.015940
v 2.272676 0.646650 -0.000017
v 2.242799 0.613209 0.040991
v 2.257505 0.629670 0.030120
v 1.990538 0.863325 -0.000017
v 2.085061 1.224863 -0.000017
v 2.085061 1.224863 0.010783
v 1.990538 0.863325 0.010783
v 1.517551 0.721652 -0.000017
v 1.811465 0.721652 -0.000017
v 1.811465 0.721652 0.010783
v 1.517551 0.721652 0.010783
v 1.920130 1.224863 0.010783
v 2.085061 1.224863 0.010783
v 2.085061 1.224863 -0.000017
v 1.920130 1.224863 -0.000017
v 1.445919 0.863325 0.010783
v 1.990538 0.863325 0.010783
v 2.085061 1.224863 0.010783
v 1.920130 1.224863 0.010783
v -0.209227 -0.263542 -0.000017
v -0.231450 -0.151817 -0.000017
v -0.231450 -0.151817 0.477292
v -0.209227 -0.263543 0.477292
v -0.770908 -0.375268 -0.000017
v -0.707622 -0.469985 -0.000017
v -0.707622 -0.469985 0.477292
v -0.770908 -0.375268 0.477292
v -0.294737 -0.057099 -0.000017
v -0.389454 0.006186 -0.000017
v -0.389454 0.006186 0.477292
v -0.294737 -0.057100 0.477292
v -0.612905 -0.533271 -0.000017
v -0.501179 -0.555495 -0.000017
v -0.501179 -0.555495 0.477292
v -0.612905 -0.533271 0.477292
v -0.501179 0.028410 -0.000017
v -0.612905 0.006186 -0.000017
v -0.612905 0.006186 0.477292
v -0.501179 0.028410 0.477292
v -0.389454 -0.533271 -0.000017
v -0.294737 -0.469985 -0.000017
v -0.294737 -0.469985 0.477292
v -0.389454 -0.533271 0.477292
v -0.707622 -0.057099 -0.000017
v -0.770908 -0.151817 -0.000017
v -0.770908 -0.151817 0.477292
v -0.707622 -0.057100 0.477292
v -0.231450 -0.375268 -0.000017
v -0.231450 -0.375268 0.477292
v -0.793132 -0.263542 -0.000017
v -0.793132 -0.263543 0.477292
v -0.389454 0.006186 0.477292
v -0.501179 0.028410 0.477292
v -0.501179 0.011419 0.477292
v -0.395954 -0.009511 0.477292
v -0.707622 -0.469985 0.477292
v -0.612905 -0.533271 0.477292
v -0.606399 -0.517574 0.477292
v -0.695608 -0.457972 0.477292
v -0.231450 -0.151817 0.477292
v -0.294737 -0.057100 0.477292
v -0.306750 -0.069113 0.477292
v -0.247147 -0.158317 0.477292
v -0.793132 -0.263543 0.477292
v -0.770908 -0.375268 0.477292
v -0.755211 -0.368763 0.477292
v -0.776140 -0.263543 0.477292
v -0.231450 -0.375268 0.477292
v -0.209227 -0.263543 0.477292
v -0.226218 -0.263543 0.477292
v -0.247147 -0.368763 0.477292
v -0.707622 -0.057100 0.477292
v -0.770908 -0.151817 0.477292
v -0.755211 -0.158317 0.477292
v -0.695608 -0.069113 0.477292
v -0.389454 -0.533271 0.477292
v -0.294737 -0.469985 0.477292
v -0.306750 -0.457972 0.477292
v -0.395954 -0.517574 0.477292
v -0.612905 0.006186 0.477292
v -0.606399 -0.009511 0.477292
v -0.501179 -0.555495 0.477292
v -0.501179 -0.538504 0.477292
v -1.155130 -0.486701 0.912104
v -1.138588 -0.470435 0.844918
v -1.144860 -0.489219 0.838586
v -1.162962 -0.507018 0.912104
v -1.138588 -0.470435 0.979294
v -1.144860 -0.489219 0.985632
v -0.912288 0.021558 0.977973
v -0.923202 0.032965 0.912104
v -0.985341 -0.035477 0.912104
v -0.981191 -0.054716 0.981429
v -0.912288 0.021558 0.846239
v -0.981191 -0.054716 0.842783
v -0.850769 -0.017830 0.803017
v -0.805796 -0.064834 0.761006
v -0.829411 -0.065062 0.739124
v -0.880299 -0.011878 0.786659
v -0.445260 0.116980 0.966149
v -0.439697 0.131751 0.912104
v -0.461385 0.109099 0.913886
v -0.466303 0.096045 0.961642
v -0.163203 0.004789 0.800119
v -0.371607 -0.084984 0.751441
v -0.521339 -0.084984 0.731287
v -0.487519 0.004789 0.764467
v -0.002957 0.073751 0.843217
v -0.461574 0.073675 0.807707
v 0.100725 0.117760 0.878565
v -0.445260 0.116980 0.858070
v 0.136295 0.132801 0.910191
v -0.439697 0.131751 0.912104
v -0.550339 -0.161978 0.715926
v -1.144860 -0.489219 0.985632
v -1.162962 -0.507018 0.912104
v -1.154117 -0.580053 0.912104
v -1.135338 -0.570569 0.983932
v -1.144860 -0.489219 0.838586
v -1.135338 -0.570569 0.840282
v 0.099571 0.117500 0.943362
v -0.445260 0.116980 0.966149
v -0.003287 0.073675 0.980882
v -0.461574 0.073675 1.016506
v -0.163203 0.004789 1.024100
v -0.487519 0.004789 1.059745
v -0.614828 -0.184462 0.721781
v -0.670292 -0.215905 0.715535
v -0.685859 -0.215098 0.696290
v -0.624962 -0.180579 0.703147
v -0.546856 -0.167520 1.090798
v -0.384059 -0.097393 1.058446
v -0.371607 -0.084984 1.072773
v -0.550339 -0.161979 1.108288
v -1.080280 -0.542761 0.773838
v -0.992691 -0.498530 0.721130
v -0.949765 -0.474064 0.738159
v -1.029544 -0.514352 0.786165
v -0.194239 -0.015626 1.014111
v -0.163203 0.004789 1.024100
v -1.135338 -0.570569 0.983932
v -1.154117 -0.580053 0.912104
v -1.096800 -0.548318 0.912104
v -1.079695 -0.539679 0.977529
v -0.371607 -0.084984 0.751441
v -0.163203 0.004789 0.800119
v -0.194239 -0.015626 0.810101
v -0.384059 -0.097393 0.765768
v -0.878550 -0.440883 1.132336
v -0.992691 -0.498530 1.103083
v -0.949765 -0.474064 1.086053
v -0.845801 -0.421562 1.112697
v -0.550339 -0.161978 0.715926
v -0.546856 -0.167520 0.733415
v -0.878550 -0.440883 0.691876
v -0.792244 -0.373757 0.677880
v -0.767192 -0.360416 0.698766
v -0.845801 -0.421562 0.711515
v -0.002957 0.073751 0.843217
v 0.100725 0.117760 0.878565
v 0.044069 0.086816 0.882357
v -0.048585 0.047118 0.849462
v -1.135338 -0.570569 0.840282
v -1.079695 -0.539679 0.846683
v -1.080280 -0.542761 1.050375
v -1.029544 -0.514352 1.038047
v -0.048585 0.047118 0.974750
v 0.043522 0.086686 0.941228
v 0.099571 0.117500 0.943362
v -0.003287 0.073675 0.980882
v -0.792244 -0.373757 1.146334
v -0.767192 -0.360416 1.125447
v 0.076026 0.100427 0.911395
v 0.136295 0.132801 0.910191
v -1.029544 -0.514352 1.038047
v -1.079695 -0.539679 0.977529
v -1.068776 -0.473111 0.972416
v -1.022546 -0.449760 1.028211
v -0.118203 0.067858 0.854353
v -0.033788 0.104219 0.885059
v -0.033788 0.104219 0.912104
v -0.118203 0.067858 0.912104
v -0.033788 0.104219 0.939153
v -0.118203 0.067858 0.969860
v -0.004885 0.116644 0.912066
v -0.546856 -0.167520 0.733415
v -0.384059 -0.097393 0.765768
v -0.427477 -0.065371 0.777195
v -0.577557 -0.130021 0.747373
v -1.096800 -0.548318 0.912104
v -1.084543 -0.481073 0.912104
v -0.033788 0.104219 0.939153
v -0.004885 0.116644 0.912066
v 0.076026 0.100427 0.911395
v 0.043522 0.086686 0.941228
v -1.079695 -0.539679 0.846683
v -1.029544 -0.514352 0.786165
v -1.022546 -0.449760 0.796002
v -1.068776 -0.473111 0.851797
v -0.767192 -0.360416 1.125447
v -0.845801 -0.421562 1.112697
v -0.853152 -0.364218 1.097033
v -0.780685 -0.307849 1.108787
v -1.040177 -0.360584 1.099605
v -1.081190 -0.375344 1.060964
v -1.109144 -0.441078 1.035046
v -1.032383 -0.425018 1.101371
v 0.044069 0.086816 0.882357
v 0.076026 0.100427 0.911395
v -0.004885 0.116644 0.912066
v -0.033788 0.104219 0.885059
v -0.252482 0.010016 1.006145
v -0.118203 0.067858 0.969860
v -0.048585 0.047118 0.974750
v -0.194239 -0.015626 1.014111
v -1.080280 -0.542761 1.050375
v -0.949765 -0.474064 0.738159
v -0.845801 -0.421562 0.711515
v -0.853152 -0.364218 0.727180
v -0.948996 -0.412620 0.751743
v -0.949765 -0.474064 1.086053
v -0.948996 -0.412620 1.072469
v -0.923051 -0.131321 1.090165
v -0.982605 -0.106048 1.030101
v -1.023857 -0.186986 1.056089
v -0.983748 -0.191796 1.093696
v -0.880299 -0.011878 1.037554
v -0.577557 -0.130021 1.076840
v -0.427477 -0.065371 1.047017
v -0.384059 -0.097393 1.058446
v -0.546856 -0.167520 1.090798
v -0.194239 -0.015626 0.810101
v -0.252482 0.010016 0.818069
v -0.992691 -0.498530 1.103083
v -0.640220 -0.145637 0.736643
v -0.691351 -0.174621 0.730885
v -0.670292 -0.215905 0.715535
v -0.614828 -0.184462 0.721781
v -0.829411 -0.065062 1.085090
v -0.048585 0.047118 0.849462
v -0.118203 0.067858 0.854353
v -0.767192 -0.360416 0.698766
v -0.780685 -0.307849 0.715427
v -0.805796 -0.064834 1.066760
v -0.850769 -0.017830 1.024750
v -0.880299 -0.011878 1.037554
v -0.829411 -0.065062 1.085090
v -0.461574 0.073675 1.016506
v -0.480721 0.057778 1.006145
v -0.879042 0.011722 0.972091
v -0.912288 0.021558 0.977973
v -0.648214 -0.193757 1.123682
v -0.685859 -0.215098 1.127922
v -0.670292 -0.215905 1.108678
v -0.636006 -0.196465 1.104816
v -0.588877 -0.177995 1.097991
v -0.596471 -0.173478 1.116185
v -0.726558 -0.029638 0.746241
v -0.690365 -0.109331 0.715025
v -0.763092 -0.134376 0.708570
v -0.829411 -0.065062 0.739124
v -0.598063 -0.090470 0.723704
v -0.596027 -0.002967 0.755920
v -0.596471 -0.181851 0.708022
v -0.624962 -0.188952 0.703147
v -0.685859 -0.215098 0.696290
v -0.624962 -0.180579 0.703147
v -0.596471 -0.181851 0.708022
v -0.588877 -0.185621 0.726222
v -0.614828 -0.192089 0.721781
v -0.614828 -0.184462 0.721781
v -0.624962 -0.180579 0.703147
v -0.624962 -0.188952 0.703147
v -0.636006 -0.196465 1.104816
v -0.670292 -0.215905 1.108678
v -0.691351 -0.174621 1.093328
v -0.659741 -0.156703 1.089768
v -0.616295 -0.139674 1.083476
v -0.588877 -0.177995 1.097991
v -0.588877 -0.185621 0.726222
v -0.616295 -0.146704 0.740743
v -0.640220 -0.152668 0.736643
v -0.640220 -0.145637 0.736643
v -0.614828 -0.184462 0.721781
v -0.614828 -0.192089 0.721781
v -0.596471 -0.173478 1.116185
v -0.598063 -0.090470 1.100510
v -0.690365 -0.110018 1.109187
v -0.648214 -0.193757 1.123682
v -0.614828 -0.192089 0.721781
v -0.624962 -0.188952 0.703147
v -0.640220 -0.152668 0.736643
v -0.614828 -0.192089 0.721781
v -0.774299 -0.346848 1.143728
v -0.906612 -0.388901 1.130712
v -0.878550 -0.440883 1.132336
v -0.792244 -0.373757 1.146334
v -0.756409 -0.291405 1.138647
v -0.911054 -0.281796 1.126661
v -0.916481 -0.340624 1.128989
v -0.765259 -0.321856 1.141393
v -0.774299 -0.346848 1.143728
v -0.750851 -0.335906 1.123069
v -0.756409 -0.291405 1.138647
v -0.765259 -0.321856 1.141393
v -0.742613 -0.313147 1.120952
v -0.734011 -0.285409 1.118449
v -1.023261 -0.275085 1.097260
v -1.054547 -0.272631 1.071033
v -1.081190 -0.375344 0.763248
v -1.040177 -0.360584 0.724607
v -1.032383 -0.425018 0.722842
v -1.109144 -0.441078 0.789166
v -1.056214 -0.272512 1.057341
v -1.080405 -0.366374 1.048138
v -1.081190 -0.375344 1.060964
v -1.054547 -0.272631 1.071033
v -1.054547 -0.272631 0.753179
v -1.023261 -0.275085 0.726953
v -0.906612 -0.388901 0.693501
v -0.878550 -0.440883 0.691876
v -0.992691 -0.498530 0.721130
v -0.911054 -0.281796 0.697552
v -0.916481 -0.340624 0.695223
v -0.774299 -0.346848 0.680490
v -0.792244 -0.373757 0.677880
v -0.762448 -0.291405 0.685565
v -0.765259 -0.321856 0.682820
v -0.740056 -0.285409 0.705764
v -0.742613 -0.313146 0.703266
v -0.765259 -0.321856 0.682820
v -0.762448 -0.291405 0.685565
v -0.774299 -0.346848 0.680490
v -0.750851 -0.335906 0.701138
v -0.755666 -0.238697 0.721877
v -0.758022 -0.264268 0.719575
v -0.742613 -0.313146 0.703266
v -0.740056 -0.285409 0.705764
v -0.750851 -0.335906 0.701138
v -0.765616 -0.285252 0.717620
v -0.750851 -0.335906 1.123069
v -0.765616 -0.285252 1.106598
v -0.734011 -0.285409 1.118449
v -0.742613 -0.313147 1.120952
v -0.758022 -0.264268 1.104638
v -0.755666 -0.238697 1.102330
v -1.080280 -0.542761 0.773838
v -0.742352 -0.261484 1.135241
v -0.872223 -0.223992 1.123215
v -0.721748 -0.258153 1.115346
v -0.742352 -0.261484 1.135241
v -0.720134 -0.239347 1.132131
v -0.701512 -0.237993 1.112507
v -0.982605 -0.106048 0.794111
v -0.923051 -0.131321 0.734049
v -0.983748 -0.191796 0.730517
v -1.023857 -0.186986 0.768123
v -0.872223 -0.223992 0.700997
v -0.829303 -0.181229 0.704193
v -0.742352 -0.261484 0.688973
v -0.720134 -0.239347 0.692081
v -0.701512 -0.237993 0.711700
v -0.720134 -0.239347 0.692081
v -0.721748 -0.258153 0.708867
v -0.742352 -0.261484 0.688973
v -0.720134 -0.194986 0.727354
v -0.701512 -0.237993 0.711700
v -0.738788 -0.213576 0.724743
v -0.721748 -0.258153 0.708867
v -0.738788 -0.213576 1.099469
v -0.721748 -0.258153 1.115346
v -0.701512 -0.237993 1.112507
v -0.720134 -0.194986 1.096859
v -0.720134 -0.239347 1.132131
v -0.829303 -0.181229 1.120020
v -0.880299 -0.011878 0.786659
v 0.368780 0.500276 0.247672
v 0.352406 -0.048417 0.317864
v 0.446831 -0.048514 0.248620
v 0.467062 0.514261 0.176890
v 0.420242 -0.265807 0.158787
v 0.349920 -0.367804 0.165309
v 0.365606 -0.380955 0.151265
v 0.444637 -0.266332 0.143936
v 0.446046 -0.264479 -0.000017
v 0.444637 -0.266332 0.143936
v 0.365606 -0.380955 0.151265
v 0.366694 -0.379709 -0.000017
v 0.090775 -0.223596 0.406255
v 0.034118 -0.318872 0.417559
v 0.054966 -0.312556 0.402252
v 0.105378 -0.227783 0.392193
v 0.084112 -0.515495 0.297255
v 0.193942 -0.472228 0.293690
v 0.118789 -0.455659 0.364300
v -0.095785 -0.570206 0.161621
v -0.095785 -0.570206 -0.000017
v 0.125229 -0.526528 -0.000017
v 0.124947 -0.526674 0.158631
v -0.130022 -0.557532 0.302498
v -0.550502 -0.582474 0.308065
v -0.537540 -0.595842 0.164746
v -0.537540 -0.595842 -0.000017
v -1.500457 -0.611463 0.166647
v -1.500457 -0.611463 -0.000017
v -1.069323 -0.611463 -0.000017
v -1.069323 -0.611463 0.166647
v -1.069323 -0.597668 0.311456
v -1.500457 -0.597668 0.311456
v 0.338177 -0.071914 0.313547
v 0.422192 -0.071995 0.251935
v 0.446831 -0.048514 0.248620
v 0.352406 -0.048417 0.317864
v 0.197176 -0.449013 0.292032
v 0.130304 -0.434269 0.354863
v 0.118789 -0.455659 0.364300
v 0.193942 -0.472228 0.293690
v 0.254601 0.388637 0.388999
v 0.128798 0.412432 0.366309
v 0.218094 0.324848 0.433099
v 0.331813 0.457367 0.328220
v 1.243332 0.319111 0.471642
v 1.524512 0.194392 0.937101
v 1.670518 0.194392 0.937101
v 1.743629 0.319111 0.471642
v 1.243332 0.293280 0.464720
v 1.743629 0.293280 0.464720
v 1.670518 0.168561 0.930178
v 1.524512 0.168561 0.930178
v 1.743629 0.319111 0.471642
v 1.670518 0.194392 0.937101
v 1.670518 0.168561 0.930178
v 1.743629 0.293280 0.464720
v 1.610265 0.359090 0.322436
v 1.610265 0.333259 0.315514
v 1.610265 0.341899 0.283279
v 1.610265 0.367724 0.290203
v 1.524512 0.168561 0.930178
v 1.670518 0.168561 0.930178
v 1.670518 0.194392 0.937101
v 1.524512 0.194392 0.937101
v -0.655370 0.009577 0.570926
v -0.831139 0.094556 0.495898
v -1.063895 0.011256 0.499532
v -0.855665 -0.058448 0.576841
v -1.015434 -0.123332 0.580503
v -1.248569 -0.066985 0.501937
v -1.453453 -0.176765 0.503708
v -1.194302 -0.215948 0.582615
v -1.917817 -0.568641 0.228238
v -1.832399 -0.624875 0.209621
v -1.844353 -0.658364 0.221077
v -1.929770 -0.602131 0.239694
v -1.724557 -0.649963 -0.000017
v -1.844353 -0.658364 0.221077
v -1.832399 -0.624875 0.209621
v -1.712603 -0.616473 -0.000017
v -2.117603 -0.478988 0.152429
v -2.129556 -0.512483 0.163884
v -2.140666 -0.479502 0.076208
v -2.117603 -0.478988 0.152429
v -2.129556 -0.512483 0.163884
v -2.152620 -0.512997 0.081933
v -1.917817 -0.568641 0.228238
v -2.029525 -0.578147 0.145913
v -1.920828 -0.633124 0.137035
v -1.832399 -0.624875 0.209621
v -2.117603 -0.478988 0.152429
v -1.920828 -0.633124 0.137035
v -1.934905 -0.635036 0.068512
v -1.932046 -0.636948 -0.000017
v -1.712603 -0.616473 -0.000017
v -1.832399 -0.624875 0.209621
v -0.588720 -0.567075 0.222729
v -0.588720 -0.567075 0.107278
v -0.654037 -0.567075 0.024628
v -0.654037 -0.567075 0.305384
v -1.500457 -0.574788 -0.000017
v -1.500457 -0.597668 -0.000017
v -1.500457 -0.597668 0.311456
v -1.500457 -0.574789 0.385060
v -1.500457 -0.518685 0.450020
v -1.500457 -0.439095 0.492610
v -1.500457 -0.439095 -0.000017
v -1.500457 -0.518685 -0.000017
v -0.964666 0.187302 0.287813
v -0.964666 0.187302 -0.000017
v -1.500457 -0.611463 -0.000017
v -1.500457 -0.611463 0.166647
v 0.368780 0.500276 0.247672
v 0.467062 0.514261 0.176890
v -0.217389 0.335978 -0.000017
v 0.527645 0.522982 0.083749
v -0.120814 0.273294 0.371515
v 0.139182 0.430068 0.320589
v 0.529887 0.523458 -0.000017
v -0.810632 -0.035840 0.390211
v -0.259832 -0.326574 0.464883
v -0.121003 -0.030781 0.426161
v -0.120814 0.273294 0.371515
v -0.964666 0.187302 0.287813
v -0.622508 -0.297894 1.309731
v -0.477396 -0.382309 1.624775
v -0.399729 -0.382309 1.624775
v -0.361998 -0.297894 1.309731
v -0.622508 -0.315914 1.304905
v -0.361998 -0.315914 1.304905
v -0.399729 -0.400330 1.619948
v -0.477396 -0.400330 1.619948
v -0.361998 -0.297894 1.309731
v -0.399729 -0.382309 1.624775
v -0.399729 -0.400330 1.619948
v -0.361998 -0.315914 1.304905
v -0.443890 -0.267415 1.195986
v -0.443890 -0.285436 1.191160
v -0.443890 -0.262367 1.105065
v -0.443890 -0.244347 1.109891
v -0.477396 -0.400330 1.619948
v -0.399729 -0.400330 1.619948
v -0.399729 -0.382309 1.624775
v -0.477396 -0.382309 1.624775
v -1.604317 -0.310092 0.495546
v -1.524852 -0.220801 0.503205
v -1.615990 -0.269257 0.488526
v -1.324140 -0.319906 0.568213
v -1.734339 -0.381415 0.449749
v -1.378310 -0.401083 0.550371
v 1.445919 0.863325 -0.000017
v 1.445919 0.863325 0.010783
v 1.890285 0.757525 -0.000017
v 1.890285 0.757525 0.010783
v 1.962145 0.803733 -0.000017
v 1.962145 0.803733 0.010783
v 1.938124 0.784727 0.010783
v 1.938124 0.784727 -0.000017
v 1.517551 0.721652 0.010783
v 1.811465 0.721652 0.010783
v 1.890285 0.757525 0.010783
v 1.438731 0.757525 0.010783
v 1.962145 0.803733 0.010783
v 1.390974 0.803733 0.010783
v 1.400583 0.784727 0.010783
v 1.938124 0.784727 0.010783
v 1.981807 0.829938 -0.000017
v 1.981807 0.829938 0.010783
v 1.402121 0.829938 0.010783
v 1.981807 0.829938 0.010783
v 1.438731 0.757525 -0.000017
v 1.438731 0.757525 0.010783
v 1.400583 0.784727 -0.000017
v 1.400583 0.784727 0.010783
v 1.390974 0.803733 0.010783
v 1.390974 0.803733 -0.000017
v 1.402121 0.829938 -0.000017
v 1.402121 0.829938 0.010783
v -1.178480 0.256606 0.071778
v -1.177332 0.267709 -0.000017
v -1.464470 0.160469 -0.000017
v -1.461431 0.151190 0.072017
v -1.067400 0.196970 0.262465
v -1.162697 0.245502 0.143574
v -1.441455 0.141912 0.144045
v -1.327233 0.101370 0.263662
v -0.495021 0.050856 0.564691
v -0.706159 0.133982 0.493319
v -0.954180 0.320509 0.071323
v -0.949835 0.332718 -0.000017
v -0.860756 0.254927 0.260585
v -0.941586 0.308295 0.142663
v -0.509602 0.187286 0.488222
v -0.156140 0.123572 0.549851
v -0.348305 0.083279 0.558371
v -0.616685 0.159001 0.491088
v -0.757914 0.281646 0.259540
v -0.780208 0.350067 0.141617
v -0.789941 0.363147 0.070798
v -0.348305 0.083279 0.558371
v -0.346626 0.055027 -0.000017
v -0.153096 0.095634 -0.000017
v -0.156140 0.123572 0.549851
v -0.658219 0.305966 0.258445
v -0.585449 0.398414 0.140155
v -0.582995 0.412573 0.070072
v -1.388260 -0.479009 0.528450
v -1.725781 -0.479134 0.433618
v -1.665138 -0.584603 0.404933
v -1.376674 -0.561112 0.494543
v -1.605281 -0.662714 0.369466
v -1.389436 -0.642581 0.455236
v -1.701136 -0.308456 0.463821
v -1.852255 -0.318292 0.354593
v -1.834099 -0.249601 0.339480
v -1.969555 -0.260276 0.258072
v -1.987266 -0.333474 0.287261
v -1.883368 -0.351040 0.390223
v -1.812964 -0.177664 0.315161
v -1.946491 -0.175043 0.213489
v -1.685786 -0.185578 0.380933
v -1.690022 -0.238594 0.402432
v -2.240415 -0.469167 0.079318
v -2.208880 -0.468658 0.158653
v -2.215147 -0.461444 0.146081
v -2.242067 -0.461866 0.073034
v -2.250132 -0.360860 0.093087
v -2.267503 -0.359522 -0.000017
v -2.267471 -0.376719 -0.000017
v -2.261052 -0.377700 0.080454
v -2.228710 -0.378675 0.160927
v -2.242067 -0.461866 0.073034
v -2.215147 -0.461444 0.146081
v -2.209959 -0.458183 0.141330
v -2.227876 -0.458605 0.070657
v -2.261052 -0.377700 0.080454
v -2.267471 -0.376719 -0.000017
v -2.261074 -0.384178 -0.000017
v -2.259405 -0.384996 0.073987
v -2.231814 -0.385819 0.147987
v -2.228710 -0.378675 0.160927
v -2.245220 -0.381740 0.071610
v -2.246888 -0.380917 -0.000017
v -2.228867 -0.459033 -0.000017
v -2.227876 -0.458605 0.070657
v -2.226619 -0.382558 0.143243
v -2.209959 -0.458183 0.141330
v -2.215147 -0.461444 0.146081
v -2.231814 -0.385819 0.147987
v -2.259405 -0.384996 0.073987
v -2.261074 -0.384178 -0.000017
v -2.246888 -0.380917 -0.000017
v -2.245220 -0.381740 0.071610
v 1.114968 0.709487 -0.000017
v 1.151426 0.698540 0.053833
v 0.849680 0.695008 0.060474
v 0.808629 0.706286 -0.000017
v 0.575943 0.694987 -0.000017
v 0.620840 0.683764 0.064347
v 1.192889 0.650463 0.107553
v 0.664827 0.630921 0.128033
v 0.891642 0.643590 0.120759
v 1.220107 0.599180 0.133401
v 0.688920 0.573246 0.157953
v 0.916173 0.587833 0.149553
v -0.082460 0.435555 0.140773
v 0.145487 0.529909 0.139197
v 0.101510 0.584881 0.070186
v -0.123896 0.491095 0.070879
v 0.454788 0.607906 0.133861
v 0.409712 0.661849 0.067439
v 0.264746 0.634295 0.069032
v 0.309702 0.579827 0.136905
v 0.362378 0.672991 -0.000017
v 0.216940 0.645334 -0.000017
v -0.061287 0.374116 0.173012
v 0.167770 0.469212 0.170959
v 0.332696 0.519840 0.168224
v 0.478322 0.548710 0.164692
v 0.054544 0.595876 -0.000017
v -2.177086 -0.341231 0.161161
v -2.215830 -0.362192 0.186189
v -2.238168 -0.486701 -0.000017
v -2.246027 -0.469671 -0.000017
v -2.158756 -0.513512 -0.000017
v -2.146797 -0.480022 -0.000017
v -2.158756 -0.513512 -0.000017
v -0.782738 0.376228 -0.000017
v -0.580546 0.426731 -0.000017
v -2.246027 -0.469671 -0.000017
v -2.243053 -0.462294 -0.000017
v -2.243053 -0.462294 -0.000017
v -2.228867 -0.459033 -0.000017
v -2.226619 -0.382558 0.143243
v -2.209959 -0.458183 0.141330
v -2.231814 -0.385819 0.147987
v -2.226619 -0.382558 0.143243
v -0.601373 -0.206610 0.912104
v -0.765616 -0.285252 0.717620
v -0.758022 -0.264268 0.719575
v -0.853152 -0.364218 0.727180
v -0.780685 -0.307849 0.715427
v -0.616295 -0.146704 0.740743
v -0.577557 -0.130021 0.747373
v -0.252482 0.010016 1.006145
v -0.853152 -0.364218 1.097033
v -0.948996 -0.412620 1.072469
v -1.022546 -0.449760 0.796002
v -0.948996 -0.412620 0.751743
v -0.252482 0.010016 0.818069
v -0.616295 -0.139674 1.083476
v -0.659741 -0.156703 1.089768
v -0.738788 -0.213576 1.099469
v -0.755666 -0.238697 1.102330
v -0.691351 -0.174621 1.093328
v -0.720134 -0.194986 1.096859
v -0.755666 -0.238697 0.721877
v -1.022546 -0.449760 1.028211
v -1.068776 -0.473111 0.972416
v -0.427477 -0.065371 0.777195
v -0.758022 -0.264268 1.104638
v -0.765616 -0.285252 1.106598
v -0.691351 -0.174621 0.730885
v -0.640220 -0.145637 0.736643
v -0.427477 -0.065371 1.047017
v -0.640220 -0.152668 0.736643
v -0.738788 -0.213576 0.724743
v -0.720134 -0.194986 0.727354
v -0.577557 -0.130021 1.076840
v -0.780685 -0.307849 1.108787
v -1.084543 -0.481073 0.912104
v -1.068776 -0.473111 0.851797
v -0.601373 -0.206610 0.912104
v -0.640220 -0.145637 0.736643
v -0.640220 -0.152668 0.736643
v -0.685859 -0.215098 1.127922
v -0.727891 -0.122254 1.112517
v -0.795190 -0.100827 1.100856
v -0.773557 -0.115635 1.107736
v -0.531527 -0.063572 1.067091
v -0.519064 -0.063637 1.085468
v -0.504971 -0.041533 1.076868
v -0.519070 -0.044041 1.059491
v -0.750575 -0.122953 1.111722
v -0.750575 -0.122953 1.111722
v -0.736123 -0.115993 1.090289
v -0.756436 -0.109526 1.086774
v -0.773557 -0.115635 1.107736
v -0.371607 -0.084984 1.072773
v -0.504971 -0.041533 1.076868
v -0.519064 -0.063637 1.085468
v -0.558475 -0.087643 1.096599
v -0.550339 -0.161979 1.108288
v -0.537334 -0.079383 1.092207
v 0.527645 0.522982 0.083749
v 0.506586 -0.044831 -0.000017
v 0.529887 0.523458 -0.000017
v 0.510821 0.092741 0.117147
v 0.505280 -0.046554 0.095090
v 0.291493 -0.440384 0.154455
v 0.263701 -0.460209 0.162813
v 0.224621 -0.487800 0.136315
v 0.451744 -0.151080 0.151009
v 0.480039 -0.137388 0.135199
v 0.489426 -0.059071 0.155007
v 0.460096 -0.081392 0.168641
v 0.459787 -0.111865 0.153989
v 0.489085 -0.093325 0.138546
v 0.492254 -0.093130 0.125362
v 0.480039 -0.137388 0.135199
v 0.493830 -0.019271 0.151816
v 0.489426 -0.059071 0.155007
v 0.489085 -0.093325 0.138546
v 0.452546 -0.071291 0.189358
v 0.480944 -0.047718 0.178292
v 0.480944 -0.047718 0.178292
v 0.114364 -0.116296 0.393889
v 0.126366 -0.132307 0.381193
v 0.180612 -0.075450 0.361883
v 0.175325 -0.052398 0.372186
v 0.134182 -0.079946 0.386084
v 0.144002 -0.099965 0.374250
v 0.222070 -0.044176 0.357502
v 0.139182 0.430068 0.320589
v 0.098802 0.022208 0.382114
v 0.175325 -0.052398 0.372186
v 0.222070 -0.044176 0.357502
v 0.222200 -0.068138 0.348813
v 0.014625 -0.426486 0.401943
v 0.037617 -0.408314 0.388359
v -0.096456 -0.401131 0.433922
v -0.016135 -0.411878 0.414261
v -0.029449 -0.390369 0.422640
v -0.001597 -0.376178 0.406769
v -0.029449 -0.390369 0.422640
v -0.016135 -0.411878 0.414261
v 0.010254 -0.395314 0.399322
v -0.020230 -0.370176 0.423870
v -0.020230 -0.370176 0.423870
v 0.006603 -0.358211 0.407870
v 0.283974 -0.420679 0.168147
v 0.291493 -0.440384 0.154455
v 0.235226 -0.451093 0.195512
v 0.236705 -0.474562 0.185209
v 0.263701 -0.460209 0.162813
v 0.259243 -0.438321 0.175584
v 0.240285 -0.481555 -0.000017
v 0.220824 -0.477958 0.213087
v 0.236705 -0.474562 0.185209
v 0.220824 -0.477958 0.213087
v 0.221095 -0.454110 0.220319
v 0.114364 -0.116296 0.393889
v 0.134182 -0.079946 0.386084
v 0.014625 -0.426486 0.401943
v -0.726093 -0.356700 0.578287
v -0.744622 -0.263543 0.578287
v -0.756749 -0.263543 0.539419
v -0.737299 -0.361347 0.539419
v -0.673320 -0.435683 0.578287
v -0.681894 -0.444257 0.539419
v -0.713228 -0.351376 0.596812
v -0.663473 -0.425836 0.596812
v -0.647212 -0.409576 0.611669
v -0.691979 -0.342574 0.611669
v -0.707703 -0.263543 0.611669
v -0.730696 -0.263543 0.596812
v -0.726093 -0.170379 0.578287
v -0.737299 -0.165737 0.539419
v -0.691979 -0.184511 0.611669
v -0.713228 -0.175709 0.596812
v -0.589013 -0.475591 0.596812
v -0.580211 -0.454343 0.611669
v -0.594342 -0.488450 0.578287
v -0.598984 -0.499662 0.539419
v -0.673320 -0.091402 0.578287
v -0.681894 -0.082822 0.539419
v -0.663473 -0.101244 0.596812
v -0.647212 -0.117509 0.611669
v -0.501179 -0.493060 0.596812
v -0.501179 -0.470067 0.611669
v -0.501179 -0.506985 0.578287
v -0.501179 -0.519113 0.539419
v -0.413346 -0.475591 0.596812
v -0.422148 -0.454343 0.611669
v -0.408016 -0.488450 0.578287
v -0.403374 -0.499662 0.539419
v -0.338886 -0.425836 0.596812
v -0.355146 -0.409576 0.611669
v -0.329039 -0.435683 0.578287
v -0.320459 -0.444257 0.539419
v -0.289130 -0.351376 0.596812
v -0.310374 -0.342574 0.611669
v -0.276266 -0.356700 0.578287
v -0.265059 -0.361347 0.539419
v -0.367637 -0.263543 0.618255
v -0.377803 -0.314647 0.618255
v -0.333426 -0.333025 0.618255
v -0.319603 -0.263543 0.618255
v -0.271657 -0.263543 0.596812
v -0.294655 -0.263543 0.611669
v -0.257736 -0.263543 0.578287
v -0.245604 -0.263543 0.539419
v -0.377803 -0.212438 0.618255
v -0.333426 -0.194055 0.618255
v -0.289130 -0.175709 0.596812
v -0.310374 -0.184511 0.611669
v -0.276266 -0.170379 0.578287
v -0.265059 -0.165737 0.539419
v -0.338886 -0.101244 0.596812
v -0.355146 -0.117509 0.611669
v -0.329039 -0.091402 0.578287
v -0.320459 -0.082822 0.539419
v -0.413346 -0.051494 0.596812
v -0.422148 -0.072737 0.611669
v -0.408016 -0.038629 0.578287
v -0.403374 -0.027423 0.539419
v -0.501179 -0.034020 0.596812
v -0.501179 -0.057018 0.611669
v -0.501179 -0.020100 0.578287
v -0.501179 -0.007967 0.539419
v -0.589013 -0.051494 0.596812
v -0.580211 -0.072737 0.611669
v -0.594342 -0.038629 0.578287
v -0.598984 -0.027423 0.539419
v -0.629571 -0.391934 0.618255
v -0.668933 -0.333025 0.618255
v -0.682750 -0.263543 0.618255
v -0.668933 -0.194055 0.618255
v -0.570662 -0.431296 0.618255
v -0.629571 -0.135151 0.618256
v -0.501179 -0.445113 0.618255
v -0.431692 -0.431296 0.618255
v -0.372787 -0.391934 0.618255
v -0.372787 -0.135151 0.618256
v -0.431692 -0.095789 0.618256
v -0.501179 -0.081967 0.618256
v -0.570662 -0.095789 0.618256
v -0.306750 -0.069113 0.477292
v -0.395954 -0.009511 0.477292
v -0.395954 -0.517574 0.477292
v -0.306750 -0.457972 0.477292
v -0.776140 -0.263543 0.477292
v -0.755211 -0.368763 0.477292
v -0.501179 0.011419 0.477292
v -0.247147 -0.368763 0.477292
v -0.695608 -0.457972 0.477292
v -0.606399 -0.009511 0.477292
v -0.226218 -0.263543 0.477292
v -0.606399 -0.517574 0.477292
v -0.695608 -0.069113 0.477292
v -0.247147 -0.158317 0.477292
v -0.501179 -0.538504 0.477292
v -0.755211 -0.158317 0.477292
v -1.442202 -0.677495 0.118001
v -1.379859 -0.677495 0.050697
v -0.670931 -0.677495 0.050697
v -0.670931 -0.677495 0.279315
v -1.442202 -0.677495 0.212010
v -1.379859 -0.677495 0.279315
v -1.462064 -0.567075 0.107278
v -1.442202 -0.677495 0.118001
v -1.442202 -0.677495 0.212010
v -1.462064 -0.567075 0.222729
v -1.396753 -0.567075 0.024628
v -1.462064 -0.567075 0.107278
v -1.462064 -0.567075 0.222729
v -1.396753 -0.567075 0.305384
v -0.588720 -0.567075 0.222729
v -0.608588 -0.677495 0.212010
v -0.608588 -0.677495 0.118001
v -0.588720 -0.567075 0.107278
v -1.396753 -0.567075 0.305384
v -1.379859 -0.677495 0.279315
v -0.670931 -0.677495 0.279315
v -0.654037 -0.567075 0.305384
v -0.608588 -0.677495 0.118001
v -0.608588 -0.677495 0.212010
v -0.670931 -0.677495 0.050697
v -0.654037 -0.567075 0.024628
v -1.396753 -0.567075 0.024628
v -1.379859 -0.677495 0.050697
v -1.379859 -0.677495 0.279315
v -1.396753 -0.567075 0.305384
v -0.654037 -0.567075 0.305384
v -0.670931 -0.677495 0.279315
v -0.654037 -0.567075 0.024628
v -0.670931 -0.677495 0.050697
v -1.379859 -0.677495 0.050697
v -1.396753 -0.567075 0.024628
v 1.621521 0.758733 -0.000017
v 1.621521 0.758733 0.028447
v 1.707496 0.758733 0.028447
v 1.707496 0.758733 -0.000017
v 1.782400 0.621030 0.048135
v 1.782400 0.621030 -0.000017
v 1.761195 0.696016 -0.000017
v 1.761195 0.696016 0.037410
v 1.546616 0.621030 -0.000017
v 1.782400 0.621030 -0.000017
v 1.782400 0.621030 0.048135
v 1.546616 0.621030 0.048135
v 1.567822 0.696016 0.037410
v 1.567822 0.696016 -0.000017
v 1.546616 0.621030 -0.000017
v 1.546616 0.621030 0.048135
v 1.600228 0.749395 0.029778
v 1.600228 0.749395 -0.000017
v 1.582381 0.728553 -0.000017
v 1.582381 0.728553 0.032764
v 1.746635 0.728553 0.032764
v 1.746635 0.728553 -0.000017
v 1.728788 0.749395 -0.000017
v 1.728788 0.749395 0.029778
v 1.582381 0.728553 0.032764
v 1.567822 0.696016 0.037410
v 1.664511 0.689884 0.038288
v 1.728788 0.749395 0.029778
v 1.707496 0.758733 0.028447
v 1.546616 0.621030 0.048135
v 1.782400 0.621030 0.048135
v 1.761195 0.696016 0.037410
v 1.621521 0.758733 0.028447
v 1.746635 0.728553 0.032764
v 1.600228 0.749395 0.029778
v 1.350064 0.367724 0.290203
v 1.610265 0.367724 0.290203
v 1.610265 0.341899 0.283279
v 1.350064 0.341899 0.283279
v 1.350064 0.367724 0.290203
v 1.350064 0.341899 0.283279
v 1.350064 0.333259 0.315514
v 1.350064 0.359090 0.322436
v 1.350064 0.359090 0.322436
v 1.610265 0.359090 0.322436
v 1.610265 0.367724 0.290203
v 1.350064 0.367724 0.290203
v 1.350064 0.341899 0.283279
v 1.610265 0.341899 0.283279
v 1.610265 0.333259 0.315514
v 1.350064 0.333259 0.315514
v -0.477396 -0.382309 1.624775
v -0.622508 -0.297894 1.309731
v -0.622508 -0.315914 1.304905
v -0.477396 -0.400330 1.619948
v -0.558074 -0.267415 1.195986
v -0.622004 -0.278855 1.238662
v -0.379959 -0.278855 1.238662
v -0.443890 -0.267415 1.195986
v -0.622004 -0.278855 1.238662
v -0.558074 -0.267415 1.195986
v -0.558074 -0.285436 1.191160
v -0.622004 -0.296870 1.233835
v -0.443890 -0.267415 1.195986
v -0.379959 -0.278855 1.238662
v -0.379959 -0.296870 1.233835
v -0.443890 -0.285436 1.191160
v -0.558074 -0.285436 1.191160
v -0.443890 -0.285436 1.191160
v -0.379959 -0.296870 1.233835
v -0.622004 -0.296870 1.233835
v -0.558074 -0.244347 1.109891
v -0.558074 -0.262367 1.105065
v -0.558074 -0.285436 1.191160
v -0.558074 -0.267415 1.195986
v -0.443890 -0.244347 1.109891
v -0.558074 -0.244347 1.109891
v -0.558074 -0.262367 1.105065
v -0.443890 -0.262367 1.105065
v -0.558074 -0.244347 1.109891
v -0.443890 -0.244347 1.109891
v -0.443890 -0.262367 1.105065
v -0.558074 -0.262367 1.105065
v -0.633969 -0.291232 1.284854
v -0.359019 -0.291232 1.284854
v -0.633823 -0.285739 1.264357
v -0.364197 -0.285739 1.264357
v -0.633969 -0.291232 1.284854
v -0.633969 -0.309247 1.280028
v -0.633823 -0.303754 1.259526
v -0.633823 -0.285739 1.264357
v -0.359019 -0.291232 1.284854
v -0.359019 -0.309247 1.280028
v -0.364197 -0.285739 1.264357
v -0.364197 -0.303754 1.259526
v -0.633969 -0.309247 1.280028
v -0.359019 -0.309247 1.280028
v -0.364197 -0.303754 1.259526
v -0.633823 -0.303754 1.259526
v 1.524512 0.194392 0.937101
v 1.243332 0.319111 0.471642
v 1.243332 0.293280 0.464720
v 1.524512 0.168561 0.930178
v 1.240391 0.340637 0.391305
v 1.719932 0.340637 0.391305
v 1.240391 0.340637 0.391305
v 1.350064 0.359090 0.322436
v 1.350064 0.333259 0.315514
v 1.240391 0.314805 0.384383
v 1.610265 0.359090 0.322436
v 1.719932 0.340637 0.391305
v 1.719932 0.314805 0.384383
v 1.610265 0.333259 0.315514
v 1.719932 0.314805 0.384383
v 1.240391 0.314805 0.384383
v 1.224082 0.327648 0.439777
v 1.748634 0.327648 0.439777
v 1.223189 0.334191 0.415355
v 1.741430 0.334191 0.415355
v 1.224082 0.327648 0.439777
v 1.224082 0.301822 0.432855
v 1.223189 0.308365 0.408438
v 1.223189 0.334191 0.415355
v 1.748634 0.327648 0.439777
v 1.748634 0.301822 0.432855
v 1.741430 0.334191 0.415355
v 1.741430 0.308365 0.408438
v 1.224082 0.301822 0.432855
v 1.748634 0.301822 0.432855
v 1.741430 0.308365 0.408438
v 1.223189 0.308365 0.408438
v -0.123896 0.491095 -0.000017
v -0.082460 0.435555 -0.000017
v -0.082460 0.435555 0.140773
v -0.123896 0.491095 0.070879
v 0.478322 0.548710 -0.000017
v 0.688920 0.573246 -0.000017
v 0.688920 0.573246 0.157953
v 0.478322 0.548710 0.164692
v 1.706564 0.607798 -0.000017
v 2.199267 0.612082 -0.000017
v 2.199267 0.612082 0.047854
v 1.706564 0.607798 0.101801
v 0.916173 0.587833 -0.000017
v 0.916173 0.587833 0.149553
v 1.220107 0.599180 -0.000017
v 1.220107 0.599180 0.133401
v 0.167770 0.469212 -0.000017
v 0.332696 0.519840 -0.000017
v 0.332696 0.519840 0.168224
v 0.167770 0.469212 0.170959
v -0.061287 0.374116 -0.000017
v -0.061287 0.374116 0.173012
v 2.242799 0.613209 0.040991
v 2.242799 0.613209 -0.000017
v -0.167802 0.502139 -0.000017
v -0.167802 0.502139 -0.000017
v -0.061287 0.374116 0.173012
v -0.061287 0.374116 -0.000017
v 2.257738 0.629930 -0.000017
v 2.242799 0.613209 0.040991
v 2.242799 0.613209 -0.000017
v 2.270109 0.643883 0.015940
v 2.257505 0.629670 0.030120
v 2.272676 0.646650 -0.000017
v 0.022424 0.159364 0.541742
v 0.026839 0.131735 -0.000017
v 2.358414 0.587990 -0.000017
v 2.397737 0.632540 -0.000017
v 2.392331 0.627758 0.013968
v 2.386931 0.622970 0.027948
v 0.329283 0.426233 -0.000017
v 0.407139 0.463801 -0.000017
v 0.409062 0.494843 0.282771
v 0.331813 0.457367 0.328220
v -1.389436 -0.642581 0.455236
v -1.605281 -0.662714 0.369466
v -1.359694 -0.642581 -0.000017
v -1.710366 -0.672518 0.319056
v 0.116265 0.201807 0.507029
v 0.128056 0.176621 -0.000017
v 0.216528 0.294824 -0.000017
v 0.218094 0.324848 0.433099
v 2.359838 0.599440 0.044306
v -1.164560 -0.244574 -0.000017
v -0.985693 -0.151958 -0.000017
v -1.015434 -0.123332 0.580503
v -1.194302 -0.215948 0.582615
v 2.359838 0.599440 0.044306
v 2.145741 0.585266 0.085638
v 2.145357 0.568399 -0.000017
v 2.358414 0.587990 -0.000017
v -0.825923 -0.087074 -0.000017
v -0.855665 -0.058448 0.576841
v -1.324140 -0.319906 0.568213
v -1.294398 -0.348537 -0.000017
v -1.805398 -0.681379 0.259950
v -0.655370 0.009577 0.570926
v -0.625628 -0.019054 -0.000017
v -0.494300 0.022387 -0.000017
v -0.495021 0.050856 0.564691
v -1.359694 -0.642581 -0.000017
v -1.724557 -0.649963 -0.000017
v 0.252218 0.357910 -0.000017
v 0.254601 0.388637 0.388999
v -0.453255 -0.379238 0.680344
v -0.501179 -0.388771 0.680344
v -0.501179 -0.397080 0.618255
v -0.450075 -0.386919 0.618255
v -0.626408 -0.263543 0.680344
v -0.616875 -0.215618 0.680344
v -0.624556 -0.212438 0.618255
v -0.634717 -0.263543 0.618255
v -0.453255 -0.147847 0.680344
v -0.412631 -0.174994 0.680344
v -0.406749 -0.169112 0.618256
v -0.450075 -0.140166 0.618256
v -0.412631 -0.352091 0.680344
v -0.406749 -0.357968 0.618255
v -0.616875 -0.311462 0.680344
v -0.624556 -0.314647 0.618255
v -0.501179 -0.138314 0.680344
v -0.501179 -0.130000 0.618256
v -0.385483 -0.311462 0.680344
v -0.377803 -0.314647 0.618255
v -0.589728 -0.352091 0.680344
v -0.595605 -0.357968 0.618255
v -0.549099 -0.147847 0.680344
v -0.552284 -0.140166 0.618256
v -0.375950 -0.263543 0.680344
v -0.367637 -0.263543 0.618255
v -0.549099 -0.379238 0.680344
v -0.552284 -0.386919 0.618255
v -0.589728 -0.174994 0.680344
v -0.595605 -0.169112 0.618256
v -0.385483 -0.215618 0.680344
v -0.377803 -0.212438 0.618255
v -0.992815 -0.055800 0.912104
v -0.925283 -0.127248 0.912104
v -0.989024 -0.073376 0.975455
v -0.925283 -0.137409 0.948735
v -0.925283 -0.366981 0.950951
v -0.925283 -0.376384 0.912104
v -1.155130 -0.486701 0.912104
v -1.138588 -0.470435 0.979294
v -0.925283 -0.366981 0.873263
v -1.138588 -0.470435 0.844918
v -0.480721 0.057778 0.821621
v -0.503649 -0.003103 0.783403
v -0.599542 -0.009960 0.775852
v -0.714902 -0.033527 0.767299
v -0.805796 -0.064834 0.761006
v -0.850769 -0.017830 0.803017
v -0.850769 -0.017830 1.024750
v -0.805796 -0.064834 1.066760
v -0.503649 -0.003103 1.044357
v -0.480721 0.057778 1.006145
v -0.879042 0.011722 0.972091
v -0.466303 0.096045 0.961642
v -0.461385 0.109099 0.913886
v -0.466303 0.096045 0.866124
v -0.601340 -0.087286 1.080388
v -0.682913 -0.104645 1.088052
v -0.925283 -0.341540 0.847150
v -1.105954 -0.426443 0.799761
v -0.925283 -0.306815 0.833457
v -1.080405 -0.366374 0.776074
v -0.925283 -0.252547 0.996075
v -0.925283 -0.306815 0.990757
v -1.080405 -0.366374 1.048138
v -1.056214 -0.272512 1.057341
v -0.925283 -0.341540 0.977063
v -1.105954 -0.426443 1.024451
v -0.990318 -0.120288 1.019929
v -0.925283 -0.164530 0.974447
v -0.925283 -0.197928 0.988178
v -1.029782 -0.195772 1.043680
v -0.989251 0.156867 0.334227
v -1.233230 0.067896 0.336150
v -1.243630 0.076595 0.359625
v -0.991011 0.168718 0.357632
v -1.686642 0.052221 0.072146
v -1.693071 0.059782 -0.000017
v -1.720793 0.068194 -0.000017
v -1.713312 0.060362 0.080488
v -0.580011 0.338047 0.278335
v -0.592295 0.320412 0.257638
v -1.693656 -0.284125 0.415117
v -1.852255 -0.318292 0.354593
v -1.857054 -0.329737 0.359306
v -1.680413 -0.291686 0.426707
v -1.987266 -0.333474 0.287261
v -2.007415 -0.346647 0.284314
v -1.937906 -0.101845 0.166095
v -1.794803 -0.122796 0.288490
v -1.793064 -0.112001 0.285679
v -1.945001 -0.088672 0.161073
v -2.144885 -0.334081 0.166170
v -2.177086 -0.341231 0.161161
v -1.427096 -0.015647 0.337357
v -1.444353 -0.009900 0.360876
v -0.804685 0.208735 0.331860
v -0.799918 0.222417 0.355184
v -0.771239 0.120170 0.435173
v -0.869168 0.089210 0.437194
v -0.866427 0.097800 0.450485
v -0.763552 0.130321 0.448362
v -0.826037 0.207787 0.362631
v -0.830722 0.193910 0.353558
v -1.207274 0.082499 0.366445
v -1.058018 0.029239 0.453481
v -1.051545 0.023947 0.440043
v -1.193625 0.074645 0.357193
v -0.763552 0.130321 0.448362
v -0.826037 0.207787 0.362631
v -0.830722 0.193910 0.353558
v -0.771239 0.120170 0.435173
v -1.051545 0.023947 0.440043
v -1.058018 0.029239 0.453481
v -0.646021 0.235043 0.342639
v -0.655072 0.153471 0.418990
v -0.654860 0.167456 0.439918
v -0.645149 0.254954 0.358016
v -0.724895 0.147783 0.441663
v -0.654860 0.167456 0.439918
v -0.655072 0.153471 0.418990
v -0.720356 0.135136 0.420614
v -0.644899 0.286483 0.322788
v -0.645783 0.264432 0.309799
v -0.784314 0.221453 0.360128
v -0.775750 0.203811 0.344610
v -0.707991 0.231728 0.331535
v -0.711625 0.251400 0.346105
v -0.644899 0.286483 0.322788
v -0.645783 0.264432 0.309799
v -2.206903 -0.335408 0.075293
v -2.217249 -0.334493 -0.000017
v -2.224870 -0.339129 -0.000017
v -2.209444 -0.340180 0.080575
v -2.138250 -0.270627 0.161112
v -2.177086 -0.341231 0.161161
v -2.144885 -0.334081 0.166170
v -2.106076 -0.271288 0.166128
v -2.052854 -0.177697 0.161080
v -2.021422 -0.181781 0.166100
v -1.542515 -0.208121 0.449636
v -1.512080 -0.207038 0.465159
v -1.620913 -0.249801 0.437010
v -1.599388 -0.253457 0.451097
v -1.254641 0.050531 0.351516
v -1.103127 -0.003536 0.439870
v -1.108110 0.007058 0.454706
v -1.259619 0.061126 0.366352
v -1.629406 -0.120131 0.368112
v -1.433617 -0.150051 0.458194
v -1.428634 -0.160651 0.443358
v -1.624423 -0.130725 0.353276
v -1.262419 -0.058318 0.456715
v -1.246836 -0.060349 0.463231
v -1.629406 -0.120131 0.368112
v -1.624423 -0.130725 0.353276
v -1.103127 -0.003536 0.439870
v -1.108110 0.007058 0.454706
v -1.569473 -0.003038 0.261078
v -1.782751 -0.119730 0.261403
v -1.792198 -0.102576 0.270735
v -1.578914 0.014111 0.270411
v -1.578914 0.014111 0.270411
v -1.569473 -0.003038 0.261078
v -1.947807 -0.100881 0.149385
v -2.044339 -0.180562 0.149390
v -2.051034 -0.172465 0.152624
v -1.954496 -0.092783 0.152618
v -2.077358 -0.169090 0.076307
v -2.051034 -0.172465 0.152624
v -2.044339 -0.180562 0.149390
v -2.070669 -0.177188 0.074686
v -2.179621 -0.336318 0.150604
v -2.177086 -0.341231 0.161161
v -2.195768 -0.341550 0.072769
v -2.206113 -0.340635 -0.000017
v -2.217249 -0.334493 -0.000017
v -2.206903 -0.335408 0.075293
v -1.954496 -0.092783 0.152618
v -1.947807 -0.100881 0.149385
v -2.086756 -0.165721 -0.000017
v -2.080061 -0.173813 -0.000017
v -2.168485 -0.342466 0.145556
v -2.179621 -0.336318 0.150604
v -0.775555 -0.096439 1.080691
v -0.756436 -0.109526 1.086774
v -0.716077 -0.115375 1.090998
v -0.736123 -0.115993 1.090289
v -0.519070 -0.044041 1.059491
v -0.531527 -0.063572 1.067091
v -0.547674 -0.077487 1.073042
v -0.566355 -0.084789 1.076927
v -0.403662 0.500937 0.074671
v -0.413481 0.517267 -0.000017
v -0.417278 0.491599 -0.000017
v -0.407973 0.475945 0.077601
v -2.007415 -0.346647 0.284314
v -2.038901 -0.368465 0.312924
v -0.123289 0.442715 0.286286
v -0.393846 0.484611 0.149353
v -0.398673 0.460297 0.155218
v -0.170179 0.427852 0.273314
v -1.883368 -0.351040 0.390223
v -1.857054 -0.329737 0.359306
v -0.204146 0.358148 0.345678
v -0.159726 0.369902 0.379167
v -1.701136 -0.308456 0.463821
v -1.680413 -0.291686 0.426707
v -0.236677 0.290848 0.434746
v -0.277533 0.282453 0.398873
v -0.450947 0.205620 0.447577
v -0.417804 0.210149 0.485601
v -0.985341 -0.035477 0.912104
v -0.981191 -0.054716 0.842783
v -0.989024 -0.073376 0.848759
v -0.992815 -0.055800 0.912104
v -0.487519 0.004789 1.059745
v -0.503649 -0.003103 1.044357
v -0.461574 0.073675 0.807707
v -0.487519 0.004789 0.764467
v -0.503649 -0.003103 0.783403
v -0.480721 0.057778 0.821621
v -0.879042 0.011722 0.855675
v -0.912288 0.021558 0.846239
v -0.445260 0.116980 0.858070
v -0.466303 0.096045 0.866124
v -0.888684 0.021797 0.913886
v -0.923202 0.032965 0.912104
v -0.981191 -0.054716 0.981429
v -0.989024 -0.073376 0.975455
v -0.805796 -0.064834 0.761006
v -0.714902 -0.033527 0.767299
v -0.726558 -0.029638 0.746241
v -0.829411 -0.065062 0.739124
v -0.487519 0.004789 0.764467
v -0.596027 -0.002967 0.755920
v -0.599542 -0.009960 0.775852
v -0.503649 -0.003103 0.783403
v -0.598063 -0.090470 1.100510
v -0.601340 -0.087286 1.080388
v -0.682913 -0.104645 1.088052
v -0.690365 -0.110018 1.109187
v -1.105954 -0.426443 1.024451
v -1.109144 -0.441078 1.035046
v -1.105954 -0.426443 0.799761
v -1.109144 -0.441078 0.789166
v -1.080405 -0.366374 0.776074
v -1.056214 -0.272512 0.766872
v -1.054547 -0.272631 0.753179
v -1.081190 -0.375344 0.763248
v -0.982605 -0.106048 1.030101
v -0.990318 -0.120288 1.019929
v -1.029782 -0.195772 1.043680
v -1.023857 -0.186986 1.056089
v -0.982605 -0.106048 0.794111
v -0.990318 -0.120288 0.804283
v -1.023857 -0.186986 0.768123
v -1.029782 -0.195772 0.780532
v 0.105378 -0.227783 0.392193
v 0.054966 -0.312556 0.402252
v 0.033805 -0.301241 0.374341
v 0.084210 -0.216468 0.364283
v 0.317015 -0.060593 0.285636
v 0.401030 -0.060680 0.224024
v 0.422192 -0.071995 0.251935
v 0.338177 -0.071914 0.313547
v 0.176014 -0.437698 0.264127
v 0.109142 -0.422949 0.326953
v 0.130304 -0.434269 0.354863
v 0.197176 -0.449013 0.292032
v 0.399080 -0.254492 0.130877
v 0.328752 -0.356483 0.137398
v 0.349920 -0.367804 0.165309
v 0.420242 -0.265807 0.158787
v -0.846933 0.094404 0.457441
v -1.069919 0.014609 0.460924
v -1.063895 0.011256 0.499532
v -0.831139 0.094556 0.495898
v -1.246836 -0.060349 0.463231
v -1.443118 -0.165526 0.464920
v -1.453453 -0.176765 0.503708
v -1.248569 -0.066985 0.501937
v -1.233230 0.067896 0.336150
v -0.989251 0.156867 0.334227
v -1.686642 0.052221 0.072146
v -1.663286 0.044660 0.144304
v -1.533833 0.011614 0.264381
v -1.427096 -0.015647 0.337357
v -0.706159 0.133982 0.493319
v -0.727197 0.132260 0.454970
v -0.804685 0.208735 0.331860
v -0.641482 0.156331 0.452837
v -0.509602 0.187286 0.488222
v -0.639889 0.285605 0.287715
v -0.592295 0.320412 0.257638
v -0.718764 0.244137 0.315280
v -0.417154 0.438485 0.138731
v -0.426134 0.453602 0.069356
v -0.435120 0.468714 -0.000017
v -0.616685 0.159001 0.491088
v -0.229582 0.333097 0.324445
v -0.200522 0.392732 0.262530
v -0.551162 0.315894 0.266825
v -0.593324 0.285064 0.293474
v -0.593589 0.252050 0.330359
v -0.292375 0.268332 0.369955
v -0.440737 0.202598 0.411622
v -0.603756 0.160425 0.416124
v -0.396013 0.420491 0.161490
v -0.869168 0.089210 0.437194
v -0.987014 0.149988 0.355562
v -1.193625 0.074645 0.357193
v -1.051545 0.023947 0.440043
v -0.771239 0.120170 0.435173
v -0.830722 0.193910 0.353558
v -0.775750 0.203811 0.344610
v -0.720356 0.135136 0.420614
v -0.655072 0.153471 0.418990
v -0.646021 0.235043 0.342639
v -0.707991 0.231728 0.331535
v -0.645783 0.264432 0.309799
v -1.512080 -0.207038 0.465159
v -1.524852 -0.220801 0.503205
v -1.615990 -0.269257 0.488526
v -1.599388 -0.253457 0.451097
v -1.480600 -0.170851 0.449424
v -1.682152 -0.140042 0.356695
v -1.542515 -0.208121 0.449636
v -1.620913 -0.249801 0.437010
v -1.693656 -0.284125 0.415117
v -1.937906 -0.101845 0.166095
v -2.021422 -0.181781 0.166100
v -2.106076 -0.271288 0.166128
v -2.144885 -0.334081 0.166170
v -1.794803 -0.122796 0.288490
v -1.257436 -0.068913 0.441880
v -1.429712 -0.024915 0.352605
v -1.624423 -0.130725 0.353276
v -1.428634 -0.160651 0.443358
v -1.103127 -0.003536 0.439870
v -1.254641 0.050531 0.351516
v -1.710675 0.034607 0.074871
v -1.714926 0.041621 -0.000017
v -1.951414 -0.089279 -0.000017
v -1.943572 -0.094061 0.074908
v -1.569473 -0.003038 0.261078
v -1.689486 0.027598 0.149759
v -1.918797 -0.098839 0.149829
v -1.782751 -0.119730 0.261403
v -1.972571 -0.096103 0.074686
v -1.980404 -0.091326 -0.000017
v -2.080061 -0.173813 -0.000017
v -2.070669 -0.177188 0.074686
v -2.157202 -0.270410 0.074231
v -2.129795 -0.272360 0.148481
v -2.053856 -0.189722 0.148447
v -2.079969 -0.186369 0.074216
v -2.161373 -0.279207 0.072748
v -2.171074 -0.277300 -0.000017
v -2.206113 -0.340635 -0.000017
v -2.195768 -0.341550 0.072769
v -0.393846 0.484611 0.149353
v -0.398673 0.460297 0.155218
v -1.693071 0.059782 -0.000017
v -1.947807 -0.100881 0.149385
v -2.044339 -0.180562 0.149390
v -2.167677 -0.268466 -0.000017
v -2.089155 -0.183016 -0.000017
v -2.134740 -0.281113 0.145512
v -2.168485 -0.342466 0.145556
v -0.775555 -0.096439 1.080691
v -0.795190 -0.100827 1.100856
v -0.727891 -0.122254 1.112517
v -0.716077 -0.115375 1.090998
v -0.547674 -0.077487 1.073042
v -0.537334 -0.079383 1.092207
v -0.566355 -0.084789 1.076927
v -0.558475 -0.087643 1.096599
v 0.430577 -0.139760 0.123104
v 0.451744 -0.151080 0.151009
v 0.460096 -0.081392 0.168641
v 0.438934 -0.070072 0.140730
v 0.438625 -0.100550 0.126078
v 0.459787 -0.111865 0.153989
v 0.431383 -0.059976 0.161448
v 0.452546 -0.071291 0.189358
v 0.126366 -0.132307 0.381193
v 0.105199 -0.120992 0.353281
v 0.159445 -0.064135 0.333973
v 0.180612 -0.075450 0.361883
v 0.144002 -0.099965 0.374250
v 0.122840 -0.088645 0.346338
v 0.222200 -0.068138 0.348813
v 0.201038 -0.056823 0.320908
v 0.037617 -0.408314 0.388359
v 0.016455 -0.396999 0.360454
v 0.010254 -0.395314 0.399322
v -0.010914 -0.383999 0.371411
v -0.022759 -0.364857 0.378864
v -0.001597 -0.376178 0.406769
v 0.006603 -0.358211 0.407870
v -0.014559 -0.346891 0.379958
v 0.262812 -0.409364 0.140237
v 0.283974 -0.420679 0.168147
v 0.259243 -0.438321 0.175584
v 0.238081 -0.427006 0.147674
v 0.214064 -0.439772 0.167601
v 0.235226 -0.451093 0.195512
v 0.221095 -0.454110 0.220319
v 0.199933 -0.442795 0.192407
v -0.001597 -0.376178 0.406769
v -0.022759 -0.364857 0.378864
v -0.624556 -0.314647 0.618255
v -0.634717 -0.263543 0.618255
v -0.595605 -0.357968 0.618255
v -0.552284 -0.386919 0.618255
v -0.624556 -0.212438 0.618255
v -0.595605 -0.169112 0.618256
v -0.501179 -0.397080 0.618255
v -0.450075 -0.386919 0.618255
v -0.406749 -0.357968 0.618255
v -0.406749 -0.169112 0.618256
v -0.450075 -0.140166 0.618256
v -0.501179 -0.130000 0.618256
v -0.552284 -0.140166 0.618256
v 0.716268 0.269432 -0.287810
v 0.757736 0.276831 -0.285898
v 0.762248 0.244289 -0.295079
v 0.720801 0.236890 -0.296915
v 0.762546 0.276966 -0.167424
v 0.719951 0.269567 -0.169888
v 0.725123 0.237047 -0.160772
v 0.767875 0.244446 -0.158313
v 0.732121 0.171903 -0.229106
v 0.774175 0.179302 -0.227000
v 0.774430 0.188060 -0.192768
v 0.732024 0.180661 -0.195026
v 0.729522 0.204505 -0.169991
v 0.772192 0.211904 -0.167607
v 0.725752 0.204369 -0.287869
v 0.767285 0.211768 -0.286017
v 0.771591 0.187979 -0.261118
v 0.729847 0.180580 -0.263078
v 0.713397 0.293275 -0.262965
v 0.755022 0.300674 -0.260896
v 0.757757 0.300755 -0.192474
v 0.715488 0.293356 -0.194874
v 0.713077 0.302033 -0.228955
v 0.754984 0.309432 -0.226706
v 0.772192 0.211904 -0.167607
v 0.780826 0.220310 -0.180428
v 0.777592 0.244424 -0.173355
v 0.767875 0.244446 -0.158313
v 0.771591 0.187979 -0.261118
v 0.780236 0.202582 -0.251000
v 0.782224 0.196153 -0.225304
v 0.774175 0.179302 -0.227000
v 0.782462 0.202641 -0.199467
v 0.774430 0.188060 -0.192768
v 0.757757 0.300755 -0.192474
v 0.769912 0.286152 -0.199050
v 0.767762 0.292587 -0.224865
v 0.754984 0.309432 -0.226706
v 0.762546 0.276966 -0.167424
v 0.773563 0.268527 -0.180174
v 0.767285 0.211768 -0.286017
v 0.776964 0.220207 -0.269713
v 0.755022 0.300674 -0.260896
v 0.767740 0.286098 -0.250659
v 0.769761 0.268424 -0.269530
v 0.757736 0.276831 -0.285898
v 0.773156 0.244310 -0.276489
v 0.762248 0.244289 -0.295079
v 0.773563 0.268527 -0.180174
v 0.777592 0.244424 -0.173355
v 0.808819 0.251325 -0.171795
v 0.799036 0.273982 -0.178841
v 0.769912 0.286152 -0.199050
v 0.790733 0.290453 -0.197940
v 0.767762 0.292587 -0.224865
v 0.786286 0.296335 -0.223885
v 0.767740 0.286098 -0.250659
v 0.786893 0.290041 -0.249694
v 0.769761 0.268424 -0.269530
v 0.792228 0.273261 -0.268479
v 0.773156 0.244310 -0.276489
v 0.800732 0.250490 -0.275272
v 0.776964 0.220207 -0.269713
v 0.810108 0.227833 -0.268289
v 0.780236 0.202582 -0.251000
v 0.817962 0.211362 -0.249375
v 0.782224 0.196153 -0.225304
v 0.822365 0.205480 -0.223533
v 0.782462 0.202641 -0.199467
v 0.822170 0.211774 -0.197658
v 0.780826 0.220310 -0.180428
v 0.817279 0.228554 -0.178700
v 0.833442 0.265017 -0.171399
v 0.816667 0.283764 -0.178495
v 0.802763 0.297121 -0.197680
v 0.795619 0.301508 -0.223695
v 0.797059 0.295745 -0.249521
v 0.806474 0.281381 -0.268284
v 0.821173 0.262266 -0.275049
v 0.837260 0.243514 -0.268045
v 0.850645 0.230157 -0.249120
v 0.857951 0.225775 -0.223267
v 0.857198 0.231533 -0.197355
v 0.848310 0.245897 -0.178332
v 0.853266 0.286640 -0.171660
v 0.831990 0.300842 -0.178668
v 0.814425 0.310694 -0.197756
v 0.805694 0.313549 -0.223890
v 0.807833 0.308647 -0.249765
v 0.819987 0.297300 -0.268598
v 0.838766 0.282551 -0.275472
v 0.859035 0.268343 -0.268501
v 0.875956 0.258496 -0.249771
v 0.885082 0.255636 -0.223976
v 0.883912 0.260538 -0.197994
v 0.872365 0.271885 -0.178787
v 0.870436 0.313988 -0.171334
v 0.847752 0.326148 -0.178100
v 0.829028 0.334917 -0.197171
v 0.820198 0.337950 -0.223549
v 0.823005 0.334429 -0.249477
v 0.836399 0.325303 -0.268354
v 0.856732 0.313013 -0.275114
v 0.878133 0.300853 -0.268175
v 0.896089 0.292083 -0.249716
v 0.905519 0.289056 -0.223976
v 0.903883 0.292571 -0.197951
v 0.891143 0.301698 -0.178609
v 0.887270 0.342554 -0.168589
v 0.864890 0.355505 -0.175185
v 0.846999 0.366056 -0.194094
v 0.839064 0.371375 -0.219952
v 0.842785 0.370043 -0.245730
v 0.856776 0.362411 -0.264579
v 0.877228 0.350522 -0.271577
v 0.898374 0.337571 -0.265072
v 0.915452 0.327020 -0.246727
v 0.923994 0.321701 -0.221307
v 0.921519 0.323033 -0.195438
v 0.908167 0.330670 -0.176057
v 0.905583 0.368623 -0.162154
v 0.884996 0.384537 -0.167678
v 0.869797 0.399118 -0.185217
v 0.864191 0.408462 -0.209872
v 0.869445 0.410065 -0.234913
v 0.883782 0.403500 -0.253686
v 0.903184 0.390528 -0.261340
v 0.922640 0.374614 -0.255956
v 0.937346 0.360033 -0.238942
v 0.943586 0.350690 -0.214682
v 0.939458 0.349081 -0.189502
v 0.925619 0.355646 -0.170197
v 0.927412 0.389845 -0.150790
v 0.910848 0.409734 -0.153715
v 0.900400 0.429288 -0.168111
v 0.898943 0.443268 -0.189961
v 0.906662 0.447926 -0.213361
v 0.921200 0.442016 -0.232119
v 0.938559 0.427121 -0.241358
v 0.954278 0.407232 -0.238672
v 0.964455 0.387679 -0.224703
v 0.966486 0.373699 -0.203031
v 0.959618 0.369040 -0.179394
v 0.945346 0.374950 -0.160209
v 0.958833 0.406268 -0.130781
v 0.947209 0.428995 -0.130164
v 0.942188 0.451842 -0.140585
v 0.945124 0.468687 -0.159175
v 0.955052 0.475014 -0.180964
v 0.969108 0.469126 -0.200220
v 0.983489 0.452606 -0.211866
v 0.994533 0.429878 -0.212759
v 0.999499 0.407032 -0.202572
v 0.997095 0.390186 -0.183933
v 0.987746 0.383860 -0.161866
v 0.973745 0.389748 -0.142378
v 1.005241 0.418000 -0.102681
v 0.997761 0.441914 -0.099198
v 0.996353 0.465898 -0.107069
v 1.001358 0.483523 -0.124151
v 1.011264 0.490066 -0.145932
v 1.023256 0.483777 -0.166639
v 1.034143 0.466336 -0.180754
v 1.041196 0.442423 -0.184442
v 1.042685 0.418439 -0.176642
v 1.038184 0.400813 -0.159419
v 1.028705 0.394270 -0.137433
v 1.016632 0.400564 -0.116661
v 1.066013 0.424814 -0.075116
v 1.061973 0.449144 -0.069857
v 1.062033 0.473356 -0.076861
v 1.066122 0.490965 -0.094258
v 1.073012 0.497248 -0.117409
v 1.080757 0.490532 -0.140146
v 1.087317 0.472603 -0.156380
v 1.091081 0.448272 -0.161720
v 1.091146 0.424061 -0.154717
v 1.087452 0.406452 -0.137238
v 1.080828 0.400169 -0.114001
v 1.072963 0.406885 -0.091263
v 1.138508 0.427619 -0.059176
v 1.137787 0.452091 -0.053147
v 1.137316 0.476297 -0.060167
v 1.137229 0.493760 -0.078350
v 1.137538 0.499794 -0.102826
v 1.138166 0.492785 -0.127033
v 1.138941 0.474613 -0.144490
v 1.139661 0.450147 -0.150513
v 1.140127 0.425935 -0.143493
v 1.140219 0.408478 -0.125311
v 1.139910 0.402438 -0.100834
v 1.139282 0.409447 -0.076628
v 1.139910 0.402438 -0.100834
v 1.140138 0.393241 -0.100649
v 1.139391 0.401572 -0.071867
v 1.139282 0.409447 -0.076628
v 1.137787 0.452091 -0.053147
v 1.137608 0.452275 -0.043950
v 1.137051 0.481058 -0.052297
v 1.137316 0.476297 -0.060167
v 1.138941 0.474613 -0.144490
v 1.138984 0.479054 -0.152550
v 1.139840 0.449962 -0.159716
v 1.139661 0.450147 -0.150513
v 1.136942 0.501814 -0.073914
v 1.137229 0.493760 -0.078350
v 1.137311 0.508991 -0.103016
v 1.137538 0.499794 -0.102826
v 1.140127 0.425935 -0.143493
v 1.140393 0.421179 -0.151370
v 1.140501 0.400418 -0.129747
v 1.140219 0.408478 -0.125311
v 1.138166 0.492785 -0.127033
v 1.138058 0.500660 -0.131800
v 1.138508 0.427619 -0.059176
v 1.138464 0.423178 -0.051110
v 1.137311 0.508991 -0.103016
v 1.201972 0.510594 -0.101804
v 1.202714 0.502264 -0.130586
v 1.138058 0.500660 -0.131800
v 0.722599 0.236971 -0.228841
v 0.720801 0.236890 -0.296915
v 0.725752 0.204369 -0.287869
v 1.139840 0.449962 -0.159716
v 1.204496 0.451560 -0.158503
v 1.205054 0.422777 -0.150156
v 1.140393 0.421179 -0.151370
v 1.139391 0.401572 -0.071867
v 1.204047 0.403175 -0.070653
v 1.203120 0.424781 -0.049898
v 1.138464 0.423178 -0.051110
v 1.138984 0.479054 -0.152550
v 1.203641 0.480657 -0.151337
v 1.137608 0.452275 -0.043950
v 1.202270 0.453873 -0.042737
v 1.201712 0.482656 -0.051083
v 1.137051 0.481058 -0.052297
v 1.140501 0.400418 -0.129747
v 1.205163 0.402021 -0.128534
v 1.204794 0.394845 -0.099437
v 1.140138 0.393241 -0.100649
v 1.201604 0.503417 -0.072701
v 1.136942 0.501814 -0.073914
v -0.399837 -0.263596 -0.753620
v -0.399837 -0.263596 -0.689408
v -0.407551 -0.302367 -0.689408
v -0.407551 -0.302367 -0.753620
v -0.760140 0.066071 -0.913915
v -0.888684 0.021797 -0.913915
v -0.879042 0.011722 -0.855704
v -0.754876 0.054485 -0.858505
v -0.599542 -0.009960 -1.051942
v -0.714902 -0.033527 -1.060495
v -0.739449 0.020513 -1.019699
v -0.598161 0.049377 -1.012592
v -0.754876 0.054485 -0.969326
v -0.597289 0.086681 -0.965333
v -0.596996 0.099404 -0.913915
v -0.597289 0.086681 -0.862496
v -0.739449 0.020513 -0.808132
v -0.598161 0.049377 -0.815232
v -1.029782 -0.195772 -0.780562
v -0.925283 -0.197927 -0.836064
v -0.925283 -0.252547 -0.828167
v -1.056214 -0.272512 -0.766907
v -0.989024 -0.073376 -0.848787
v -0.925283 -0.137409 -0.875512
v -0.925283 -0.164529 -0.849795
v -0.990318 -0.120288 -0.804313
v -0.600907 -0.263596 -1.086445
v -0.593313 -0.225421 -1.086445
v -0.580893 -0.230567 -1.144618
v -0.587464 -0.263596 -1.144618
v -0.567877 -0.235956 -1.144618
v -0.580893 -0.230567 -1.144618
v -0.562185 -0.202564 -1.144618
v -0.552224 -0.212525 -1.144618
v -0.462977 -0.171435 -1.086445
v -0.430613 -0.193058 -1.086445
v -0.440119 -0.202564 -1.144618
v -0.468122 -0.183855 -1.144618
v -0.430613 -0.334130 -1.086445
v -0.462977 -0.355757 -1.086445
v -0.468122 -0.343338 -1.144618
v -0.440119 -0.324629 -1.144618
v -0.593313 -0.301772 -1.086445
v -0.580893 -0.296626 -1.144618
v -0.501152 -0.163841 -1.086445
v -0.501152 -0.177285 -1.144618
v -0.408991 -0.301772 -1.086445
v -0.421411 -0.296626 -1.144618
v -0.571686 -0.334130 -1.086445
v -0.562185 -0.324629 -1.144618
v -0.539327 -0.171435 -1.086445
v -0.534182 -0.183855 -1.144618
v -0.401397 -0.263596 -1.086445
v -0.414841 -0.263596 -1.144618
v -0.539327 -0.355757 -1.086445
v -0.534182 -0.343338 -1.144618
v -0.571686 -0.193058 -1.086445
v -0.562185 -0.202564 -1.144618
v -0.408991 -0.225421 -1.086445
v -0.421411 -0.230567 -1.144618
v -0.501152 -0.363346 -1.086445
v -0.501152 -0.349908 -1.144618
v -0.925283 -0.266153 -0.912139
v -0.925283 -0.366980 -0.950985
v -0.925283 -0.376383 -0.912139
v -0.925283 -0.252547 -0.828167
v -0.925283 -0.197927 -0.836064
v -0.925283 -0.306814 -0.833491
v -0.925283 -0.341539 -0.847184
v -0.925283 -0.197927 -0.988213
v -0.925283 -0.252547 -0.996110
v -0.925283 -0.306814 -0.990785
v -0.925283 -0.341539 -0.977093
v -0.925283 -0.164529 -0.849795
v -0.925283 -0.137409 -0.875512
v -0.925283 -0.127248 -0.912139
v -0.925283 -0.366980 -0.873291
v -0.925283 -0.164529 -0.974476
v -0.925283 -0.137409 -0.948764
v -0.175601 0.094285 -0.961975
v -0.179447 0.072430 -0.977780
v -0.428008 0.032993 -1.004933
v -0.428008 0.058927 -0.982758
v 0.124996 0.075978 -0.931974
v 0.119222 0.062523 -0.939529
v -0.025906 0.075479 -0.959598
v -0.020788 0.093462 -0.948060
v -0.183980 0.046653 -0.837543
v -0.179447 0.072430 -0.843089
v -0.428008 0.032993 -0.815937
v -0.428008 0.002406 -0.808153
v -0.173029 0.108888 -0.938326
v -0.428008 0.076254 -0.949577
v 0.128907 0.084980 -0.920788
v -0.017365 0.105476 -0.930798
v -0.212395 -0.114768 -0.983327
v -0.428008 -0.189142 -1.012717
v -0.428008 0.002406 -1.012717
v -0.183980 0.046653 -0.983327
v -0.090915 -0.113371 -0.910432
v -0.085531 -0.133986 -0.910432
v -0.084329 -0.129767 -0.890071
v -0.089902 -0.110024 -0.894270
v -0.207320 -0.147516 -0.888295
v -0.223348 -0.177003 -0.882537
v -0.224252 -0.182133 -0.910432
v -0.208078 -0.151589 -0.910432
v 0.070626 -0.052582 -0.943229
v -0.069753 -0.078554 -0.963649
v -0.031940 0.054269 -0.963649
v 0.112478 0.046664 -0.942297
v -0.223348 -0.177003 -0.882537
v -0.428008 -0.262990 -0.871293
v -0.428008 -0.269078 -0.910432
v -0.224252 -0.182133 -0.910432
v 0.053472 -0.093937 -0.909398
v -0.085531 -0.133986 -0.910432
v -0.084329 -0.129767 -0.930798
v 0.054723 -0.090806 -0.922441
v 0.054858 -0.090763 -0.896306
v -0.084329 -0.129767 -0.890071
v -0.428008 -0.262990 -0.949577
v -0.223348 -0.177003 -0.938326
v -0.220780 -0.162401 -0.858889
v -0.428008 -0.245663 -0.838106
v 0.058677 -0.081766 -0.885159
v -0.080911 -0.117747 -0.872804
v -0.212395 -0.114768 -0.837543
v -0.428008 -0.189142 -0.808153
v -0.428008 -0.219729 -0.815937
v -0.216929 -0.140551 -0.843089
v 0.064354 -0.068317 -0.877646
v -0.075792 -0.099765 -0.861272
v 0.071032 -0.052463 -0.874916
v -0.069753 -0.078554 -0.857220
v -0.172129 0.114012 -0.910432
v -0.428008 0.082342 -0.910432
v 0.130374 0.088170 -0.907670
v -0.016135 0.109701 -0.910421
v -0.173029 0.108888 -0.882537
v -0.428008 0.076254 -0.871293
v 0.129156 0.085050 -0.894622
v -0.017305 0.105492 -0.890050
v 0.113009 0.046815 -0.873963
v 0.119748 0.062664 -0.876390
v -0.025874 0.075485 -0.861261
v -0.031940 0.054268 -0.857220
v -0.080911 -0.117747 -0.948060
v 0.058417 -0.081847 -0.933452
v -0.428008 -0.245663 -0.982758
v -0.220780 -0.162401 -0.961975
v -0.075792 -0.099765 -0.959598
v 0.064001 -0.068425 -0.940754
v -0.428008 -0.219728 -1.004933
v -0.216929 -0.140551 -0.977780
v 0.125424 0.076091 -0.883637
v -0.020723 0.093473 -0.872782
v -0.175601 0.094285 -0.858889
v -0.428008 0.058927 -0.838106
v -0.020788 0.093462 -0.948060
v -0.036236 0.067154 -0.940298
v -0.033344 0.076693 -0.926595
v -0.017365 0.105476 -0.930798
v -0.031940 0.054268 -0.857220
v -0.045655 0.036048 -0.868200
v -0.077590 -0.069378 -0.868200
v -0.069753 -0.078554 -0.857220
v -0.025906 0.075479 -0.959598
v -0.040558 0.052882 -0.949452
v -0.017305 0.105492 -0.890050
v -0.033294 0.076703 -0.894253
v -0.036181 0.067165 -0.880549
v -0.020723 0.093473 -0.872782
v -0.040531 0.052887 -0.871401
v -0.025874 0.075485 -0.861261
v -0.201898 -0.118582 -0.963887
v -0.216929 -0.140551 -0.977780
v -0.212395 -0.114768 -0.983327
v -0.198064 -0.098118 -0.968291
v -0.082693 -0.086213 -0.949452
v -0.075792 -0.099765 -0.959598
v -0.080911 -0.117747 -0.948060
v -0.087015 -0.100485 -0.940298
v -0.207320 -0.147516 -0.932575
v -0.223348 -0.177003 -0.938326
v -0.220780 -0.162401 -0.961975
v -0.205148 -0.135925 -0.951342
v -0.032303 0.080045 -0.910427
v -0.016135 0.109701 -0.910421
v -0.087015 -0.100485 -0.880571
v -0.080911 -0.117747 -0.872804
v -0.075792 -0.099765 -0.861272
v -0.082693 -0.086213 -0.871412
v -0.198064 -0.098118 -0.852579
v -0.212395 -0.114768 -0.837543
v -0.216929 -0.140551 -0.843089
v -0.201898 -0.118582 -0.856982
v -0.183980 0.046653 -0.983327
v -0.174068 0.030003 -0.968291
v -0.031940 0.054269 -0.963649
v -0.045655 0.036048 -0.952670
v -0.084329 -0.129767 -0.930798
v -0.089902 -0.110024 -0.926595
v 0.688422 0.525127 -0.189512
v 0.355363 0.503872 -0.202089
v 1.752653 0.617185 -0.024624
v 1.083953 0.562246 -0.036194
v 1.083953 0.241456 -0.038084
v 1.390861 0.291916 -0.032353
v 1.359570 0.263777 -0.025599
v 1.083953 0.213702 -0.029721
v 0.688422 -0.032520 -0.137406
v 0.334115 -0.053655 -0.142264
v 0.335805 -0.009267 -0.184323
v 0.688422 0.011879 -0.177634
v 1.344588 0.250306 -0.016905
v 1.083953 0.200421 -0.019430
v 0.688422 -0.053768 -0.089259
v 0.333302 -0.074903 -0.092271
v 0.337809 0.043338 -0.204310
v 0.688422 0.064495 -0.196418
v 0.898272 0.542086 -0.092812
v 0.844702 0.537075 -0.132639
v 0.777105 0.531496 -0.166422
v 0.974037 0.549945 -0.059105
v 0.974037 0.158096 -0.029575
v 0.974037 0.172483 -0.045386
v 0.974037 0.202533 -0.058429
v 0.898272 0.117977 -0.069223
v 0.844702 0.056153 -0.097724
v 0.844702 0.094442 -0.126182
v 0.898272 0.151743 -0.089302
v 0.898272 0.101814 -0.045038
v 0.844702 0.037824 -0.063536
v 0.777105 0.045640 -0.157127
v 0.777105 0.003608 -0.121611
v 0.777105 -0.016509 -0.079033
v 0.424580 0.124650 -0.350462
v 0.401084 0.101153 -0.333286
v 0.360438 0.161980 -0.333286
v 0.391139 0.174698 -0.350462
v 0.176014 -0.437698 -0.264157
v 0.109142 -0.422949 -0.326987
v 0.208783 -0.337981 -0.317514
v 0.283276 -0.349946 -0.255767
v 0.270980 -0.242814 -0.306502
v 0.350440 -0.250716 -0.245106
v 0.317015 -0.060593 -0.285665
v 0.401030 -0.060680 -0.224053
v 0.084210 -0.216468 -0.364318
v 0.033805 -0.301241 -0.374376
v 0.399080 -0.254491 -0.130906
v 0.328752 -0.356483 -0.137428
v 1.025910 0.463103 -0.025204
v 1.012943 0.165398 -0.025204
v 0.746702 0.321977 -0.249966
v 0.764258 0.233732 -0.249966
v 0.320611 0.321977 -0.249966
v 0.370600 0.396789 -0.249966
v 0.696714 0.396789 -0.249966
v 0.621902 0.020686 -0.249966
v 0.533657 0.003132 -0.249966
v 0.303057 0.233732 -0.249966
v 0.621902 0.446778 -0.249965
v 0.445412 0.020686 -0.249966
v 0.696714 0.070675 -0.249966
v 0.533657 0.464327 -0.249965
v 0.370600 0.070675 -0.249966
v 0.746702 0.145482 -0.249966
v 0.445412 0.446778 -0.249965
v 0.320611 0.145482 -0.249966
v 0.674723 -0.129371 -0.025204
v 0.798917 -0.104851 -0.025204
v 0.719951 0.269567 -0.169888
v 0.725123 0.237047 -0.160772
v 1.733256 0.459095 -0.213307
v 1.719954 0.451896 -0.213307
v 1.682407 0.476985 -0.213307
v 1.693630 0.486394 -0.213307
v 1.215286 0.325774 -0.213307
v 1.200591 0.321874 -0.213307
v 1.191291 0.370064 -0.213307
v 1.206473 0.370064 -0.213307
v 1.719954 0.299190 -0.254222
v 1.719954 0.288227 -0.213307
v 1.682407 0.263138 -0.213307
v 1.682407 0.277464 -0.266766
v 1.322207 0.269833 -0.271170
v 1.322207 0.254325 -0.213307
v 1.277917 0.263138 -0.213307
v 1.277917 0.277464 -0.266766
v 1.240370 0.299190 -0.254222
v 1.240370 0.288227 -0.213307
v 1.215286 0.325774 -0.213307
v 1.215286 0.331705 -0.235449
v 1.638122 0.254325 -0.213307
v 1.638122 0.269833 -0.271170
v 1.719954 0.329143 -0.284176
v 1.682407 0.316598 -0.305907
v 1.322207 0.312195 -0.313533
v 1.277917 0.316598 -0.305907
v 1.240370 0.329143 -0.284176
v 1.215286 0.347916 -0.251661
v 1.745043 0.347916 -0.251661
v 1.745043 0.331705 -0.235449
v 1.638122 0.312195 -0.313533
v 1.719954 0.370064 -0.295138
v 1.682407 0.370064 -0.320227
v 1.322207 0.370064 -0.329040
v 1.277917 0.370064 -0.320227
v 1.240370 0.370064 -0.295138
v 1.215286 0.370064 -0.257591
v 1.745043 0.370064 -0.257591
v 1.638122 0.370064 -0.329040
v 1.719954 0.410980 -0.284176
v 1.682407 0.423525 -0.305907
v 1.322207 0.427928 -0.313533
v 1.277917 0.423525 -0.305907
v 1.240370 0.410980 -0.284176
v 1.215286 0.392207 -0.251661
v 1.745043 0.392207 -0.251661
v 1.638122 0.427928 -0.313533
v 1.322207 0.470290 -0.271170
v 1.638122 0.470290 -0.271170
v 1.719954 0.440933 -0.254222
v 1.682407 0.462659 -0.266766
v 1.277917 0.462659 -0.266766
v 1.240370 0.440933 -0.254222
v 1.215286 0.408418 -0.235449
v 1.745043 0.408418 -0.235449
v 1.266699 0.253729 -0.213307
v 1.227067 0.281028 -0.213307
v 1.693630 0.486394 -0.213307
v 1.646880 0.495975 -0.213307
v 1.769037 0.370064 -0.213307
v 1.759737 0.418249 -0.213307
v 1.200591 0.321874 -0.213307
v 1.313443 0.495975 -0.213307
v 1.227067 0.459095 -0.213307
v 1.200591 0.418249 -0.213307
v 1.733256 0.281028 -0.213307
v 1.693630 0.253729 -0.213307
v 1.266699 0.486394 -0.213307
v 1.759737 0.321874 -0.213307
v 1.646880 0.244148 -0.213307
v 1.313443 0.244148 -0.213307
v 1.733256 0.459095 -0.213307
v 1.191291 0.370064 -0.213307
v 1.638122 0.485798 -0.213307
v 1.646880 0.495975 -0.213307
v 1.759737 0.418249 -0.213307
v 1.745043 0.414349 -0.213307
v 1.240370 0.288227 -0.213307
v 1.227067 0.281028 -0.213307
v 1.313443 0.495975 -0.213307
v 1.322207 0.485798 -0.213307
v 1.277917 0.476985 -0.213307
v 1.266699 0.486394 -0.213307
v 1.745043 0.325774 -0.213307
v 1.759737 0.321874 -0.213307
v 1.733256 0.281028 -0.213307
v 1.719954 0.288227 -0.213307
v 1.277917 0.263138 -0.213307
v 1.266699 0.253729 -0.213307
v 1.322207 0.254325 -0.213307
v 1.313443 0.244148 -0.213307
v 1.200591 0.418249 -0.213307
v 1.215286 0.414349 -0.213307
v 1.682407 0.263138 -0.213307
v 1.693630 0.253729 -0.213307
v 1.646880 0.244148 -0.213307
v 1.638122 0.254325 -0.213307
v 1.753855 0.370064 -0.213307
v 1.769037 0.370064 -0.213307
v 1.227067 0.459095 -0.213307
v 1.240370 0.451896 -0.213307
v 1.745043 0.325774 -0.213307
v 1.322207 0.485798 -0.213307
v 1.638122 0.485798 -0.213307
v 1.753855 0.370064 -0.213307
v 1.206473 0.370064 -0.213307
v 1.719954 0.451896 -0.213307
v 1.682407 0.476985 -0.213307
v 1.277917 0.476985 -0.213307
v 1.240370 0.451896 -0.213307
v 1.215286 0.414349 -0.213307
v 1.745043 0.414349 -0.213307
v 0.979004 0.042022 -0.025204
v 0.934470 -0.022602 -0.025204
v 0.863514 -0.079637 -0.025204
v 0.426314 -0.143784 -0.025204
v 0.127287 -0.152570 -0.025204
v 1.025910 0.463103 -0.025204
v 0.455384 0.155269 -0.025204
v -0.115143 -0.152570 -0.025204
v 0.347163 0.310976 -0.305511
v 0.390923 0.376467 -0.305511
v 0.331802 0.233732 -0.305511
v 0.533657 0.435587 -0.305511
v 0.610906 0.420226 -0.305511
v 0.456413 0.420226 -0.305511
v 0.347163 0.156482 -0.305511
v 0.720151 0.310976 -0.305511
v 0.735518 0.233732 -0.305511
v 0.706876 0.161980 -0.333286
v 0.676181 0.174698 -0.350462
v 0.687923 0.233732 -0.350462
v 0.721148 0.233732 -0.333286
v 0.442693 0.233732 -0.290438
v 0.426243 0.233732 -0.350462
v 0.434422 0.274837 -0.350462
v 0.449621 0.268544 -0.290438
v 0.597978 0.169411 -0.290438
v 0.609612 0.157777 -0.350462
v 0.574762 0.134492 -0.350462
v 0.568469 0.149690 -0.290438
v 0.617699 0.198920 -0.290438
v 0.632897 0.192626 -0.350462
v 0.605409 0.406945 -0.333286
v 0.592691 0.376250 -0.350462
v 0.533657 0.387993 -0.350462
v 0.533657 0.421217 -0.333286
v 0.617699 0.268544 -0.290438
v 0.632897 0.274837 -0.350462
v 0.641071 0.233732 -0.350462
v 0.624621 0.233732 -0.290438
v 0.720151 0.156482 -0.305511
v 0.676392 0.090992 -0.305511
v 0.666230 0.101153 -0.333286
v 0.642739 0.124650 -0.350462
v 0.498846 0.149690 -0.290438
v 0.492552 0.134492 -0.350462
v 0.457707 0.157777 -0.350462
v 0.469336 0.169411 -0.290438
v 0.449621 0.198920 -0.290438
v 0.434422 0.192626 -0.350462
v 0.533657 0.126318 -0.350462
v 0.533657 0.142768 -0.290438
v 0.605409 0.060514 -0.333286
v 0.592691 0.091209 -0.350462
v 0.457707 0.309682 -0.350462
v 0.469336 0.298052 -0.290437
v 0.597978 0.298052 -0.290437
v 0.609612 0.309682 -0.350462
v 0.666230 0.366305 -0.333286
v 0.642739 0.342809 -0.350462
v 0.498846 0.317768 -0.290437
v 0.492552 0.332967 -0.350462
v 0.533657 0.341146 -0.350462
v 0.533657 0.324696 -0.290437
v 0.574762 0.332967 -0.350462
v 0.568469 0.317768 -0.290437
v 0.676392 0.376467 -0.305511
v -0.799918 0.222417 -0.355218
v -0.826037 0.207787 -0.362660
v -0.990226 0.161650 -0.364762
v -0.991011 0.168718 -0.357666
v -1.259619 0.061126 -0.366381
v -1.243630 0.076595 -0.359654
v -1.069919 0.014609 -0.460953
v -1.108110 0.007059 -0.454740
v -0.580011 0.338048 -0.278363
v -0.559368 0.334521 -0.281408
v -0.602803 0.302759 -0.308864
v -0.629289 0.302012 -0.309508
v -1.578914 0.014111 -0.270444
v -1.554870 0.018319 -0.285346
v -1.793064 -0.112001 -0.285709
v -1.792198 -0.102576 -0.270770
v -1.945001 -0.088672 -0.161103
v -1.928243 -0.081690 -0.159197
v -1.667598 -0.131213 -0.361674
v -1.444353 -0.009900 -0.360905
v -1.434690 -0.014320 -0.367475
v -1.533833 0.011614 -0.264411
v -1.554870 0.018319 -0.285346
v -1.688901 0.052535 -0.161021
v -1.663286 0.044660 -0.144339
v -1.427096 -0.015647 -0.337387
v -1.444353 -0.009900 -0.360905
v -0.407973 0.475945 -0.077635
v -0.426134 0.453602 -0.069391
v -1.682152 -0.140042 -0.356724
v -1.667598 -0.131213 -0.361674
v -1.443118 -0.165526 -0.464955
v -1.480600 -0.170850 -0.449459
v -0.704941 -0.348007 -0.856365
v -0.739103 -0.362160 -0.847233
v -0.758705 -0.263596 -0.847233
v -0.721726 -0.263596 -0.856365
v -0.704941 -0.179186 -0.856365
v -0.739103 -0.165033 -0.847233
v -0.683270 -0.081479 -0.847233
v -0.657124 -0.107624 -0.856365
v -0.590123 -0.478391 -1.031062
v -0.584089 -0.463821 -1.029925
v -0.654395 -0.416839 -1.029925
v -0.665552 -0.427997 -1.031062
v -0.412182 -0.048801 -1.031062
v -0.418216 -0.063372 -1.029924
v -0.347910 -0.110349 -1.029924
v -0.336752 -0.099196 -1.031062
v -0.345180 -0.419569 -0.856365
v -0.319035 -0.445714 -0.847233
v -0.402589 -0.501547 -0.847227
v -0.416742 -0.467380 -0.856365
v -0.679354 -0.085395 -1.019309
v -0.667264 -0.097484 -1.020440
v -0.718190 -0.173694 -1.020440
v -0.733984 -0.167151 -1.019309
v -0.606340 -0.259355 -1.068419
v -0.599959 -0.227257 -1.068419
v -0.578261 -0.449760 -1.048861
v -0.643632 -0.406076 -1.048861
v -0.571686 -0.334130 -1.086445
v -0.539327 -0.355757 -1.086445
v -0.268320 -0.360036 -1.019309
v -0.284115 -0.353493 -1.020440
v -0.266235 -0.263596 -1.020440
v -0.249135 -0.263596 -1.019309
v -0.687316 -0.340705 -1.048861
v -0.702650 -0.263596 -1.048861
v -0.600907 -0.263596 -1.086445
v -0.593313 -0.301772 -1.086445
v -0.297363 -0.179186 -0.856365
v -0.263202 -0.165033 -0.847233
v -0.243600 -0.263596 -0.847233
v -0.280578 -0.263596 -0.856365
v -0.606340 -0.259355 -1.068419
v -0.600907 -0.263596 -1.086445
v -0.702650 -0.263596 -1.048861
v -0.691898 -0.259355 -1.036815
v -0.319035 -0.445714 -0.974492
v -0.345180 -0.419569 -0.965355
v -0.416742 -0.467380 -0.965355
v -0.402589 -0.501547 -0.974492
v -0.501152 -0.011579 -1.019309
v -0.501152 -0.028679 -1.020440
v -0.591049 -0.046559 -1.020440
v -0.597592 -0.030764 -1.019309
v -0.687316 -0.186482 -1.048861
v -0.643632 -0.121111 -1.048861
v -0.571686 -0.193058 -1.086445
v -0.593313 -0.225421 -1.086445
v -0.496911 -0.072850 -1.036815
v -0.501152 -0.062093 -1.048861
v -0.424044 -0.077433 -1.048861
v -0.432076 -0.085747 -1.036815
v -0.701377 -0.346533 -1.029924
v -0.715948 -0.352567 -1.031062
v -0.501152 -0.043017 -0.856365
v -0.501152 -0.006038 -0.847233
v -0.402589 -0.025646 -0.847233
v -0.416742 -0.059808 -0.856365
v -0.424044 -0.449760 -1.048861
v -0.501152 -0.465094 -1.048861
v -0.501152 -0.363346 -1.086445
v -0.462977 -0.355757 -1.086445
v -0.501152 -0.496093 -1.031062
v -0.501152 -0.480314 -1.029925
v -0.402589 -0.025646 -0.974492
v -0.416742 -0.059808 -0.965355
v -0.345180 -0.107624 -0.965355
v -0.319035 -0.081479 -0.974492
v -0.299649 -0.263596 -1.048861
v -0.310406 -0.267837 -1.036815
v -0.395959 -0.267837 -1.068419
v -0.401397 -0.263596 -1.086445
v -0.739103 -0.362160 -0.974492
v -0.704941 -0.348007 -0.965355
v -0.721726 -0.263596 -0.965355
v -0.758705 -0.263596 -0.974492
v -0.314989 -0.340705 -1.048861
v -0.358672 -0.406076 -1.048861
v -0.430613 -0.334130 -1.086445
v -0.408991 -0.301772 -1.086445
v -0.286357 -0.174626 -1.031062
v -0.300927 -0.180660 -1.029924
v -0.284429 -0.263596 -1.029924
v -0.268656 -0.263596 -1.031062
v -0.683270 -0.081479 -0.974492
v -0.657124 -0.107624 -0.965355
v -0.585562 -0.059808 -0.965355
v -0.599716 -0.025646 -0.974492
v -0.578066 -0.088991 -1.036815
v -0.578261 -0.077433 -1.048861
v -0.539327 -0.171435 -1.086445
v -0.545323 -0.168034 -1.068419
v -0.736069 -0.263596 -1.020440
v -0.753169 -0.263596 -1.019309
v -0.501152 -0.521149 -0.974492
v -0.501152 -0.484171 -0.965355
v -0.585562 -0.467380 -0.965355
v -0.599716 -0.501547 -0.974492
v -0.314989 -0.186482 -1.048861
v -0.299649 -0.263596 -1.048861
v -0.401397 -0.263596 -1.086445
v -0.408991 -0.225421 -1.086445
v -0.404712 -0.496428 -1.019309
v -0.411250 -0.480634 -1.020441
v -0.335040 -0.429708 -1.020441
v -0.322951 -0.441798 -1.019309
v -0.263202 -0.165033 -0.974492
v -0.297363 -0.179186 -0.965355
v -0.280578 -0.263596 -0.965355
v -0.243600 -0.263596 -0.974492
v -0.578532 -0.334980 -1.068419
v -0.596715 -0.307768 -1.068419
v -0.679354 -0.441798 -1.019309
v -0.667264 -0.429708 -1.020441
v -0.591049 -0.480634 -1.020441
v -0.597592 -0.496428 -1.019309
v -0.704941 -0.179186 -0.965355
v -0.739103 -0.165033 -0.974492
v -0.424044 -0.077433 -1.048861
v -0.358672 -0.121111 -1.048861
v -0.430613 -0.193058 -1.086445
v -0.462977 -0.171435 -1.086445
v -0.322951 -0.085395 -1.019309
v -0.335040 -0.097484 -1.020440
v -0.411250 -0.046559 -1.020440
v -0.404712 -0.030764 -1.019309
v -0.395959 -0.267837 -1.068419
v -0.402345 -0.299935 -1.068419
v -0.286357 -0.352567 -1.031062
v -0.300927 -0.346533 -1.029924
v -0.347910 -0.416839 -1.029925
v -0.336752 -0.427997 -1.031062
v -0.501152 -0.484171 -0.856365
v -0.501152 -0.521149 -0.847227
v -0.599716 -0.501547 -0.847227
v -0.585562 -0.467380 -0.856365
v -0.578261 -0.077433 -1.048861
v -0.501152 -0.062093 -1.048861
v -0.501152 -0.163841 -1.086445
v -0.539327 -0.171435 -1.086445
v -0.501152 -0.031100 -1.031062
v -0.501152 -0.046873 -1.029924
v -0.297363 -0.348007 -0.856365
v -0.263202 -0.362160 -0.847233
v -0.363276 -0.131716 -1.036815
v -0.358672 -0.121111 -1.048861
v -0.314989 -0.186482 -1.048861
v -0.326547 -0.186683 -1.036815
v -0.715948 -0.174626 -1.031062
v -0.701377 -0.180660 -1.029924
v -0.654395 -0.110349 -1.029924
v -0.665552 -0.099196 -1.031062
v -0.345180 -0.107624 -0.856365
v -0.319035 -0.081479 -0.847233
v -0.679354 -0.441798 -1.019309
v -0.683270 -0.445714 -0.974492
v -0.739103 -0.362160 -0.974492
v -0.733984 -0.360036 -1.019309
v -0.758705 -0.263596 -0.974492
v -0.753169 -0.263596 -1.019309
v -0.665552 -0.427997 -1.031062
v -0.715948 -0.352567 -1.031062
v -0.733648 -0.263596 -1.031062
v -0.739103 -0.165033 -0.974492
v -0.733984 -0.167151 -1.019309
v -0.715948 -0.174626 -1.031062
v -0.590123 -0.478391 -1.031062
v -0.597592 -0.496428 -1.019309
v -0.599716 -0.501547 -0.974492
v -0.683270 -0.081479 -0.974492
v -0.679354 -0.085395 -1.019309
v -0.665552 -0.099196 -1.031062
v -0.501152 -0.496093 -1.031062
v -0.501152 -0.515613 -1.019309
v -0.501152 -0.521149 -0.974492
v -0.412182 -0.478391 -1.031062
v -0.404712 -0.496428 -1.019309
v -0.402589 -0.501547 -0.974492
v -0.336752 -0.427997 -1.031062
v -0.322951 -0.441798 -1.019309
v -0.319035 -0.445714 -0.974492
v -0.286357 -0.352567 -1.031062
v -0.268320 -0.360036 -1.019309
v -0.263202 -0.362160 -0.974492
v -0.268656 -0.263596 -1.031062
v -0.249135 -0.263596 -1.019309
v -0.243600 -0.263596 -0.974492
v -0.286357 -0.174626 -1.031062
v -0.268320 -0.167151 -1.019309
v -0.263202 -0.165033 -0.974492
v -0.336752 -0.099196 -1.031062
v -0.322951 -0.085395 -1.019309
v -0.319035 -0.081479 -0.974492
v -0.412182 -0.048801 -1.031062
v -0.404712 -0.030764 -1.019309
v -0.402589 -0.025646 -0.974492
v -0.501152 -0.031100 -1.031062
v -0.501152 -0.011579 -1.019309
v -0.501152 -0.006038 -0.974492
v -0.590123 -0.048801 -1.031062
v -0.597592 -0.030764 -1.019309
v -0.599716 -0.025646 -0.974492
v -0.639028 -0.395476 -1.036815
v -0.675757 -0.340510 -1.036815
v -0.596715 -0.307768 -1.068419
v -0.578532 -0.334980 -1.068419
v -0.691898 -0.259355 -1.036815
v -0.679002 -0.194515 -1.036815
v -0.599959 -0.227257 -1.068419
v -0.606340 -0.259355 -1.068419
v -0.505393 -0.454342 -1.036815
v -0.570228 -0.441446 -1.036815
v -0.537491 -0.362403 -1.068419
v -0.505393 -0.368784 -1.068419
v -0.369272 -0.401472 -1.036815
v -0.424239 -0.438201 -1.036815
v -0.456981 -0.359159 -1.068419
v -0.429769 -0.340976 -1.068419
v -0.310406 -0.267837 -1.036815
v -0.323303 -0.332673 -1.036815
v -0.402345 -0.299935 -1.068419
v -0.395959 -0.267837 -1.068419
v -0.363276 -0.131716 -1.036815
v -0.326547 -0.186683 -1.036815
v -0.405590 -0.219425 -1.068419
v -0.423772 -0.192213 -1.068419
v -0.496911 -0.072850 -1.036815
v -0.432076 -0.085747 -1.036815
v -0.464813 -0.164789 -1.068419
v -0.496911 -0.158403 -1.068419
v -0.633032 -0.125720 -1.036815
v -0.578066 -0.088991 -1.036815
v -0.545323 -0.168034 -1.068419
v -0.572536 -0.186217 -1.068419
v -0.639028 -0.395476 -1.036815
v -0.643632 -0.406076 -1.048861
v -0.687316 -0.340705 -1.048861
v -0.675757 -0.340510 -1.036815
v -0.358672 -0.121111 -1.048861
v -0.363276 -0.131716 -1.036815
v -0.423772 -0.192213 -1.068419
v -0.430613 -0.193058 -1.086445
v -0.423772 -0.192213 -1.068419
v -0.405590 -0.219425 -1.068419
v -0.424239 -0.438201 -1.036815
v -0.424044 -0.449760 -1.048861
v -0.462977 -0.355757 -1.086445
v -0.456981 -0.359159 -1.068419
v -0.505393 -0.368784 -1.068419
v -0.537491 -0.362403 -1.068419
v -0.505393 -0.454342 -1.036815
v -0.501152 -0.465094 -1.048861
v -0.578261 -0.449760 -1.048861
v -0.570228 -0.441446 -1.036815
v -0.572536 -0.186217 -1.068419
v -0.571686 -0.193058 -1.086445
v -0.643632 -0.121111 -1.048861
v -0.633032 -0.125720 -1.036815
v -0.691898 -0.259355 -1.036815
v -0.702650 -0.263596 -1.048861
v -0.687316 -0.186482 -1.048861
v -0.679002 -0.194515 -1.036815
v -0.501152 -0.062093 -1.048861
v -0.496911 -0.072850 -1.036815
v -0.496911 -0.158403 -1.068419
v -0.501152 -0.163841 -1.086445
v -0.323303 -0.332673 -1.036815
v -0.314989 -0.340705 -1.048861
v -0.408991 -0.301772 -1.086445
v -0.402345 -0.299935 -1.068419
v -0.369272 -0.401472 -1.036815
v -0.358672 -0.406076 -1.048861
v -0.424044 -0.449760 -1.048861
v -0.424239 -0.438201 -1.036815
v -0.593313 -0.301772 -1.086445
v -0.596715 -0.307768 -1.068419
v -0.675757 -0.340510 -1.036815
v -0.687316 -0.340705 -1.048861
v -0.496911 -0.158403 -1.068419
v -0.464813 -0.164789 -1.068419
v -0.429769 -0.340976 -1.068419
v -0.456981 -0.359159 -1.068419
v -0.633032 -0.125720 -1.036815
v -0.643632 -0.121111 -1.048861
v -0.578261 -0.077433 -1.048861
v -0.578066 -0.088991 -1.036815
v -0.326547 -0.186683 -1.036815
v -0.314989 -0.186482 -1.048861
v -0.408991 -0.225421 -1.086445
v -0.405590 -0.219425 -1.068419
v -0.501152 -0.465094 -1.048861
v -0.505393 -0.454342 -1.036815
v -0.505393 -0.368784 -1.068419
v -0.501152 -0.363346 -1.086445
v -0.310406 -0.267837 -1.036815
v -0.299649 -0.263596 -1.048861
v -0.314989 -0.340705 -1.048861
v -0.323303 -0.332673 -1.036815
v -0.593313 -0.225421 -1.086445
v -0.599959 -0.227257 -1.068419
v -0.679002 -0.194515 -1.036815
v -0.687316 -0.186482 -1.048861
v -0.432076 -0.085747 -1.036815
v -0.424044 -0.077433 -1.048861
v -0.462977 -0.171435 -1.086445
v -0.464813 -0.164789 -1.068419
v -0.570228 -0.441446 -1.036815
v -0.578261 -0.449760 -1.048861
v -0.539327 -0.355757 -1.086445
v -0.537491 -0.362403 -1.068419
v -0.358672 -0.406076 -1.048861
v -0.369272 -0.401472 -1.036815
v -0.429769 -0.340976 -1.068419
v -0.430613 -0.334130 -1.086445
v -0.572536 -0.186217 -1.068419
v -0.545323 -0.168034 -1.068419
v -0.643632 -0.406076 -1.048861
v -0.639028 -0.395476 -1.036815
v -0.578532 -0.334980 -1.068419
v -0.571686 -0.334130 -1.086445
v -0.718190 -0.353493 -1.020440
v -0.701377 -0.346533 -1.029924
v -0.654395 -0.416839 -1.029925
v -0.717876 -0.263596 -1.029924
v -0.701377 -0.180660 -1.029924
v -0.584089 -0.463821 -1.029925
v -0.654395 -0.110349 -1.029924
v -0.501152 -0.480314 -1.029925
v -0.501152 -0.498514 -1.020441
v -0.418216 -0.463821 -1.029925
v -0.347910 -0.416839 -1.029925
v -0.300927 -0.346533 -1.029924
v -0.284429 -0.263596 -1.029924
v -0.300927 -0.180660 -1.029924
v -0.284115 -0.173694 -1.020440
v -0.347910 -0.110349 -1.029924
v -0.418216 -0.063372 -1.029924
v -0.501152 -0.046873 -1.029924
v -0.584089 -0.063372 -1.029924
v -0.418216 -0.463821 -1.029925
v -0.412182 -0.478391 -1.031062
v -0.268320 -0.167151 -1.019309
v -0.501152 -0.515613 -1.019309
v -0.717876 -0.263596 -1.029924
v -0.733648 -0.263596 -1.031062
v -0.590123 -0.048801 -1.031062
v -0.584089 -0.063372 -1.029924
v -0.733984 -0.360036 -1.019309
v 0.054858 -0.090763 -0.896306
v 0.059159 -0.080563 -0.898787
v 0.062539 -0.072612 -0.889887
v 0.058677 -0.081766 -0.885159
v 0.113009 0.046815 -0.873963
v 0.110561 0.041047 -0.880950
v 0.116519 0.055059 -0.882884
v 0.119748 0.062664 -0.876390
v 0.119222 0.062523 -0.939529
v 0.116059 0.054935 -0.933289
v 0.110095 0.040917 -0.935500
v 0.112478 0.046664 -0.942297
v 0.125424 0.076091 -0.883637
v 0.121535 0.066927 -0.888674
v 0.124839 0.074846 -0.897438
v 0.129156 0.085050 -0.894622
v 0.053472 -0.093937 -0.909398
v 0.057935 -0.083369 -0.909235
v 0.125911 0.077603 -0.907854
v 0.130374 0.088170 -0.907670
v 0.071032 -0.052463 -0.874916
v 0.073453 -0.046711 -0.881714
v 0.054723 -0.090806 -0.922441
v 0.059040 -0.080601 -0.919651
v 0.124617 0.074786 -0.918329
v 0.128907 0.084980 -0.920788
v 0.070626 -0.052582 -0.943229
v 0.073096 -0.046819 -0.936242
v 0.067240 -0.060820 -0.934264
v 0.064001 -0.068425 -0.940754
v 0.064354 -0.068317 -0.877646
v 0.067554 -0.060723 -0.883891
v 0.062306 -0.072682 -0.928436
v 0.058417 -0.081847 -0.933452
v 0.121156 0.066829 -0.927255
v 0.124996 0.075978 -0.931974
v -0.866427 0.097801 -0.450520
v -0.846933 0.094404 -0.457475
v -1.058018 0.029239 -0.453510
v -0.228054 0.352244 -0.340772
v -0.204146 0.358148 -0.345712
v -0.277533 0.282453 -0.398907
v -0.292743 0.285519 -0.387663
v -0.603074 0.268744 -0.346871
v -0.629598 0.263420 -0.352629
v -0.613549 0.174346 -0.435230
v -0.641482 0.156331 -0.452866
v -0.198107 0.413683 -0.276983
v -0.170179 0.427852 -0.273342
v -0.644899 0.286483 -0.322816
v -0.711625 0.251400 -0.346134
v -0.710959 0.259070 -0.338048
v -0.593589 0.252050 -0.330394
v -0.603074 0.268744 -0.346871
v -0.602803 0.302759 -0.308864
v -0.593324 0.285064 -0.293503
v -0.718764 0.244137 -0.315315
v -0.639889 0.285605 -0.287750
v -0.629289 0.302012 -0.309508
v -0.710959 0.259070 -0.338048
v -0.559368 0.334521 -0.281408
v -0.551162 0.315894 -0.266854
v -0.784314 0.221453 -0.360163
v -0.399518 0.442282 -0.172889
v -0.396013 0.420491 -0.161520
v -0.724895 0.147784 -0.441692
v -0.727197 0.132260 -0.455000
v -0.445601 0.217791 -0.430593
v -0.450947 0.205621 -0.447606
v -0.398673 0.460297 -0.155248
v -0.399518 0.442282 -0.172889
v -0.229582 0.333097 -0.324474
v -0.228054 0.352244 -0.340772
v -0.292743 0.285519 -0.387663
v -0.292375 0.268332 -0.369989
v -0.603756 0.160426 -0.416153
v -0.613549 0.174346 -0.435230
v -0.445601 0.217791 -0.430593
v -0.440737 0.202598 -0.411657
v -0.200522 0.392732 -0.262558
v -0.198107 0.413683 -0.276983
v -0.613549 0.174346 -0.435230
v -0.603756 0.160426 -0.416153
v -0.396013 0.420491 -0.161520
v -0.399518 0.442282 -0.172889
v -0.198107 0.413683 -0.276983
v -0.200522 0.392732 -0.262558
v -0.990226 0.161650 -0.364762
v -0.987014 0.149988 -0.355592
v -1.193625 0.074645 -0.357222
v -1.207274 0.082499 -0.366473
v -1.207274 0.082499 -0.366473
v -0.763552 0.130321 -0.448397
v -0.654860 0.167456 -0.439948
v -0.645149 0.254954 -0.358051
v -0.720356 0.135136 -0.420643
v -0.724895 0.147784 -0.441692
v -0.784314 0.221453 -0.360163
v -0.775750 0.203811 -0.344640
v -1.973422 -0.083331 -0.080560
v -1.979261 -0.088006 -0.076335
v -2.138250 -0.270627 -0.161140
v -2.137735 -0.265070 -0.152219
v -2.061791 -0.182425 -0.152192
v -2.052854 -0.177697 -0.161108
v -1.629406 -0.120131 -0.368142
v -1.433617 -0.150051 -0.458228
v -1.443118 -0.165526 -0.464955
v -1.259619 0.061126 -0.366381
v -1.254641 0.050531 -0.351545
v -1.429712 -0.024915 -0.352640
v -1.434690 -0.014320 -0.367475
v -1.257436 -0.068913 -0.441914
v -1.262419 -0.058318 -0.456749
v -1.433617 -0.150051 -0.458228
v -1.428634 -0.160651 -0.443392
v -1.720116 0.051761 -0.079569
v -1.710675 0.034607 -0.074900
v -1.943572 -0.094061 -0.074938
v -1.953018 -0.076907 -0.079606
v -1.698926 0.044746 -0.159126
v -1.688901 0.052535 -0.161021
v -1.953018 -0.076907 -0.079606
v -1.713312 0.060362 -0.080517
v -1.720116 0.051761 -0.079569
v -1.928243 -0.081690 -0.159197
v -1.918797 -0.098839 -0.149859
v -1.782751 -0.119730 -0.261432
v -1.792198 -0.102576 -0.270770
v -1.954496 -0.092783 -0.152653
v -2.051034 -0.172465 -0.152658
v -2.083018 -0.173927 -0.080566
v -2.077358 -0.169090 -0.076335
v -1.979261 -0.088006 -0.076335
v -1.972571 -0.096103 -0.074716
v -2.137735 -0.265070 -0.152219
v -2.129795 -0.272360 -0.148509
v -2.053856 -0.189721 -0.148482
v -2.061791 -0.182425 -0.152192
v -2.087909 -0.179073 -0.076108
v -2.165143 -0.263120 -0.076118
v -2.169866 -0.268439 -0.080576
v -2.079969 -0.186369 -0.074249
v -2.087909 -0.179073 -0.076108
v -2.061791 -0.182425 -0.152192
v -2.053856 -0.189721 -0.148482
v -2.157202 -0.270410 -0.074261
v -2.165143 -0.263120 -0.076118
v -2.134740 -0.281113 -0.145542
v -2.145876 -0.274966 -0.150590
v -2.179621 -0.336318 -0.150632
v -2.168485 -0.342466 -0.145584
v -2.172509 -0.273065 -0.075301
v -2.172509 -0.273065 -0.075301
v -2.161373 -0.279207 -0.072776
v -0.398673 0.460297 -0.155248
v -0.417154 0.438485 -0.138759
v -1.698926 0.044746 -0.159126
v -1.689486 0.027598 -0.149788
v -2.129795 -0.272360 -0.148509
v -2.137735 -0.265070 -0.152219
v -2.145876 -0.274966 -0.150590
v -2.145876 -0.274966 -0.150590
v -2.134740 -0.281113 -0.145542
v 0.610906 0.047238 -0.305511
v 0.346172 0.233732 -0.333286
v 0.379397 0.233732 -0.350462
v 0.533657 0.046241 -0.333286
v 0.533657 0.079466 -0.350462
v 0.474623 0.091209 -0.350462
v 0.461911 0.060514 -0.333286
v 0.474623 0.376250 -0.350462
v 0.461911 0.406945 -0.333286
v 0.390923 0.090992 -0.305511
v 0.456413 0.047238 -0.305511
v 0.533657 0.031871 -0.305511
v 0.360438 0.305478 -0.333286
v 0.391139 0.292766 -0.350462
v 0.424580 0.342809 -0.350462
v 0.401084 0.366305 -0.333286
v 0.574762 0.134492 -0.350462
v 0.533657 0.126318 -0.350462
v 0.492552 0.134492 -0.350462
v 0.457707 0.157777 -0.350462
v 0.434422 0.192626 -0.350462
v 0.426243 0.233732 -0.350462
v 0.434422 0.274837 -0.350462
v 0.609612 0.157777 -0.350462
v 0.632897 0.192626 -0.350462
v 0.641071 0.233732 -0.350462
v 0.632897 0.274837 -0.350462
v 0.676181 0.292766 -0.350462
v 0.609612 0.309682 -0.350462
v 0.574762 0.332967 -0.350462
v 0.533657 0.341146 -0.350462
v 0.492552 0.332967 -0.350462
v 0.457707 0.309682 -0.350462
v 0.706876 0.305478 -0.333286
v 0.431383 -0.059976 -0.161482
v 0.438934 -0.070072 -0.140758
v 0.438625 -0.100550 -0.126113
v 0.430577 -0.139760 -0.123134
v 0.159445 -0.064135 -0.334002
v 0.201038 -0.056823 -0.320937
v 0.122840 -0.088645 -0.346367
v 0.105199 -0.120992 -0.353317
v -0.014559 -0.346891 -0.379993
v -0.022759 -0.364857 -0.378894
v -0.010914 -0.383999 -0.371440
v 0.016455 -0.396998 -0.360483
v 0.199933 -0.442795 -0.192437
v 0.214064 -0.439772 -0.167635
v 0.238081 -0.427006 -0.147702
v 0.262812 -0.409364 -0.140272
v -0.990892 -0.532583 -0.869787
v -0.974058 -0.522541 -0.880349
v -0.950615 -0.508556 -0.850938
v -0.959656 -0.513951 -0.830610
v -1.062460 -0.466356 -0.969320
v -0.990892 -0.532583 -0.954490
v -1.001546 -0.538937 -0.912139
v -1.076846 -0.474936 -0.912139
v -0.990892 -0.532583 -0.869787
v -1.062460 -0.466356 -0.854952
v -0.959656 -0.513951 -0.830610
v -1.020282 -0.441197 -0.802049
v -0.909970 -0.484312 -0.799536
v -0.953194 -0.401180 -0.760088
v -0.953194 -0.401180 -1.064189
v -0.909970 -0.484312 -1.024741
v -0.959656 -0.513951 -0.993667
v -1.020282 -0.441197 -1.022223
v -0.913318 -0.486310 -0.827609
v -0.909970 -0.484312 -0.799536
v -0.909970 -0.484312 -1.024741
v -0.913318 -0.486310 -0.996667
v -0.950615 -0.508556 -0.973339
v -0.959656 -0.513951 -0.993667
v -0.974058 -0.522541 -0.943927
v -0.990892 -0.532583 -0.954490
v -0.982058 -0.527313 -0.912139
v -1.001546 -0.538937 -0.912139
v -0.974058 -0.522541 -0.943927
v -0.981148 -0.485395 -0.936956
v -0.987393 -0.489116 -0.912139
v -0.982058 -0.527313 -0.912139
v -0.981148 -0.485395 -0.887320
v -0.974058 -0.522541 -0.880349
v -0.962846 -0.474475 -0.864360
v -0.950615 -0.508556 -0.850938
v -0.933727 -0.457105 -0.846149
v -0.913318 -0.486310 -0.827609
v -0.913318 -0.486310 -0.996667
v -0.933727 -0.457105 -0.978127
v -0.962846 -0.474475 -0.959917
v -0.950615 -0.508556 -0.973339
v -0.628981 -0.245451 -0.969601
v -0.865674 -0.245451 -0.969601
v -0.865674 -0.245451 -0.818374
v -0.628986 -0.245451 -0.818374
v -0.865674 -0.405757 -0.818374
v -0.865674 -0.419125 -0.828264
v -0.628986 -0.419125 -0.828264
v -0.628986 -0.405757 -0.818374
v -0.865674 -0.245451 -0.969601
v -0.865674 -0.405757 -0.969601
v -0.865674 -0.405757 -0.818374
v -0.865674 -0.245451 -0.818374
v -0.865674 -0.419125 -0.959705
v -0.865674 -0.419125 -0.828264
v -0.865674 -0.425494 -0.941127
v -0.865674 -0.425494 -0.846843
v -0.865674 -0.428885 -0.912024
v -0.865674 -0.428885 -0.875946
v -0.628981 -0.405757 -0.969601
v -0.628981 -0.419125 -0.959705
v -0.865674 -0.419125 -0.959705
v -0.865674 -0.405757 -0.969601
v -0.628981 -0.245451 -0.969601
v -0.865674 -0.245451 -0.969601
v -0.628981 -0.405757 -0.969601
v -0.628981 -0.245451 -0.969601
v -0.628986 -0.245451 -0.818374
v -0.628986 -0.405757 -0.818374
v -0.628981 -0.419125 -0.959705
v -0.628986 -0.419125 -0.828264
v -0.628981 -0.425494 -0.941127
v -0.628981 -0.425494 -0.846843
v -0.628981 -0.428885 -0.912024
v -0.628981 -0.428885 -0.875946
v -0.864710 -0.457316 -0.944632
v -0.845216 -0.445692 -0.955421
v -0.845216 -0.445692 -0.868855
v -0.864710 -0.457316 -0.879645
v -0.865674 -0.428885 -0.912024
v -0.628981 -0.428885 -0.912024
v -0.628981 -0.428885 -0.875946
v -0.865674 -0.428885 -0.875946
v -0.865674 -0.425494 -0.846843
v -0.628981 -0.425494 -0.846843
v -0.628981 -0.425494 -0.941127
v -0.865674 -0.425494 -0.941127
v -0.895779 -0.434469 -0.937503
v -0.864710 -0.457316 -0.944632
v -0.864710 -0.457316 -0.879645
v -0.895779 -0.434469 -0.886773
v -0.845216 -0.445692 -0.955421
v -0.865756 -0.349025 -0.970582
v -0.865756 -0.349025 -0.853689
v -0.845216 -0.445692 -0.868855
v -0.628986 -0.245451 -0.818374
v -0.865674 -0.245451 -0.818374
v -0.865214 -0.457619 -0.787614
v -0.892752 -0.365128 -0.743990
v -0.845216 -0.445692 -0.809020
v -0.864710 -0.457316 -0.834727
v -0.865756 -0.349025 -0.772892
v -0.845216 -0.445692 -0.809020
v -0.879720 -0.466270 -0.818661
v -0.865214 -0.457619 -0.787614
v -0.865756 -0.349025 -1.051385
v -0.892752 -0.365128 -1.080287
v -0.953194 -0.401180 -1.064189
v -1.020282 -0.441197 -1.022223
v -0.865756 -0.349025 -0.970582
v -1.062460 -0.466356 -0.969320
v -0.865756 -0.349025 -0.853689
v -1.076846 -0.474936 -0.912139
v -1.062460 -0.466356 -0.854952
v -1.020282 -0.441197 -0.802049
v -0.865756 -0.349025 -0.772892
v -0.953194 -0.401180 -0.760088
v -0.892752 -0.365128 -0.743990
v -0.892752 -0.365128 -1.080287
v -0.865214 -0.457619 -1.036663
v -0.845216 -0.445692 -1.015257
v -0.865756 -0.349025 -1.051385
v -0.865214 -0.457619 -1.036663
v -0.879720 -0.466270 -1.005615
v -0.864710 -0.457316 -0.989545
v -0.845216 -0.445692 -1.015257
v -0.879720 -0.466270 -1.005615
v -0.907495 -0.441462 -0.985114
v -0.895779 -0.434469 -0.972570
v -0.864710 -0.457316 -0.989545
v -0.864710 -0.457316 -0.834727
v -0.895779 -0.434469 -0.851707
v -0.907501 -0.441462 -0.839162
v -0.879720 -0.466270 -0.818661
v -0.933727 -0.457105 -0.978127
v -0.907495 -0.441462 -0.985114
v -0.895779 -0.434469 -0.972570
v -0.962846 -0.474475 -0.959917
v -0.895779 -0.434469 -0.937503
v -0.981148 -0.485395 -0.936956
v -0.895779 -0.434469 -0.886773
v -0.987393 -0.489116 -0.912139
v -0.981148 -0.485395 -0.887320
v -0.962846 -0.474475 -0.864360
v -0.895779 -0.434469 -0.851707
v -0.933727 -0.457105 -0.846149
v -0.907501 -0.441462 -0.839162
v -0.892752 -0.365128 -0.743990
v -0.865214 -0.457619 -0.787614
v -0.865214 -0.457619 -1.036663
v -0.892752 -0.365128 -1.080287
v -0.907495 -0.441462 -0.985114
v -0.879720 -0.466270 -1.005615
v -0.907501 -0.441462 -0.839162
v -0.879720 -0.466270 -0.818661
v 0.124617 0.074786 -0.918329
v 0.072803 0.063991 -0.916975
v 0.069824 0.057134 -0.924661
v 0.121156 0.066829 -0.927255
v 0.062539 -0.072612 -0.889887
v 0.019353 -0.062922 -0.892488
v 0.023670 -0.052685 -0.887325
v 0.067554 -0.060723 -0.883891
v 0.062306 -0.072682 -0.928436
v 0.019153 -0.062982 -0.925679
v 0.016342 -0.069801 -0.918112
v 0.059040 -0.080601 -0.919651
v 0.065431 0.046897 -0.929856
v 0.116059 0.054935 -0.933289
v 0.059159 -0.080563 -0.898787
v 0.016444 -0.069768 -0.900146
v 0.110561 0.041047 -0.880950
v 0.060703 0.034937 -0.884796
v 0.065826 0.047005 -0.886459
v 0.116519 0.055059 -0.882884
v 0.121535 0.066927 -0.888674
v 0.070149 0.057226 -0.891442
v 0.072992 0.064040 -0.898992
v 0.124839 0.074846 -0.897438
v 0.073453 -0.046711 -0.881714
v 0.028751 -0.040617 -0.885451
v 0.057935 -0.083369 -0.909235
v 0.015389 -0.072184 -0.909148
v 0.073919 0.066412 -0.907957
v 0.125911 0.077603 -0.907854
v 0.060296 0.034829 -0.931762
v 0.110095 0.040917 -0.935500
v 0.073096 -0.046819 -0.936242
v 0.028442 -0.040709 -0.932396
v 0.023399 -0.052766 -0.930700
v 0.067240 -0.060820 -0.934264
v 0.028751 -0.040617 -0.885451
v 0.044653 -0.002886 -0.908596
v 0.060703 0.034937 -0.884796
v 0.019153 -0.062982 -0.925679
v 0.016342 -0.069801 -0.918112
v 0.060296 0.034829 -0.931762
v 0.028442 -0.040709 -0.932396
v 0.023670 -0.052685 -0.887325
v 0.065826 0.047005 -0.886459
v 0.015389 -0.072184 -0.909148
v 0.070149 0.057226 -0.891442
v 0.072992 0.064040 -0.898992
v 0.019353 -0.062922 -0.892488
v 0.065431 0.046897 -0.929856
v 0.073919 0.066412 -0.907957
v 0.072803 0.063991 -0.916975
v 0.023399 -0.052766 -0.930700
v 0.016444 -0.069768 -0.900146
v 0.069824 0.057134 -0.924661
v -0.174068 0.030003 -0.852579
v -0.198064 -0.098118 -0.852579
v -0.077590 -0.069378 -0.868200
v -0.045655 0.036048 -0.868200
v -0.170239 0.050461 -0.856982
v -0.040531 0.052887 -0.871401
v -0.036236 0.067154 -0.940298
v -0.040558 0.052882 -0.949452
v -0.170239 0.050461 -0.963887
v -0.166989 0.067810 -0.951342
v -0.033344 0.076693 -0.926595
v -0.164817 0.079401 -0.932575
v -0.077590 -0.069378 -0.952670
v -0.198064 -0.098118 -0.968291
v -0.174068 0.030003 -0.968291
v -0.045655 0.036048 -0.952670
v -0.089902 -0.110024 -0.894270
v -0.207320 -0.147516 -0.888295
v -0.208078 -0.151589 -0.910432
v -0.090915 -0.113371 -0.910432
v -0.207320 -0.147516 -0.932575
v -0.089902 -0.110024 -0.926595
v -0.087015 -0.100485 -0.880571
v -0.205148 -0.135925 -0.869522
v -0.201898 -0.118582 -0.856982
v -0.082693 -0.086213 -0.871412
v -0.032303 0.080045 -0.910427
v -0.164054 0.083469 -0.910432
v -0.033294 0.076703 -0.894253
v -0.164817 0.079401 -0.888295
v -0.205148 -0.135925 -0.951342
v -0.087015 -0.100485 -0.940298
v -0.201898 -0.118582 -0.963887
v -0.082693 -0.086213 -0.949452
v -0.166989 0.067810 -0.869522
v -0.036181 0.067165 -0.880549
v -0.220780 -0.162401 -0.858889
v -0.205148 -0.135925 -0.869522
v -0.172129 0.114012 -0.910432
v -0.164054 0.083469 -0.910432
v -0.164817 0.079401 -0.932575
v -0.173029 0.108888 -0.938326
v -0.077590 -0.069378 -0.952670
v -0.069753 -0.078554 -0.963649
v -0.179447 0.072430 -0.843089
v -0.170239 0.050461 -0.856982
v -0.166989 0.067810 -0.869522
v -0.175601 0.094285 -0.858889
v -0.164817 0.079401 -0.888295
v -0.173029 0.108888 -0.882537
v -0.175601 0.094285 -0.961975
v -0.166989 0.067810 -0.951342
v -0.170239 0.050461 -0.963887
v -0.179447 0.072430 -0.977780
v -0.183980 0.046653 -0.837543
v -0.174068 0.030003 -0.852579
v -0.683270 -0.445714 -0.813142
v -0.739103 -0.362160 -0.813142
v -0.739103 -0.362160 -0.847233
v -0.683270 -0.445714 -0.847233
v -0.758705 -0.263596 -0.813142
v -0.758705 -0.263596 -0.847233
v -0.739103 -0.165033 -0.813142
v -0.739103 -0.165033 -0.847233
v -0.599716 -0.501547 -0.813142
v -0.599716 -0.501547 -0.847227
v -0.683270 -0.081479 -0.813142
v -0.683270 -0.081479 -0.847233
v -0.501152 -0.521149 -0.813142
v -0.501152 -0.521149 -0.847227
v -0.402589 -0.501547 -0.813142
v -0.402589 -0.501547 -0.847227
v -0.319035 -0.445714 -0.813142
v -0.319035 -0.445714 -0.847233
v -0.263202 -0.362160 -0.813142
v -0.263202 -0.362160 -0.847233
v -0.243600 -0.263596 -0.813142
v -0.243600 -0.263596 -0.847233
v -0.263202 -0.165033 -0.813142
v -0.263202 -0.165033 -0.847233
v -0.319035 -0.081479 -0.813142
v -0.319035 -0.081479 -0.847233
v -0.402589 -0.025646 -0.813142
v -0.402589 -0.025646 -0.847233
v -0.501152 -0.006038 -0.813142
v -0.501152 -0.006038 -0.847233
v -0.599716 -0.025646 -0.813142
v -0.599716 -0.025646 -0.847233
v -0.683270 -0.445714 -0.847233
v -0.657124 -0.419569 -0.856365
v -0.501152 -0.006038 -0.974492
v -0.501152 -0.043017 -0.965355
v -0.501152 -0.484171 -0.856365
v -0.585562 -0.467380 -0.856365
v -0.585562 -0.467380 -0.965355
v -0.501152 -0.484171 -0.965355
v -0.721726 -0.263596 -0.856365
v -0.704941 -0.179186 -0.856365
v -0.704941 -0.179186 -0.965355
v -0.721726 -0.263596 -0.965355
v -0.297363 -0.348007 -0.965355
v -0.263202 -0.362160 -0.974492
v -0.297363 -0.348007 -0.856365
v -0.345180 -0.419569 -0.856365
v -0.345180 -0.419569 -0.965355
v -0.297363 -0.348007 -0.965355
v -0.585562 -0.059808 -0.856365
v -0.599716 -0.025646 -0.847233
v -0.657124 -0.419569 -0.965355
v -0.683270 -0.445714 -0.974492
v -0.657124 -0.419569 -0.856365
v -0.704941 -0.348007 -0.856365
v -0.704941 -0.348007 -0.965355
v -0.657124 -0.419569 -0.965355
v -0.297363 -0.179186 -0.856365
v -0.280578 -0.263596 -0.856365
v -0.280578 -0.263596 -0.965355
v -0.297363 -0.179186 -0.965355
v -0.416742 -0.467380 -0.856365
v -0.416742 -0.467380 -0.965355
v -0.416742 -0.059808 -0.856365
v -0.345180 -0.107624 -0.856365
v -0.345180 -0.107624 -0.965355
v -0.416742 -0.059808 -0.965355
v -0.657124 -0.107624 -0.856365
v -0.657124 -0.107624 -0.965355
v -0.501152 -0.043017 -0.856365
v -0.501152 -0.043017 -0.965355
v -0.585562 -0.059808 -0.856365
v -0.585562 -0.059808 -0.965355
v -0.658462 -0.420907 -0.792949
v -0.706691 -0.348732 -0.792949
v -0.739103 -0.362160 -0.813142
v -0.683270 -0.445714 -0.813142
v -0.723622 -0.263596 -0.792949
v -0.758705 -0.263596 -0.813142
v -0.706691 -0.178461 -0.792949
v -0.739103 -0.165033 -0.813142
v -0.586288 -0.469135 -0.792949
v -0.599716 -0.501547 -0.813142
v -0.658462 -0.106286 -0.792949
v -0.683270 -0.081479 -0.813142
v -0.501152 -0.486067 -0.792949
v -0.501152 -0.521149 -0.813142
v -0.416016 -0.469135 -0.792949
v -0.402589 -0.501547 -0.813142
v -0.343842 -0.420907 -0.792949
v -0.319035 -0.445714 -0.813142
v -0.295614 -0.348732 -0.792949
v -0.263202 -0.362160 -0.813142
v -0.278682 -0.263596 -0.792949
v -0.243600 -0.263596 -0.813142
v -0.295614 -0.178461 -0.792949
v -0.263202 -0.165033 -0.813142
v -0.343842 -0.106286 -0.792949
v -0.319035 -0.081479 -0.813142
v -0.416016 -0.058058 -0.792949
v -0.402589 -0.025646 -0.813142
v -0.501152 -0.041126 -0.792949
v -0.501152 -0.006038 -0.813142
v -0.586288 -0.058058 -0.792949
v -0.599716 -0.025646 -0.813142
v -0.626408 -0.263542 -0.680373
v -0.616875 -0.215617 -0.680373
v -0.594754 -0.224825 -0.689408
v -0.602467 -0.263596 -0.689408
v -0.589728 -0.174994 -0.680373
v -0.572790 -0.191953 -0.689408
v -0.549099 -0.147847 -0.680373
v -0.539923 -0.169995 -0.689408
v -0.586288 -0.469135 -0.792949
v -0.581922 -0.458594 -0.809464
v -0.650397 -0.412842 -0.809464
v -0.658462 -0.420907 -0.792949
v -0.501179 -0.138314 -0.680373
v -0.501152 -0.162282 -0.689408
v -0.453255 -0.147847 -0.680373
v -0.462381 -0.169995 -0.689408
v -0.343842 -0.420907 -0.792949
v -0.351907 -0.412842 -0.809464
v -0.420382 -0.458594 -0.809464
v -0.416016 -0.469135 -0.792949
v -0.295614 -0.178461 -0.792949
v -0.306154 -0.182826 -0.809464
v -0.290089 -0.263596 -0.809464
v -0.278682 -0.263596 -0.792949
v -0.501152 -0.041126 -0.792949
v -0.501152 -0.052533 -0.809464
v -0.420382 -0.068598 -0.809464
v -0.416016 -0.058058 -0.792949
v -0.412631 -0.174994 -0.680373
v -0.429514 -0.191953 -0.689408
v -0.385483 -0.215617 -0.680373
v -0.407551 -0.224825 -0.689408
v -0.706691 -0.178461 -0.792949
v -0.696150 -0.182826 -0.809464
v -0.650397 -0.114351 -0.809464
v -0.658462 -0.106286 -0.792949
v -0.375950 -0.263542 -0.680373
v -0.399837 -0.263596 -0.689408
v -0.385483 -0.311462 -0.680373
v -0.407551 -0.302367 -0.689408
v -0.712215 -0.263596 -0.809464
v -0.602467 -0.263596 -0.753620
v -0.594754 -0.224825 -0.753620
v -0.696150 -0.182826 -0.809464
v -0.581922 -0.068598 -0.809464
v -0.586288 -0.058058 -0.792949
v -0.351907 -0.114351 -0.809464
v -0.343842 -0.106286 -0.792949
v -0.306154 -0.344367 -0.809464
v -0.295614 -0.348732 -0.792949
v -0.501152 -0.474660 -0.809464
v -0.501152 -0.486067 -0.792949
v -0.696150 -0.344367 -0.809464
v -0.706691 -0.348732 -0.792949
v -0.723622 -0.263596 -0.792949
v -0.712215 -0.263596 -0.809464
v -0.420382 -0.458594 -0.809464
v -0.462381 -0.357198 -0.753620
v -0.501152 -0.364911 -0.753620
v -0.501152 -0.474660 -0.809464
v -0.650397 -0.412842 -0.809464
v -0.572790 -0.335235 -0.753620
v -0.594754 -0.302367 -0.753620
v -0.696150 -0.344367 -0.809464
v -0.306154 -0.344367 -0.809464
v -0.407551 -0.302367 -0.753620
v -0.429514 -0.335235 -0.753620
v -0.351907 -0.412842 -0.809464
v -0.420382 -0.068598 -0.809464
v -0.462381 -0.169995 -0.753620
v -0.429514 -0.191953 -0.753620
v -0.351907 -0.114351 -0.809464
v -0.581922 -0.458594 -0.809464
v -0.539923 -0.357198 -0.753620
v -0.412631 -0.352091 -0.680373
v -0.429514 -0.335235 -0.689408
v -0.453255 -0.379238 -0.680373
v -0.462381 -0.357198 -0.689408
v -0.290089 -0.263596 -0.809464
v -0.399837 -0.263596 -0.753620
v -0.501179 -0.388771 -0.680373
v -0.501152 -0.364911 -0.689408
v -0.549099 -0.379238 -0.680373
v -0.539923 -0.357198 -0.689408
v -0.407551 -0.224825 -0.753620
v -0.306154 -0.182826 -0.809464
v -0.581922 -0.068598 -0.809464
v -0.539923 -0.169995 -0.753620
v -0.501152 -0.162282 -0.753620
v -0.501152 -0.052533 -0.809464
v -0.650397 -0.114351 -0.809464
v -0.572790 -0.191953 -0.753620
v -0.589728 -0.352091 -0.680373
v -0.572790 -0.335235 -0.689408
v -0.616875 -0.311462 -0.680373
v -0.594754 -0.302367 -0.689408
v 1.328977 0.321137 -0.294363
v 1.328977 0.372410 -0.309205
v 1.631351 0.372410 -0.309205
v 1.631351 0.321137 -0.294363
v 1.638122 0.312195 -0.313533
v 1.631351 0.321137 -0.294363
v 1.631351 0.372410 -0.309205
v 1.638122 0.370064 -0.329040
v 1.328977 0.321137 -0.294363
v 1.322207 0.312195 -0.313533
v 1.322207 0.370064 -0.329040
v 1.328977 0.372410 -0.309205
v 1.638122 0.370064 -0.329040
v 1.631351 0.372410 -0.309205
v 1.328977 0.372410 -0.309205
v 1.322207 0.370064 -0.329040
v 1.631351 0.321137 -0.294363
v 1.638122 0.312195 -0.313533
v 1.322207 0.312195 -0.313533
v 1.328977 0.321137 -0.294363
v -0.573381 -0.263596 -1.144618
v -0.587464 -0.263596 -1.144618
v -0.473512 -0.330322 -1.144618
v -0.468122 -0.343338 -1.144618
v -0.501152 -0.349908 -1.144618
v -0.501152 -0.335819 -1.144618
v -0.450080 -0.212525 -1.144618
v -0.440119 -0.202564 -1.144618
v -0.421411 -0.230567 -1.144618
v -0.434421 -0.235956 -1.144618
v -0.549597 -0.215152 -1.126479
v -0.552224 -0.212525 -1.144618
v -0.528792 -0.196866 -1.144618
v -0.527368 -0.200300 -1.126479
v -0.473512 -0.196866 -1.144618
v -0.468122 -0.183855 -1.144618
v -0.450080 -0.314668 -1.144618
v -0.440119 -0.324629 -1.144618
v -0.567877 -0.291237 -1.144618
v -0.580893 -0.296626 -1.144618
v -0.501152 -0.191368 -1.144618
v -0.501152 -0.177285 -1.144618
v -0.434421 -0.291237 -1.144618
v -0.421411 -0.296626 -1.144618
v -0.552224 -0.314668 -1.144618
v -0.562185 -0.324629 -1.144618
v -0.528792 -0.196866 -1.144618
v -0.534182 -0.183855 -1.144618
v -0.428924 -0.263596 -1.144618
v -0.414841 -0.263596 -1.144618
v -0.528792 -0.330322 -1.144618
v -0.534182 -0.343338 -1.144618
v -0.549597 -0.312041 -1.126479
v -0.552224 -0.314668 -1.144618
v -0.567877 -0.291237 -1.144618
v -0.564449 -0.289812 -1.126479
v -0.437856 -0.237375 -1.126479
v -0.434421 -0.235956 -1.144618
v -0.428924 -0.263596 -1.144618
v -0.432640 -0.263596 -1.126479
v -0.564449 -0.237375 -1.126479
v -0.567877 -0.235956 -1.144618
v -0.452707 -0.215152 -1.126479
v -0.450080 -0.212525 -1.144618
v -0.573381 -0.263596 -1.144618
v -0.569665 -0.263596 -1.126479
v -0.474931 -0.326893 -1.126479
v -0.473512 -0.330322 -1.144618
v -0.501152 -0.335819 -1.144618
v -0.501152 -0.332109 -1.126479
v -0.474931 -0.200300 -1.126479
v -0.473512 -0.196866 -1.144618
v -0.452707 -0.312041 -1.126479
v -0.450080 -0.314668 -1.144618
v -0.501152 -0.195084 -1.126479
v -0.501152 -0.191368 -1.144618
v -0.528792 -0.330322 -1.144618
v -0.527368 -0.326893 -1.126479
v -0.437856 -0.289812 -1.126479
v -0.434421 -0.291237 -1.144618
v -0.501152 -0.263596 -1.126479
v -0.432640 -0.263596 -1.126479
v -0.437856 -0.289812 -1.126479
v -0.549597 -0.312041 -1.126479
v -0.564449 -0.289812 -1.126479
v -0.549597 -0.215152 -1.126479
v -0.527368 -0.200300 -1.126479
v -0.437856 -0.237375 -1.126479
v -0.569665 -0.263596 -1.126479
v -0.564449 -0.237375 -1.126479
v -0.452707 -0.215152 -1.126479
v -0.474931 -0.326893 -1.126479
v -0.501152 -0.332109 -1.126479
v -0.474931 -0.200300 -1.126479
v -0.452707 -0.312041 -1.126479
v -0.527368 -0.326893 -1.126479
v -0.501152 -0.195084 -1.126479
v 0.545086 0.355965 -0.431422
v 0.545086 0.309324 -0.403982
v 0.522228 0.309324 -0.403982
v 0.522228 0.355965 -0.431422
v 0.545086 0.355965 -0.213957
v 0.522228 0.355965 -0.213957
v 0.522228 0.309324 -0.213957
v 0.545086 0.309324 -0.213957
v 0.545086 0.355965 -0.431422
v 0.545086 0.402606 -0.362080
v 0.545086 0.402606 -0.213957
v 0.545086 0.355965 -0.213957
v 0.545086 0.309324 -0.213957
v 0.522228 0.309324 -0.213957
v 0.522228 0.309324 -0.403982
v 0.545086 0.309324 -0.403982
v 0.545086 0.402606 -0.362080
v 0.522228 0.402606 -0.362080
v 0.522228 0.402606 -0.213957
v 0.545086 0.402606 -0.213957
v 0.522228 0.355965 -0.431422
v 0.522228 0.309324 -0.403982
v 0.522228 0.309324 -0.213957
v 0.522228 0.355965 -0.213957
v 0.545086 0.355965 -0.431422
v 0.522228 0.355965 -0.431422
v 0.545086 0.402606 -0.213957
v 0.522228 0.402606 -0.213957
v 0.545086 0.309324 -0.403982
v 0.545086 0.309324 -0.213957
v 0.522228 0.402606 -0.362080
v 0.522228 0.402606 -0.213957
v 0.522228 0.064852 -0.213957
v 0.545086 0.064852 -0.213957
v 0.545086 0.111493 -0.213957
v 0.522228 0.111493 -0.213957
v 0.522228 0.158140 -0.213957
v 0.545086 0.158140 -0.213957
v 0.545086 0.158140 -0.403983
v 0.522228 0.158140 -0.403983
v 0.522228 0.111493 -0.431422
v 0.522228 0.064852 -0.362080
v 0.522228 0.064852 -0.213957
v 0.522228 0.111493 -0.213957
v 0.522228 0.064852 -0.362080
v 0.522228 0.111493 -0.431422
v 0.545086 0.111493 -0.431422
v 0.545086 0.064852 -0.362080
v 0.545086 0.111493 -0.431422
v 0.545086 0.158140 -0.403983
v 0.545086 0.158140 -0.213957
v 0.545086 0.111493 -0.213957
v 0.545086 0.158140 -0.213957
v 0.522228 0.158140 -0.213957
v 0.545086 0.064852 -0.213957
v 0.522228 0.064852 -0.213957
v 0.522228 0.111493 -0.431422
v 0.522228 0.158140 -0.403983
v 0.545086 0.158140 -0.403983
v 0.545086 0.111493 -0.431422
v 0.522228 0.158140 -0.403983
v 0.522228 0.158140 -0.213957
v 0.545086 0.064852 -0.362080
v 0.545086 0.064852 -0.213957
v 0.655890 0.222303 -0.431422
v 0.609249 0.222303 -0.403983
v 0.609249 0.245161 -0.403983
v 0.655890 0.245161 -0.431422
v 0.655890 0.222303 -0.213957
v 0.655890 0.245161 -0.213957
v 0.609249 0.245161 -0.213957
v 0.609249 0.222303 -0.213957
v 0.655890 0.222303 -0.431422
v 0.702537 0.222303 -0.362080
v 0.702537 0.222303 -0.213957
v 0.655890 0.222303 -0.213957
v 0.609249 0.222303 -0.213957
v 0.609249 0.245161 -0.213957
v 0.609249 0.245161 -0.403983
v 0.609249 0.222303 -0.403983
v 0.702537 0.222303 -0.362080
v 0.702537 0.245161 -0.362080
v 0.702537 0.245161 -0.213957
v 0.702537 0.222303 -0.213957
v 0.655890 0.245161 -0.431422
v 0.609249 0.245161 -0.403983
v 0.609249 0.245161 -0.213957
v 0.655890 0.245161 -0.213957
v 0.655890 0.222303 -0.431422
v 0.655890 0.245161 -0.431422
v 0.702537 0.222303 -0.213957
v 0.702537 0.245161 -0.213957
v 0.609249 0.222303 -0.403983
v 0.609249 0.222303 -0.213957
v 0.702537 0.245161 -0.362080
v 0.702537 0.245161 -0.213957
v 0.364783 0.245161 -0.213957
v 0.364783 0.222303 -0.213957
v 0.411424 0.222303 -0.213957
v 0.411424 0.245161 -0.213957
v 0.458065 0.245161 -0.213957
v 0.458065 0.222303 -0.213957
v 0.458065 0.222303 -0.403983
v 0.458065 0.245161 -0.403983
v 0.411424 0.245161 -0.431422
v 0.364783 0.245161 -0.362080
v 0.364783 0.245161 -0.213957
v 0.411424 0.245161 -0.213957
v 0.364783 0.245161 -0.362080
v 0.411424 0.245161 -0.431422
v 0.411424 0.222303 -0.431422
v 0.364783 0.222303 -0.362080
v 0.411424 0.222303 -0.431422
v 0.458065 0.222303 -0.403983
v 0.458065 0.222303 -0.213957
v 0.411424 0.222303 -0.213957
v 0.458065 0.222303 -0.213957
v 0.458065 0.245161 -0.213957
v 0.364783 0.222303 -0.213957
v 0.364783 0.245161 -0.213957
v 0.411424 0.245161 -0.431422
v 0.458065 0.245161 -0.403983
v 0.458065 0.222303 -0.403983
v 0.411424 0.222303 -0.431422
v 0.458065 0.245161 -0.403983
v 0.458065 0.245161 -0.213957
v 0.364783 0.222303 -0.362080
v 0.364783 0.222303 -0.213957
v 0.628174 0.312081 -0.431422
v 0.595193 0.279100 -0.403982
v 0.579030 0.295263 -0.403982
v 0.612012 0.328244 -0.431422
v 0.628174 0.312081 -0.213957
v 0.612012 0.328244 -0.213957
v 0.579030 0.295263 -0.213957
v 0.595193 0.279100 -0.213957
v 0.628174 0.312081 -0.431422
v 0.661155 0.345062 -0.362080
v 0.661155 0.345062 -0.213957
v 0.628174 0.312081 -0.213957
v 0.595193 0.279100 -0.213957
v 0.579030 0.295263 -0.213957
v 0.579030 0.295263 -0.403982
v 0.595193 0.279100 -0.403982
v 0.661155 0.345062 -0.362080
v 0.644992 0.361225 -0.362080
v 0.644992 0.361225 -0.213957
v 0.661155 0.345062 -0.213957
v 0.612012 0.328244 -0.431422
v 0.579030 0.295263 -0.403982
v 0.579030 0.295263 -0.213957
v 0.612012 0.328244 -0.213957
v 0.628174 0.312081 -0.431422
v 0.612012 0.328244 -0.431422
v 0.661155 0.345062 -0.213957
v 0.644992 0.361225 -0.213957
v 0.595193 0.279100 -0.403982
v 0.595193 0.279100 -0.213957
v 0.644992 0.361225 -0.362080
v 0.644992 0.361225 -0.213957
v 0.406164 0.122397 -0.213957
v 0.422327 0.106234 -0.213957
v 0.455308 0.139215 -0.213957
v 0.439145 0.155377 -0.213957
v 0.472126 0.188358 -0.213957
v 0.488289 0.172196 -0.213957
v 0.488289 0.172196 -0.403983
v 0.472126 0.188358 -0.403983
v 0.439145 0.155377 -0.431422
v 0.406164 0.122397 -0.362080
v 0.406164 0.122397 -0.213957
v 0.439145 0.155377 -0.213957
v 0.406164 0.122397 -0.362080
v 0.439145 0.155377 -0.431422
v 0.455308 0.139215 -0.431422
v 0.422327 0.106234 -0.362080
v 0.455308 0.139215 -0.431422
v 0.488289 0.172196 -0.403983
v 0.488289 0.172196 -0.213957
v 0.455308 0.139215 -0.213957
v 0.488289 0.172196 -0.213957
v 0.472126 0.188358 -0.213957
v 0.422327 0.106234 -0.213957
v 0.406164 0.122397 -0.213957
v 0.439145 0.155377 -0.431422
v 0.472126 0.188358 -0.403983
v 0.488289 0.172196 -0.403983
v 0.455308 0.139215 -0.431422
v 0.472126 0.188358 -0.403983
v 0.472126 0.188358 -0.213957
v 0.422327 0.106234 -0.362080
v 0.422327 0.106234 -0.213957
v 0.612012 0.139215 -0.431422
v 0.579030 0.172196 -0.403983
v 0.595193 0.188358 -0.403983
v 0.628174 0.155377 -0.431422
v 0.612012 0.139215 -0.213957
v 0.628174 0.155377 -0.213957
v 0.595193 0.188358 -0.213957
v 0.579030 0.172196 -0.213957
v 0.612012 0.139215 -0.431422
v 0.644992 0.106234 -0.362080
v 0.644992 0.106234 -0.213957
v 0.612012 0.139215 -0.213957
v 0.579030 0.172196 -0.213957
v 0.595193 0.188358 -0.213957
v 0.595193 0.188358 -0.403983
v 0.579030 0.172196 -0.403983
v 0.644992 0.106234 -0.362080
v 0.661155 0.122397 -0.362080
v 0.661155 0.122397 -0.213957
v 0.644992 0.106234 -0.213957
v 0.628174 0.155377 -0.431422
v 0.595193 0.188358 -0.403983
v 0.595193 0.188358 -0.213957
v 0.628174 0.155377 -0.213957
v 0.612012 0.139215 -0.431422
v 0.628174 0.155377 -0.431422
v 0.644992 0.106234 -0.213957
v 0.661155 0.122397 -0.213957
v 0.579030 0.172196 -0.403983
v 0.579030 0.172196 -0.213957
v 0.661155 0.122397 -0.362080
v 0.661155 0.122397 -0.213957
v 0.422327 0.361225 -0.213957
v 0.406164 0.345062 -0.213957
v 0.439145 0.312081 -0.213957
v 0.455308 0.328244 -0.213957
v 0.488289 0.295263 -0.213957
v 0.472126 0.279100 -0.213957
v 0.472126 0.279100 -0.403982
v 0.488289 0.295263 -0.403982
v 0.455308 0.328244 -0.431422
v 0.422327 0.361225 -0.362080
v 0.422327 0.361225 -0.213957
v 0.455308 0.328244 -0.213957
v 0.422327 0.361225 -0.362080
v 0.455308 0.328244 -0.431422
v 0.439145 0.312081 -0.431422
v 0.406164 0.345062 -0.362080
v 0.439145 0.312081 -0.431422
v 0.472126 0.279100 -0.403982
v 0.472126 0.279100 -0.213957
v 0.439145 0.312081 -0.213957
v 0.472126 0.279100 -0.213957
v 0.488289 0.295263 -0.213957
v 0.406164 0.345062 -0.213957
v 0.422327 0.361225 -0.213957
v 0.455308 0.328244 -0.431422
v 0.488289 0.295263 -0.403982
v 0.472126 0.279100 -0.403982
v 0.439145 0.312081 -0.431422
v 0.488289 0.295263 -0.403982
v 0.488289 0.295263 -0.213957
v 0.406164 0.345062 -0.362080
v 0.406164 0.345062 -0.213957
v 0.720151 0.310976 -0.305511
v 0.707515 0.305744 -0.296747
v 0.666723 0.366793 -0.296747
v 0.676392 0.376467 -0.305511
v 0.456413 0.047238 -0.305511
v 0.461645 0.059874 -0.296747
v 0.533657 0.045553 -0.296747
v 0.533657 0.031871 -0.305511
v 0.410069 0.110139 -0.322638
v 0.401084 0.101153 -0.333286
v 0.461911 0.060514 -0.333286
v 0.466769 0.072251 -0.322638
v 0.657250 0.110139 -0.322638
v 0.666230 0.101153 -0.333286
v 0.706876 0.161980 -0.333286
v 0.695138 0.166844 -0.322638
v 0.372182 0.166844 -0.322638
v 0.360438 0.161980 -0.333286
v 0.706876 0.305478 -0.333286
v 0.695138 0.300614 -0.322638
v 0.708441 0.233732 -0.322638
v 0.721148 0.233732 -0.333286
v 0.666230 0.366305 -0.333286
v 0.657250 0.357319 -0.322638
v 0.372182 0.300614 -0.322638
v 0.360438 0.305478 -0.333286
v 0.346172 0.233732 -0.333286
v 0.358873 0.233732 -0.322638
v 0.390923 0.376467 -0.305511
v 0.400597 0.366793 -0.296747
v 0.359805 0.305744 -0.296747
v 0.347163 0.310976 -0.305511
v 0.466769 0.395207 -0.322638
v 0.461911 0.406945 -0.333286
v 0.401084 0.366305 -0.333286
v 0.410069 0.357319 -0.322638
v 0.533657 0.435587 -0.305511
v 0.533657 0.421911 -0.296747
v 0.461645 0.407584 -0.296747
v 0.456413 0.420226 -0.305511
v 0.735518 0.233732 -0.305511
v 0.721836 0.233732 -0.296747
v 0.605669 0.407584 -0.296747
v 0.610906 0.420226 -0.305511
v 0.347163 0.156482 -0.305511
v 0.359805 0.161720 -0.296747
v 0.400597 0.100666 -0.296747
v 0.390923 0.090992 -0.305511
v 0.605669 0.059874 -0.296747
v 0.610906 0.047238 -0.305511
v 0.533657 0.046241 -0.333286
v 0.533657 0.058948 -0.322638
v 0.345478 0.233732 -0.296747
v 0.331802 0.233732 -0.305511
v 0.600545 0.395207 -0.322638
v 0.605669 0.407584 -0.296747
v 0.666723 0.366793 -0.296747
v 0.657250 0.357319 -0.322638
v 0.695138 0.300614 -0.322638
v 0.707515 0.305744 -0.296747
v 0.721836 0.233732 -0.296747
v 0.708441 0.233732 -0.322638
v 0.466769 0.395207 -0.322638
v 0.461645 0.407584 -0.296747
v 0.533657 0.421911 -0.296747
v 0.533657 0.408516 -0.322638
v 0.720151 0.156482 -0.305511
v 0.707515 0.161720 -0.296747
v 0.695138 0.166844 -0.322638
v 0.707515 0.161720 -0.296747
v 0.666723 0.100666 -0.296747
v 0.657250 0.110139 -0.322638
v 0.600545 0.395207 -0.322638
v 0.605409 0.406945 -0.333286
v 0.533657 0.421217 -0.333286
v 0.533657 0.408516 -0.322638
v 0.605409 0.060514 -0.333286
v 0.600545 0.072251 -0.322638
v 0.676392 0.090992 -0.305511
v 0.666723 0.100666 -0.296747
v 0.600545 0.072251 -0.322638
v 0.605669 0.059874 -0.296747
v 0.533657 0.045553 -0.296747
v 0.533657 0.058948 -0.322638
v 0.372182 0.166844 -0.322638
v 0.359805 0.161720 -0.296747
v 0.345478 0.233732 -0.296747
v 0.358873 0.233732 -0.322638
v 0.410069 0.357319 -0.322638
v 0.400597 0.366793 -0.296747
v 0.466769 0.072251 -0.322638
v 0.461645 0.059874 -0.296747
v 0.400597 0.100666 -0.296747
v 0.410069 0.110139 -0.322638
v 0.372182 0.300614 -0.322638
v 0.359805 0.305744 -0.296747
v -0.428008 -0.093368 -0.910432
v -0.428008 -0.189142 -0.808153
v -0.428008 0.002406 -0.808153
v -0.428008 0.082342 -0.910432
v -0.428008 0.076254 -0.949577
v -0.428008 -0.262990 -0.871293
v -0.428008 -0.269078 -0.910432
v -0.428008 0.058927 -0.982758
v -0.428008 -0.245663 -0.838106
v -0.428008 -0.219728 -1.004933
v -0.428008 -0.189142 -1.012717
v -0.428008 0.032993 -1.004933
v -0.428008 -0.219729 -0.815937
v -0.428008 0.032993 -0.815937
v -0.428008 -0.245663 -0.982758
v -0.428008 0.058927 -0.838106
v -0.428008 0.076254 -0.871293
v -0.428008 -0.262990 -0.949577
v -0.428008 0.002406 -1.012717
v 0.455384 0.155269 -0.025204
v 0.979004 0.042022 -0.025204
v 0.934470 -0.022602 -0.025204
v 0.426314 -0.143784 -0.025204
v 0.127287 -0.152570 -0.025204
v 0.863514 -0.079637 -0.025204
v 0.798917 -0.104851 -0.025204
v 0.674723 -0.129371 -0.025204
v 1.012943 0.165398 -0.025204
v 1.025910 0.463103 -0.025204
v -0.115143 -0.152570 -0.025204
v 1.083953 0.562246 -0.036194
v 1.083953 0.274339 -0.041713
v 0.974037 0.238146 -0.064316
v 0.974037 0.549945 -0.059105
v 0.355363 0.503872 -0.202089
v 0.337809 0.043338 -0.204310
v 0.335805 -0.009267 -0.184323
v 0.334115 -0.053655 -0.142264
v 0.333302 -0.074903 -0.092271
v 0.777105 0.095444 -0.173631
v 0.355363 0.503872 -0.202089
v 0.688422 0.525127 -0.189512
v 1.427952 0.325259 -0.034883
v 0.777105 0.531496 -0.166422
v 1.752653 0.617185 -0.024624
v 1.390861 0.291916 -0.032353
v 1.427952 0.325259 -0.034883
v 1.359570 0.263777 -0.025599
v 1.344588 0.250306 -0.016905
v 0.898272 0.191760 -0.098526
v 1.752653 0.617185 -0.024624
v 0.898272 0.542086 -0.092812
v 0.844702 0.537075 -0.132639
v 0.844702 0.139816 -0.139351
v 2.146727 0.252256 -0.055607
v 2.171822 0.287079 -0.041182
v 2.146727 0.283748 -0.102735
v 2.171822 0.310396 -0.076086
v 2.146727 0.330876 -0.134232
v 2.171822 0.345300 -0.099409
v 2.146727 0.386471 -0.145287
v 2.171822 0.386471 -0.107599
v 2.146727 0.442065 -0.134232
v 2.171822 0.427641 -0.099409
v 2.146727 0.489194 -0.102735
v 2.171822 0.462539 -0.076086
v 2.146727 0.520685 -0.055607
v 2.171822 0.485863 -0.041182
v 2.171822 0.427641 -0.099409
v 2.102361 0.419609 -0.080023
v 2.102361 0.386471 -0.086616
v 2.171822 0.386471 -0.107599
v 1.904942 0.244814 -0.058688
v 2.146727 0.252256 -0.055607
v 1.904942 0.278049 -0.108434
v 2.146727 0.283748 -0.102735
v 1.904942 0.327794 -0.141674
v 2.146727 0.330876 -0.134232
v 1.904942 0.386471 -0.153342
v 2.146727 0.386471 -0.145287
v 1.904942 0.445147 -0.141674
v 2.146727 0.442065 -0.134232
v 1.904942 0.494887 -0.108434
v 2.146727 0.489194 -0.102735
v 1.904942 0.528127 -0.058688
v 2.146727 0.520685 -0.055607
v 1.156138 0.205317 -0.075051
v 1.189011 0.189279 -0.081692
v 1.189011 0.304790 -0.197203
v 1.156138 0.311431 -0.181171
v 1.156138 0.386471 -0.196093
v 1.189011 0.386471 -0.213453
v 1.189011 0.537389 -0.150936
v 1.156138 0.525116 -0.138662
v 1.156138 0.567624 -0.075051
v 1.189011 0.583657 -0.081692
v 1.189011 0.235546 -0.150936
v 1.785915 0.309877 -0.184925
v 1.785915 0.244949 -0.141538
v 1.804835 0.521449 -0.134995
v 1.785915 0.527992 -0.141538
v 1.785915 0.571378 -0.076606
v 1.804835 0.562831 -0.073064
v 1.785915 0.201564 -0.076606
v 1.156138 0.247820 -0.138662
v 1.804835 0.210111 -0.073064
v 1.189011 0.468151 -0.197203
v 1.156138 0.461505 -0.181171
v 1.804835 0.251493 -0.134995
v 1.785915 0.463059 -0.184925
v 1.804835 0.313419 -0.176377
v 1.785915 0.386471 -0.200156
v 1.804835 0.386471 -0.190904
v 1.804835 0.459522 -0.176377
v 2.171822 0.462539 -0.076086
v 2.102361 0.447709 -0.061250
v 2.171822 0.287079 -0.041182
v 2.102361 0.306459 -0.033155
v 2.171822 0.485863 -0.041182
v 2.102361 0.466477 -0.033155
v 2.171822 0.310396 -0.076086
v 2.102361 0.325232 -0.061250
v 2.171822 0.345300 -0.099409
v 2.102361 0.353327 -0.080023
v 1.828943 0.242474 -0.059663
v 1.879707 0.244039 -0.059014
v 1.828943 0.276262 -0.110226
v 1.879707 0.277459 -0.109029
v 1.828943 0.326825 -0.144014
v 1.879707 0.327475 -0.142449
v 1.828943 0.386471 -0.155875
v 1.879707 0.386471 -0.154186
v 1.828943 0.446117 -0.144014
v 1.879707 0.445467 -0.142449
v 1.828943 0.496679 -0.110226
v 1.879707 0.495482 -0.109029
v 1.828943 0.530467 -0.059663
v 1.879707 0.528902 -0.059014
v 1.892322 0.293714 -0.092769
v 1.879707 0.277459 -0.109029
v 1.879707 0.327475 -0.142449
v 1.892322 0.336271 -0.121205
v 1.892322 0.386471 -0.131188
v 1.892322 0.386471 -0.130472
v 1.892322 0.336547 -0.120544
v 1.892322 0.479222 -0.092769
v 1.892322 0.507658 -0.050212
v 1.892322 0.506998 -0.049940
v 1.892322 0.478718 -0.092265
v 1.892322 0.436670 -0.121205
v 1.879707 0.445467 -0.142449
v 1.879707 0.495482 -0.109029
v 1.879707 0.386471 -0.154186
v 1.892322 0.294223 -0.092266
v 1.892322 0.265283 -0.050212
v 1.879707 0.244039 -0.059014
v 1.879707 0.528902 -0.059014
v 1.904942 0.528127 -0.058688
v 1.892322 0.506998 -0.049940
v 1.904942 0.494887 -0.108434
v 1.892322 0.478718 -0.092265
v 1.892322 0.265944 -0.049940
v 1.904942 0.244814 -0.058688
v 1.892322 0.265944 -0.049940
v 1.892322 0.436394 -0.120544
v 1.904942 0.278049 -0.108434
v 1.892322 0.294223 -0.092266
v 1.892322 0.336547 -0.120544
v 1.904942 0.327794 -0.141674
v 1.904942 0.386471 -0.153342
v 1.892322 0.386471 -0.130472
v 1.892322 0.436394 -0.120544
v 1.904942 0.445147 -0.141674
v 1.987451 0.233894 -0.048170
v 1.987451 0.244532 -0.073849
v 2.169390 0.251048 -0.071151
v 2.169390 0.240410 -0.045472
v 1.986080 0.271035 -0.032787
v 2.193634 0.277551 -0.030084
v 2.193634 0.288189 -0.055768
v 1.986080 0.281673 -0.058466
v 2.169390 0.240410 -0.045472
v 2.193634 0.277551 -0.030084
v 1.986080 0.271035 -0.032787
v 1.987451 0.233894 -0.048170
v 2.193634 0.277551 -0.030084
v 2.169390 0.240410 -0.045472
v 2.169390 0.251048 -0.071151
v 2.193634 0.288189 -0.055768
v 1.987451 0.233894 -0.048170
v 1.986080 0.271035 -0.032787
v 1.986080 0.281673 -0.058466
v 1.987451 0.244532 -0.073849
v 1.987451 0.244532 -0.073849
v 1.986080 0.281673 -0.058466
v 2.193634 0.288189 -0.055768
v 2.169390 0.251048 -0.071151
v 1.987451 0.434623 -0.152594
v 1.987451 0.460308 -0.141955
v 2.169390 0.457605 -0.135439
v 2.169390 0.431926 -0.146077
v 1.986080 0.419240 -0.115447
v 2.193634 0.416543 -0.108931
v 2.193634 0.442222 -0.098294
v 1.986080 0.444920 -0.104810
v 2.169390 0.431926 -0.146077
v 2.193634 0.416543 -0.108931
v 1.986080 0.419240 -0.115447
v 1.987451 0.434623 -0.152594
v 2.193634 0.416543 -0.108931
v 2.169390 0.431926 -0.146077
v 2.169390 0.457605 -0.135439
v 2.193634 0.442222 -0.098294
v 1.987451 0.434623 -0.152594
v 1.986080 0.419240 -0.115447
v 1.986080 0.444920 -0.104810
v 1.987451 0.460308 -0.141955
v 1.987451 0.460308 -0.141955
v 1.986080 0.444920 -0.104810
v 2.193634 0.442222 -0.098294
v 2.169390 0.457605 -0.135439
v 1.987451 0.312634 -0.141955
v 1.987451 0.338313 -0.152594
v 2.169390 0.341016 -0.146077
v 2.169390 0.315331 -0.135439
v 1.986080 0.328016 -0.104810
v 2.193634 0.330719 -0.098294
v 2.193634 0.356398 -0.108931
v 1.986080 0.353701 -0.115447
v 2.169390 0.315331 -0.135439
v 2.193634 0.330719 -0.098294
v 1.986080 0.328016 -0.104810
v 1.987451 0.312634 -0.141955
v 2.193634 0.330719 -0.098294
v 2.169390 0.315331 -0.135439
v 2.169390 0.341016 -0.146077
v 2.193634 0.356398 -0.108931
v 1.987451 0.312634 -0.141955
v 1.986080 0.328016 -0.104810
v 1.986080 0.353701 -0.115447
v 1.987451 0.338313 -0.152594
v 1.987451 0.338313 -0.152594
v 1.986080 0.353701 -0.115447
v 2.193634 0.356398 -0.108931
v 2.169390 0.341016 -0.146077
v 1.987451 0.528409 -0.073849
v 1.987451 0.539047 -0.048170
v 2.169390 0.532531 -0.045472
v 2.169390 0.521893 -0.071151
v 1.986080 0.491263 -0.058466
v 2.193634 0.484747 -0.055768
v 2.193634 0.495385 -0.030084
v 1.986080 0.501901 -0.032787
v 2.169390 0.521893 -0.071151
v 2.193634 0.484747 -0.055768
v 1.986080 0.491263 -0.058466
v 1.987451 0.528409 -0.073849
v 2.193634 0.484747 -0.055768
v 2.169390 0.521893 -0.071151
v 2.169390 0.532531 -0.045472
v 2.193634 0.495385 -0.030084
v 1.987451 0.528409 -0.073849
v 1.986080 0.491263 -0.058466
v 1.986080 0.501901 -0.032787
v 1.987451 0.539047 -0.048170
v 1.987451 0.539047 -0.048170
v 1.986080 0.501901 -0.032787
v 2.193634 0.495385 -0.030084
v 2.169390 0.532531 -0.045472
v 1.813799 0.222152 -0.068080
v 1.828943 0.242474 -0.059663
v 1.813799 0.260706 -0.125782
v 1.828943 0.276262 -0.110226
v 1.828943 0.446117 -0.144014
v 1.813799 0.454534 -0.164336
v 1.813799 0.512235 -0.125782
v 1.828943 0.496679 -0.110226
v 1.828943 0.326825 -0.144014
v 1.813799 0.318407 -0.164336
v 1.813799 0.386471 -0.177873
v 1.828943 0.386471 -0.155875
v 1.828943 0.530467 -0.059663
v 1.813799 0.550790 -0.068080
v 1.156138 0.456755 -0.169705
v 1.182582 0.454285 -0.163729
v 1.182582 0.511770 -0.125316
v 1.156138 0.516341 -0.129887
v 1.182582 0.222758 -0.067831
v 1.156138 0.216784 -0.070302
v 1.182582 0.550183 -0.067831
v 1.156138 0.556157 -0.070302
v 1.182582 0.261166 -0.125316
v 1.156138 0.256595 -0.129887
v 1.182582 0.318657 -0.163729
v 1.156138 0.316181 -0.169705
v 1.182582 0.386471 -0.177217
v 1.156138 0.386471 -0.183684
v 1.156138 0.247820 -0.138662
v 1.156138 0.256595 -0.129887
v 1.156138 0.316181 -0.169705
v 1.156138 0.311431 -0.181171
v 1.156138 0.567624 -0.075051
v 1.156138 0.556157 -0.070302
v 1.156138 0.386471 -0.196093
v 1.156138 0.386471 -0.183684
v 1.156138 0.456755 -0.169705
v 1.156138 0.461505 -0.181171
v 1.156138 0.205317 -0.075051
v 1.156138 0.216784 -0.070302
v 1.156138 0.525116 -0.138662
v 1.156138 0.516341 -0.129887
v 2.102361 0.419609 -0.080023
v 2.102361 0.386471 -0.086616
v 2.102361 0.447709 -0.061250
v 2.102361 0.306459 -0.033155
v 2.102361 0.466477 -0.033155
v 2.102361 0.325232 -0.061250
v 2.102361 0.353327 -0.080023
v 1.182582 0.318657 -0.163729
v 1.182582 0.386471 -0.177217
v 1.182582 0.261166 -0.125316
v 1.182582 0.222758 -0.067831
v 1.182582 0.511770 -0.125316
v 1.182582 0.550183 -0.067831
v 1.182582 0.209266 -0.000017
v 1.182582 0.454285 -0.163729
v -0.594754 -0.302367 -0.753620
v -0.594754 -0.302367 -0.689408
v -0.602467 -0.263596 -0.689408
v -0.602467 -0.263596 -0.753620
v -0.594754 -0.224825 -0.753620
v -0.594754 -0.224825 -0.689408
v -0.572790 -0.191953 -0.689408
v -0.572790 -0.191953 -0.753620
v -0.501152 -0.162282 -0.753620
v -0.501152 -0.162282 -0.689408
v -0.462381 -0.169995 -0.689408
v -0.462381 -0.169995 -0.753620
v -0.462381 -0.357198 -0.753620
v -0.462381 -0.357198 -0.689408
v -0.501152 -0.364911 -0.689408
v -0.501152 -0.364911 -0.753620
v -0.429514 -0.335235 -0.753620
v -0.429514 -0.335235 -0.689408
v -0.539923 -0.169995 -0.753620
v -0.539923 -0.169995 -0.689408
v -0.572790 -0.335235 -0.753620
v -0.572790 -0.335235 -0.689408
v 1.201712 0.482656 -0.051083
v 1.203381 0.452719 -0.100617
v 1.201604 0.503417 -0.072701
v -0.115143 -0.152570 -0.025204
v 1.202714 0.502264 -0.130586
v 1.203641 0.480657 -0.151337
v 1.202270 0.453873 -0.042737
v 1.204496 0.451560 -0.158503
v 1.204047 0.403175 -0.070653
v 1.203120 0.424781 -0.049898
v 1.205054 0.422777 -0.150156
v 1.201972 0.510594 -0.101804
v 1.205163 0.402021 -0.128534
v 1.204794 0.394845 -0.099437
v 0.732024 0.180661 -0.195026
v 0.729522 0.204505 -0.169991
v 0.729847 0.180580 -0.263078
v 0.732121 0.171903 -0.229106
v 0.715488 0.293356 -0.194874
v 0.713077 0.302033 -0.228955
v 0.716268 0.269432 -0.287810
v 0.713397 0.293275 -0.262965
v -0.407551 -0.224825 -0.753620
v -0.407551 -0.224825 -0.689408
v -0.429514 -0.191953 -0.689408
v -0.429514 -0.191953 -0.753620
v -0.539923 -0.357198 -0.689408
v -0.539923 -0.357198 -0.753620
v 0.533657 0.233732 -0.290438
v 0.498846 0.149690 -0.290438
v 0.469336 0.169411 -0.290438
v 0.597978 0.169411 -0.290438
v 0.568469 0.149690 -0.290438
v 0.533657 0.324696 -0.290437
v 0.568469 0.317768 -0.290437
v 0.449621 0.198920 -0.290438
v 0.617699 0.198920 -0.290438
v 0.597978 0.298052 -0.290437
v 0.617699 0.268544 -0.290438
v 0.498846 0.317768 -0.290437
v 0.442693 0.233732 -0.290438
v 0.449621 0.268544 -0.290438
v 0.533657 0.142768 -0.290438
v 0.469336 0.298052 -0.290437
v 0.624621 0.233732 -0.290438
v 1.264614 0.369707 -0.119028
v 1.155060 0.369707 -0.119028
v 1.155060 0.351724 -0.119028
v 1.264614 0.351724 -0.119028
v 1.155060 0.378698 -0.144663
v 1.155060 0.378698 -0.127569
v 1.264614 0.378698 -0.127569
v 1.264614 0.378698 -0.144663
v 1.264614 0.369707 -0.153211
v 1.264614 0.351724 -0.152799
v 1.155060 0.351724 -0.152799
v 1.155060 0.369707 -0.153211
v 1.264614 0.342733 -0.144663
v 1.264614 0.342733 -0.127569
v 1.155060 0.342733 -0.127569
v 1.155060 0.342733 -0.144663
v 1.076077 0.370487 -0.134291
v 1.078661 0.361782 -0.125533
v 1.076077 0.370487 -0.151385
v 1.027432 0.354660 -0.138337
v 1.027432 0.354660 -0.155432
v 0.982795 0.328764 -0.159278
v 0.982795 0.328764 -0.142183
v 1.031603 0.346497 -0.129465
v 0.988428 0.321495 -0.133214
v 0.988428 0.321495 -0.167402
v 1.031603 0.346497 -0.163655
v 1.078661 0.361782 -0.159721
v 1.083823 0.344363 -0.125116
v 1.086401 0.335653 -0.133452
v 1.039944 0.330172 -0.128816
v 0.999684 0.306941 -0.132358
v 1.044115 0.321999 -0.137031
v 1.005311 0.299650 -0.140472
v 0.945568 0.294922 -0.145677
v 0.945568 0.294922 -0.162771
v 0.915740 0.253275 -0.166054
v 0.915740 0.253275 -0.148959
v 0.952409 0.288817 -0.136631
v 0.923561 0.248530 -0.139761
v 0.923561 0.248530 -0.173951
v 0.952409 0.288817 -0.170814
v 0.966102 0.276582 -0.135607
v 0.939198 0.239224 -0.138689
v 0.972948 0.270445 -0.143634
v 0.947019 0.234512 -0.146646
v 0.893732 0.207126 -0.151943
v 0.893732 0.207126 -0.169032
v 0.879536 0.156488 -0.171752
v 0.879536 0.156537 -0.154663
v 0.888359 0.154928 -0.145103
v 0.902209 0.203838 -0.142518
v 0.888359 0.154928 -0.179291
v 0.902209 0.203838 -0.176708
v 0.919168 0.197853 -0.141533
v 0.906001 0.152480 -0.144165
v 0.927645 0.194717 -0.149435
v 0.914819 0.151131 -0.152068
v 0.878566 0.107361 -0.147486
v 0.872841 0.061120 -0.149664
v 0.889800 0.055574 -0.148938
v 0.896208 0.105069 -0.146635
v 0.898277 0.052725 -0.157008
v 0.905031 0.103818 -0.154598
v 0.869748 0.108790 -0.156938
v 0.864364 0.064007 -0.158844
v 0.869748 0.108758 -0.174032
v 0.864364 0.064007 -0.175933
v 0.878566 0.107361 -0.181669
v 0.872841 0.061120 -0.183852
v 0.709329 -0.091960 -0.182141
v 0.663555 -0.101065 -0.182758
v 0.663555 -0.101065 -0.165664
v 0.709329 -0.091960 -0.165045
v 0.561194 -0.105620 -0.183370
v 0.322767 -0.105620 -0.183375
v 0.322767 -0.105620 -0.166281
v 0.561194 -0.105620 -0.166276
v 0.561194 -0.114611 -0.191917
v 0.322767 -0.114611 -0.191923
v 0.711907 -0.100437 -0.190645
v 0.664415 -0.109888 -0.191294
v 0.664415 -0.109888 -0.157111
v 0.711907 -0.100437 -0.156455
v 0.322767 -0.114611 -0.157734
v 0.561194 -0.114611 -0.157728
v 0.790413 -0.048520 -0.180272
v 0.751616 -0.074443 -0.181317
v 0.751616 -0.074443 -0.164228
v 0.790413 -0.048520 -0.163177
v 0.796046 -0.055361 -0.188667
v 0.755786 -0.082264 -0.189778
v 0.755786 -0.082264 -0.155589
v 0.796046 -0.055361 -0.154478
v 0.856527 0.018049 -0.185731
v 0.872169 0.009474 -0.184686
v 0.843316 -0.033159 -0.186458
v 0.829629 -0.021822 -0.187351
v 0.807302 -0.069054 -0.187936
v 0.764122 -0.097907 -0.189181
v 0.822782 -0.016173 -0.179036
v 0.848711 0.022338 -0.177563
v 0.812930 -0.075900 -0.179638
v 0.768292 -0.105723 -0.180954
v 0.879991 0.005152 -0.176193
v 0.850162 -0.038841 -0.178073
v 0.717069 -0.117395 -0.190146
v 0.666138 -0.127524 -0.190867
v 0.719647 -0.125872 -0.181966
v 0.666994 -0.136348 -0.182719
v 0.561194 -0.132594 -0.191506
v 0.322767 -0.132594 -0.191511
v 0.561194 -0.141585 -0.183370
v 0.322767 -0.141585 -0.183375
v 0.822782 -0.016173 -0.161942
v 0.848711 0.022338 -0.160469
v 0.829629 -0.021822 -0.153162
v 0.856527 0.018049 -0.151543
v 0.896208 0.105086 -0.180396
v 0.889800 0.055574 -0.182714
v 0.905031 0.103818 -0.171692
v 0.898277 0.052725 -0.174102
v 0.919168 0.197853 -0.175311
v 0.906001 0.152501 -0.177926
v 0.914819 0.151131 -0.169157
v 0.927645 0.194717 -0.166530
v 0.966102 0.276582 -0.169384
v 0.939198 0.239224 -0.172467
v 0.972948 0.270445 -0.160730
v 0.947019 0.234512 -0.163741
v 0.843316 -0.033159 -0.152680
v 0.872169 0.009474 -0.150909
v 0.764122 -0.097907 -0.155410
v 0.807302 -0.069054 -0.154164
v 0.850162 -0.038841 -0.160979
v 0.879991 0.005152 -0.159099
v 0.768292 -0.105723 -0.163860
v 0.812930 -0.075900 -0.162544
v 0.666138 -0.127524 -0.157089
v 0.717069 -0.117395 -0.156369
v 0.666994 -0.136348 -0.165625
v 0.719647 -0.125872 -0.164872
v 1.044115 0.321999 -0.154127
v 1.005311 0.299650 -0.157560
v 0.999684 0.306941 -0.166134
v 1.039944 0.330172 -0.162587
v 1.083823 0.344363 -0.158888
v 1.086401 0.335653 -0.150541
v 0.561194 -0.141585 -0.166276
v 0.322767 -0.141585 -0.166281
v 0.561194 -0.132594 -0.157728
v 0.322767 -0.132594 -0.157734
v 0.322767 -0.114611 -0.191923
v 0.322767 -0.123603 -0.174773
v 0.322767 -0.105620 -0.183375
v 1.264614 0.342733 -0.127569
v 1.264614 0.360715 -0.136068
v 1.264614 0.351724 -0.119028
v 1.264614 0.378698 -0.144663
v 1.264614 0.378698 -0.127569
v 1.264614 0.369707 -0.119028
v 1.264614 0.342733 -0.144663
v 1.264614 0.369707 -0.153211
v 0.322767 -0.114611 -0.157734
v 0.322767 -0.132594 -0.157734
v 0.322767 -0.132594 -0.191511
v 0.322767 -0.141585 -0.183375
v 0.322767 -0.141585 -0.166281
v 1.264614 0.351724 -0.152799
v 0.322767 -0.105620 -0.166281
v 2.193379 0.628933 -0.026043
v 1.675826 0.634176 -0.050818
v 2.392331 0.627758 -0.013997
v -2.209444 -0.340180 -0.080603
v -2.250132 -0.360860 -0.093121
v -2.140666 -0.479502 -0.076238
v -2.048976 -0.580362 -0.072978
v -2.221902 -0.486007 -0.091567
v -2.240415 -0.469167 -0.079352
v -2.208880 -0.468658 -0.158687
v -2.188699 -0.485314 -0.183116
v -1.934905 -0.635036 -0.068542
v -2.038901 -0.368465 -0.312959
v -2.017593 -0.482557 -0.304005
v -2.215830 -0.362192 -0.186224
v -0.417804 0.210149 -0.485630
v -0.236677 0.290849 -0.434775
v -0.040883 0.278077 -0.451512
v 2.145741 0.585266 -0.085673
v 1.627283 0.565696 -0.170013
v 1.667642 0.621680 -0.101624
v 2.184919 0.621269 -0.052075
v 2.359838 0.599440 -0.044334
v 2.386931 0.622970 -0.027976
v -1.929770 -0.602131 -0.239722
v -1.920189 -0.605803 -0.284998
v -1.805398 -0.681379 -0.259980
v -1.844353 -0.658364 -0.221106
v -2.152620 -0.512997 -0.081963
v -2.129556 -0.512483 -0.163914
v -1.894228 -0.374201 -0.388204
v -1.878520 -0.480699 -0.375367
v 1.627283 0.565696 -0.170013
v 1.046233 0.541983 -0.239013
v -1.798595 -0.595626 -0.350652
v -1.920189 -0.605803 -0.284998
v -1.710366 -0.672518 -0.319084
v -1.805398 -0.681379 -0.259980
v -0.093066 0.383703 -0.377008
v -0.159726 0.369902 -0.379202
v -1.883368 -0.351040 -0.390251
v -0.123289 0.442715 -0.286321
v 0.022424 0.159364 -0.541771
v 0.116265 0.201807 -0.507058
v 0.396301 0.584789 -0.084070
v -0.403662 0.500937 -0.074699
v 0.409062 0.494843 -0.282805
v -0.393846 0.484612 -0.149382
v 0.399756 0.568063 -0.168128
v 1.074409 0.626593 -0.071097
v 1.046233 0.541983 -0.239013
v 1.070276 0.610940 -0.142183
v 2.168215 0.654753 -0.020632
v 1.629342 0.690735 -0.041545
v 1.706564 0.607798 -0.101831
v 1.672603 0.649689 -0.082375
v 2.185065 0.632925 -0.038696
v 2.199267 0.612082 -0.047882
v -1.378310 -0.401082 -0.550400
v -1.388260 -0.479009 -0.528485
v -1.376674 -0.561112 -0.494578
v -1.389436 -0.642581 -0.455265
v -0.186830 -0.536505 -0.374652
v -0.326108 -0.484946 -0.440852
v -0.146791 -0.448016 -0.434547
v 0.016645 -0.496797 -0.368645
v -0.147734 -0.174664 -0.443458
v 0.090775 -0.223596 -0.406284
v 0.034118 -0.318871 -0.417589
v -0.189148 -0.251707 -0.453559
v -0.465918 -0.410063 -0.484043
v -0.327945 -0.366688 -0.472880
v -1.500457 -0.518685 -0.450050
v -1.069323 -0.518685 -0.450050
v -1.069323 -0.574788 -0.385090
v -1.500457 -0.574788 -0.385090
v -0.572010 -0.560294 -0.381141
v -0.624740 -0.505913 -0.446567
v -0.677669 -0.429264 -0.489963
v -1.500457 -0.439095 -0.492645
v -1.069323 -0.439095 -0.492645
v 2.270109 0.643883 -0.015974
v 2.257505 0.629670 -0.030149
v 2.242799 0.613209 -0.041019
v 1.990538 0.863325 -0.010813
v 2.085061 1.224863 -0.010813
v 1.517551 0.721652 -0.010813
v 1.811465 0.721652 -0.010813
v 1.920130 1.224863 -0.010813
v 2.085061 1.224863 -0.010813
v 1.445919 0.863325 -0.010813
v 1.920130 1.224863 -0.010813
v 2.085061 1.224863 -0.010813
v 1.990538 0.863325 -0.010813
v -0.209227 -0.263542 -0.477321
v -0.231450 -0.151817 -0.477321
v -0.770908 -0.375268 -0.477321
v -0.707622 -0.469985 -0.477321
v -0.294737 -0.057099 -0.477321
v -0.389454 0.006187 -0.477321
v -0.612905 -0.533271 -0.477321
v -0.501179 -0.555495 -0.477321
v -0.501179 0.028410 -0.477321
v -0.612905 0.006187 -0.477321
v -0.389454 -0.533271 -0.477321
v -0.294737 -0.469985 -0.477321
v -0.707622 -0.057099 -0.477321
v -0.770908 -0.151817 -0.477321
v -0.231450 -0.375268 -0.477321
v -0.793132 -0.263542 -0.477321
v -0.389454 0.006187 -0.477321
v -0.395954 -0.009510 -0.477321
v -0.501179 0.011419 -0.477321
v -0.501179 0.028410 -0.477321
v -0.707622 -0.469985 -0.477321
v -0.695608 -0.457972 -0.477321
v -0.606399 -0.517574 -0.477321
v -0.612905 -0.533271 -0.477321
v -0.231450 -0.151817 -0.477321
v -0.247147 -0.158317 -0.477321
v -0.306750 -0.069113 -0.477321
v -0.294737 -0.057099 -0.477321
v -0.793132 -0.263542 -0.477321
v -0.776140 -0.263542 -0.477321
v -0.755211 -0.368762 -0.477321
v -0.770908 -0.375268 -0.477321
v -0.231450 -0.375268 -0.477321
v -0.247147 -0.368762 -0.477321
v -0.226218 -0.263542 -0.477321
v -0.209227 -0.263542 -0.477321
v -0.707622 -0.057099 -0.477321
v -0.695608 -0.069113 -0.477321
v -0.755211 -0.158317 -0.477321
v -0.770908 -0.151817 -0.477321
v -0.389454 -0.533271 -0.477321
v -0.395954 -0.517574 -0.477321
v -0.306750 -0.457972 -0.477321
v -0.294737 -0.469985 -0.477321
v -0.606399 -0.009510 -0.477321
v -0.612905 0.006187 -0.477321
v -0.501179 -0.538504 -0.477321
v -0.501179 -0.555495 -0.477321
v -1.155130 -0.486700 -0.912139
v -1.162962 -0.507018 -0.912139
v -1.144860 -0.489219 -0.838616
v -1.138588 -0.470435 -0.844952
v -1.138588 -0.470435 -0.979324
v -1.144860 -0.489219 -0.985662
v -0.912288 0.021559 -0.978002
v -0.981191 -0.054716 -0.981458
v -0.985341 -0.035477 -0.912139
v -0.923202 0.032966 -0.912139
v -0.981191 -0.054716 -0.842813
v -0.912288 0.021558 -0.846269
v -0.850769 -0.017830 -0.803051
v -0.880299 -0.011877 -0.786693
v -0.829411 -0.065062 -0.739153
v -0.805796 -0.064834 -0.761041
v -0.445260 0.116980 -0.966178
v -0.466303 0.096046 -0.961672
v -0.461385 0.109099 -0.913915
v -0.439697 0.131751 -0.912139
v -0.163203 0.004789 -0.800148
v -0.487519 0.004789 -0.764496
v -0.521339 -0.084983 -0.731315
v -0.371607 -0.084983 -0.751475
v -0.002957 0.073751 -0.843246
v -0.461574 0.073676 -0.807742
v 0.100725 0.117760 -0.878594
v -0.445260 0.116980 -0.858098
v 0.136295 0.132802 -0.910221
v -0.439697 0.131751 -0.912139
v -0.550339 -0.161978 -0.715954
v -1.144860 -0.489219 -0.985662
v -1.135338 -0.570569 -0.983961
v -1.154117 -0.580053 -0.912139
v -1.162962 -0.507018 -0.912139
v -1.135338 -0.570569 -0.840311
v -1.144860 -0.489219 -0.838616
v 0.099571 0.117500 -0.943396
v -0.445260 0.116980 -0.966178
v -0.003287 0.073676 -0.980916
v -0.461574 0.073676 -1.016535
v -0.163203 0.004789 -1.024129
v -0.487519 0.004789 -1.059775
v -0.614828 -0.184462 -0.721809
v -0.624962 -0.180578 -0.703176
v -0.685859 -0.215097 -0.696319
v -0.670292 -0.215905 -0.715564
v -0.546856 -0.167519 -1.090827
v -0.550339 -0.161978 -1.108322
v -0.371607 -0.084983 -1.072801
v -0.384059 -0.097392 -1.058475
v -1.080280 -0.542761 -0.773867
v -1.029544 -0.514351 -0.786195
v -0.949765 -0.474064 -0.738188
v -0.992691 -0.498530 -0.721160
v -0.163203 0.004789 -1.024129
v -0.194239 -0.015625 -1.014141
v -1.135338 -0.570569 -0.983961
v -1.079695 -0.539679 -0.977558
v -1.096800 -0.548318 -0.912139
v -1.154117 -0.580053 -0.912139
v -0.371607 -0.084983 -0.751475
v -0.384059 -0.097392 -0.765802
v -0.194239 -0.015626 -0.810135
v -0.163203 0.004789 -0.800148
v -0.878550 -0.440883 -1.132366
v -0.845801 -0.421562 -1.112731
v -0.949765 -0.474064 -1.086088
v -0.992691 -0.498530 -1.103112
v -0.550339 -0.161978 -0.715954
v -0.546856 -0.167519 -0.733449
v -0.878550 -0.440883 -0.691910
v -0.845801 -0.421562 -0.711545
v -0.767192 -0.360416 -0.698795
v -0.792244 -0.373756 -0.677914
v -0.002957 0.073751 -0.843246
v -0.048585 0.047119 -0.849492
v 0.044069 0.086816 -0.882386
v 0.100725 0.117760 -0.878594
v -1.135338 -0.570569 -0.840311
v -1.079695 -0.539679 -0.846718
v -1.080280 -0.542761 -1.050410
v -1.029544 -0.514351 -1.038082
v -0.048585 0.047119 -0.974780
v -0.003287 0.073676 -0.980916
v 0.099571 0.117500 -0.943396
v 0.043522 0.086686 -0.941262
v -0.792244 -0.373756 -1.146362
v -0.767192 -0.360416 -1.125477
v 0.136295 0.132802 -0.910221
v 0.076026 0.100428 -0.911423
v -1.029544 -0.514351 -1.038082
v -1.022546 -0.449760 -1.028246
v -1.068776 -0.473110 -0.972451
v -1.079695 -0.539679 -0.977558
v -0.118203 0.067858 -0.854388
v -0.118203 0.067858 -0.912139
v -0.033788 0.104219 -0.912139
v -0.033788 0.104219 -0.885089
v -0.118203 0.067858 -0.969889
v -0.033788 0.104219 -0.939188
v -0.004885 0.116644 -0.912095
v -0.546856 -0.167519 -0.733449
v -0.577557 -0.130021 -0.747402
v -0.427477 -0.065370 -0.777231
v -0.384059 -0.097392 -0.765802
v -1.084543 -0.481073 -0.912139
v -1.096800 -0.548318 -0.912139
v -0.033788 0.104219 -0.939188
v 0.043522 0.086686 -0.941262
v 0.076026 0.100428 -0.911423
v -0.004885 0.116644 -0.912095
v -1.079695 -0.539679 -0.846718
v -1.068776 -0.473110 -0.851826
v -1.022546 -0.449760 -0.796031
v -1.029544 -0.514351 -0.786195
v -0.767192 -0.360416 -1.125477
v -0.780685 -0.307849 -1.108815
v -0.853152 -0.364218 -1.097062
v -0.845801 -0.421562 -1.112731
v -1.040177 -0.360583 -1.099635
v -1.032383 -0.425018 -1.101400
v -1.109144 -0.441078 -1.035076
v -1.081190 -0.375343 -1.060999
v 0.044069 0.086816 -0.882386
v -0.033788 0.104219 -0.885089
v -0.004885 0.116644 -0.912095
v 0.076026 0.100428 -0.911423
v -0.252482 0.010016 -1.006173
v -0.194239 -0.015625 -1.014141
v -0.048585 0.047119 -0.974780
v -0.118203 0.067858 -0.969889
v -1.080280 -0.542761 -1.050410
v -0.949765 -0.474064 -0.738188
v -0.948996 -0.412620 -0.751773
v -0.853152 -0.364218 -0.727215
v -0.845801 -0.421562 -0.711545
v -0.949765 -0.474064 -1.086088
v -0.948996 -0.412619 -1.072498
v -0.923051 -0.131321 -1.090199
v -0.983748 -0.191796 -1.093725
v -1.023857 -0.186986 -1.056124
v -0.982605 -0.106048 -1.030130
v -0.880299 -0.011877 -1.037584
v -0.577557 -0.130021 -1.076869
v -0.546856 -0.167519 -1.090827
v -0.384059 -0.097392 -1.058475
v -0.427477 -0.065370 -1.047046
v -0.252482 0.010016 -0.818098
v -0.194239 -0.015626 -0.810135
v -0.992691 -0.498530 -1.103112
v -0.640220 -0.145637 -0.736677
v -0.614828 -0.184462 -0.721809
v -0.670292 -0.215905 -0.715564
v -0.691351 -0.174620 -0.730920
v -0.829411 -0.065061 -1.085124
v -0.048585 0.047119 -0.849492
v -0.118203 0.067858 -0.854388
v -0.780685 -0.307849 -0.715461
v -0.767192 -0.360416 -0.698795
v -0.805796 -0.064834 -1.066789
v -0.829411 -0.065061 -1.085124
v -0.880299 -0.011877 -1.037584
v -0.850769 -0.017830 -1.024779
v -0.461574 0.073676 -1.016535
v -0.480721 0.057778 -1.006173
v -0.912288 0.021559 -0.978002
v -0.879042 0.011722 -0.972125
v -0.648214 -0.193757 -1.123716
v -0.636006 -0.196465 -1.104851
v -0.670292 -0.215904 -1.108712
v -0.685859 -0.215097 -1.127952
v -0.588877 -0.177995 -1.098020
v -0.596471 -0.173477 -1.116220
v -0.726558 -0.029638 -0.746276
v -0.829411 -0.065062 -0.739153
v -0.763092 -0.134376 -0.708598
v -0.690365 -0.109330 -0.715060
v -0.596027 -0.002967 -0.755949
v -0.598063 -0.090470 -0.723732
v -0.596471 -0.181851 -0.708057
v -0.624962 -0.188952 -0.703176
v -0.685859 -0.215097 -0.696319
v -0.624962 -0.180578 -0.703176
v -0.596471 -0.181851 -0.708057
v -0.588877 -0.185621 -0.726251
v -0.614828 -0.192088 -0.721809
v -0.624962 -0.188952 -0.703176
v -0.624962 -0.180578 -0.703176
v -0.614828 -0.184462 -0.721809
v -0.636006 -0.196465 -1.104851
v -0.659741 -0.156703 -1.089798
v -0.691351 -0.174620 -1.093357
v -0.670292 -0.215904 -1.108712
v -0.616295 -0.139673 -1.083504
v -0.588877 -0.177995 -1.098020
v -0.588877 -0.185621 -0.726251
v -0.616295 -0.146704 -0.740772
v -0.640220 -0.152667 -0.736677
v -0.614828 -0.192088 -0.721809
v -0.614828 -0.184462 -0.721809
v -0.640220 -0.145637 -0.736677
v -0.596471 -0.173477 -1.116220
v -0.648214 -0.193757 -1.123716
v -0.690365 -0.110018 -1.109216
v -0.598063 -0.090470 -1.100544
v -0.614828 -0.192088 -0.721809
v -0.624962 -0.188952 -0.703176
v -0.640220 -0.152667 -0.736677
v -0.614828 -0.192088 -0.721809
v -0.774299 -0.346847 -1.143757
v -0.792244 -0.373756 -1.146362
v -0.878550 -0.440883 -1.132366
v -0.906612 -0.388901 -1.130741
v -0.756409 -0.291405 -1.138682
v -0.765259 -0.321856 -1.141423
v -0.916481 -0.340624 -1.129019
v -0.911054 -0.281796 -1.126695
v -0.774299 -0.346847 -1.143757
v -0.750851 -0.335906 -1.123104
v -0.756409 -0.291405 -1.138682
v -0.734011 -0.285408 -1.118479
v -0.742613 -0.313146 -1.120981
v -0.765259 -0.321856 -1.141423
v -1.023261 -0.275085 -1.097295
v -1.054547 -0.272631 -1.071068
v -1.081190 -0.375343 -0.763277
v -1.109144 -0.441078 -0.789196
v -1.032383 -0.425018 -0.722876
v -1.040177 -0.360584 -0.724642
v -1.056214 -0.272512 -1.057370
v -1.054547 -0.272631 -1.071068
v -1.081190 -0.375343 -1.060999
v -1.080405 -0.366374 -1.048167
v -1.054547 -0.272631 -0.753209
v -1.023261 -0.275085 -0.726982
v -0.992691 -0.498530 -0.721160
v -0.878550 -0.440883 -0.691910
v -0.906612 -0.388901 -0.693530
v -0.916481 -0.340624 -0.695252
v -0.911054 -0.281796 -0.697581
v -0.792244 -0.373756 -0.677914
v -0.774299 -0.346847 -0.680520
v -0.765259 -0.321856 -0.682849
v -0.762448 -0.291405 -0.685595
v -0.740056 -0.285409 -0.705793
v -0.762448 -0.291405 -0.685595
v -0.765259 -0.321856 -0.682849
v -0.742613 -0.313146 -0.703296
v -0.750851 -0.335906 -0.701173
v -0.774299 -0.346847 -0.680520
v -0.755666 -0.238697 -0.721912
v -0.740056 -0.285409 -0.705793
v -0.742613 -0.313146 -0.703296
v -0.758022 -0.264268 -0.719605
v -0.765616 -0.285251 -0.717650
v -0.750851 -0.335906 -0.701173
v -0.750851 -0.335906 -1.123104
v -0.765616 -0.285251 -1.106627
v -0.734011 -0.285408 -1.118479
v -0.755666 -0.238697 -1.102364
v -0.758022 -0.264268 -1.104666
v -0.742613 -0.313146 -1.120981
v -1.080280 -0.542761 -0.773867
v -0.742352 -0.261484 -1.135269
v -0.872223 -0.223991 -1.123245
v -0.742352 -0.261484 -1.135269
v -0.721748 -0.258153 -1.115375
v -0.701512 -0.237993 -1.112542
v -0.720134 -0.239347 -1.132160
v -0.982605 -0.106048 -0.794146
v -1.023857 -0.186986 -0.768152
v -0.983748 -0.191796 -0.730546
v -0.923051 -0.131321 -0.734077
v -0.872223 -0.223991 -0.701032
v -0.829303 -0.181228 -0.704228
v -0.742352 -0.261484 -0.689002
v -0.720134 -0.239347 -0.692116
v -0.720134 -0.239347 -0.692116
v -0.701512 -0.237993 -0.711734
v -0.721748 -0.258153 -0.708902
v -0.742352 -0.261484 -0.689002
v -0.701512 -0.237993 -0.711734
v -0.720134 -0.194986 -0.727389
v -0.738788 -0.213575 -0.724772
v -0.721748 -0.258153 -0.708902
v -0.721748 -0.258153 -1.115375
v -0.738788 -0.213575 -1.099499
v -0.720134 -0.194986 -1.096889
v -0.701512 -0.237993 -1.112542
v -0.720134 -0.239347 -1.132160
v -0.829303 -0.181228 -1.120049
v -0.880299 -0.011877 -0.786693
v 0.368780 0.500276 -0.247702
v 0.467062 0.514261 -0.176918
v 0.446831 -0.048514 -0.248650
v 0.352406 -0.048417 -0.317893
v 0.420242 -0.265806 -0.158817
v 0.444637 -0.266332 -0.143965
v 0.365606 -0.380955 -0.151294
v 0.349920 -0.367804 -0.165339
v 0.365606 -0.380955 -0.151294
v 0.444637 -0.266332 -0.143965
v 0.090775 -0.223596 -0.406284
v 0.105378 -0.227783 -0.392228
v 0.054966 -0.312556 -0.402287
v 0.034118 -0.318871 -0.417589
v 0.084112 -0.515494 -0.297283
v 0.118789 -0.455659 -0.364334
v 0.193942 -0.472228 -0.293719
v -0.095785 -0.570206 -0.161650
v 0.124947 -0.526674 -0.158666
v -0.130022 -0.557532 -0.302526
v -0.550502 -0.582474 -0.308095
v -0.537540 -0.595842 -0.164776
v -1.500457 -0.611463 -0.166677
v -1.069323 -0.611463 -0.166677
v -1.069323 -0.597668 -0.311485
v -1.500457 -0.597668 -0.311485
v 0.338177 -0.071913 -0.313576
v 0.352406 -0.048417 -0.317893
v 0.446831 -0.048514 -0.248650
v 0.422192 -0.071995 -0.251963
v 0.197176 -0.449013 -0.292067
v 0.193942 -0.472228 -0.293719
v 0.118789 -0.455659 -0.364334
v 0.130304 -0.434269 -0.354898
v 0.128798 0.412432 -0.366338
v 0.254601 0.388637 -0.389028
v 0.218094 0.324848 -0.433128
v 0.331813 0.457367 -0.328249
v 1.243332 0.319112 -0.471672
v 1.743629 0.319112 -0.471672
v 1.670518 0.194392 -0.937130
v 1.524512 0.194392 -0.937130
v 1.243332 0.293281 -0.464755
v 1.524512 0.168561 -0.930208
v 1.670518 0.168561 -0.930208
v 1.743629 0.293281 -0.464755
v 1.743629 0.319112 -0.471672
v 1.743629 0.293281 -0.464755
v 1.670518 0.168561 -0.930208
v 1.670518 0.194392 -0.937130
v 1.610265 0.359090 -0.322464
v 1.610265 0.367724 -0.290231
v 1.610265 0.341899 -0.283314
v 1.610265 0.333259 -0.315542
v 1.524512 0.168561 -0.930208
v 1.524512 0.194392 -0.937130
v 1.670518 0.194392 -0.937130
v 1.670518 0.168561 -0.930208
v -0.655370 0.009577 -0.570961
v -0.855665 -0.058448 -0.576876
v -1.063895 0.011256 -0.499561
v -0.831139 0.094556 -0.495927
v -1.015434 -0.123332 -0.580537
v -1.194302 -0.215948 -0.582650
v -1.453453 -0.176765 -0.503738
v -1.248569 -0.066984 -0.501972
v -1.917817 -0.568641 -0.228267
v -1.929770 -0.602131 -0.239722
v -1.844353 -0.658364 -0.221106
v -1.832399 -0.624874 -0.209656
v -1.832399 -0.624874 -0.209656
v -1.844353 -0.658364 -0.221106
v -2.117603 -0.478987 -0.152458
v -2.129556 -0.512483 -0.163914
v -2.140666 -0.479502 -0.076238
v -2.152620 -0.512997 -0.081963
v -2.129556 -0.512483 -0.163914
v -2.117603 -0.478987 -0.152458
v -1.917817 -0.568641 -0.228267
v -1.832399 -0.624874 -0.209656
v -1.920828 -0.633124 -0.137070
v -2.029525 -0.578147 -0.145942
v -2.117603 -0.478987 -0.152458
v -1.920828 -0.633124 -0.137070
v -1.934905 -0.635036 -0.068542
v -1.832399 -0.624874 -0.209656
v -0.588720 -0.567075 -0.222764
v -0.654037 -0.567075 -0.305419
v -0.654037 -0.567075 -0.024656
v -0.588720 -0.567075 -0.107312
v -1.500457 -0.574788 -0.385090
v -1.500457 -0.597668 -0.311485
v -1.500457 -0.518685 -0.450050
v -1.500457 -0.439095 -0.492645
v -0.964666 0.187302 -0.287848
v -1.500457 -0.611463 -0.166677
v 0.368780 0.500276 -0.247702
v 0.467062 0.514261 -0.176918
v 0.527645 0.522982 -0.083777
v -0.120814 0.273294 -0.371543
v 0.139182 0.430068 -0.320617
v -0.810632 -0.035840 -0.390246
v -0.259832 -0.326574 -0.464917
v -0.121003 -0.030781 -0.426190
v -0.120814 0.273294 -0.371543
v -0.964666 0.187302 -0.287848
v -0.622508 -0.297893 -1.309766
v -0.361998 -0.297893 -1.309766
v -0.399729 -0.382309 -1.624809
v -0.477396 -0.382309 -1.624809
v -0.622508 -0.315914 -1.304935
v -0.477396 -0.400329 -1.619977
v -0.399729 -0.400329 -1.619977
v -0.361998 -0.315914 -1.304935
v -0.361998 -0.297893 -1.309766
v -0.361998 -0.315914 -1.304935
v -0.399729 -0.400329 -1.619977
v -0.399729 -0.382309 -1.624809
v -0.443890 -0.267415 -1.196015
v -0.443890 -0.244346 -1.109926
v -0.443890 -0.262367 -1.105094
v -0.443890 -0.285436 -1.191189
v -0.477396 -0.400329 -1.619977
v -0.477396 -0.382309 -1.624809
v -0.399729 -0.382309 -1.624809
v -0.399729 -0.400329 -1.619977
v -1.604317 -0.310091 -0.495575
v -1.615990 -0.269257 -0.488561
v -1.524852 -0.220801 -0.503233
v -1.324140 -0.319906 -0.568242
v -1.378310 -0.401082 -0.550400
v -1.734339 -0.381415 -0.449784
v 1.445919 0.863325 -0.010813
v 1.890285 0.757525 -0.010813
v 1.938124 0.784727 -0.010813
v 1.962145 0.803733 -0.010813
v 1.517551 0.721652 -0.010813
v 1.438731 0.757525 -0.010813
v 1.890285 0.757525 -0.010813
v 1.811465 0.721652 -0.010813
v 1.962145 0.803733 -0.010813
v 1.938124 0.784727 -0.010813
v 1.400583 0.784727 -0.010813
v 1.390974 0.803733 -0.010813
v 1.981807 0.829938 -0.010813
v 1.402121 0.829938 -0.010813
v 1.981807 0.829938 -0.010813
v 1.438731 0.757525 -0.010813
v 1.390974 0.803733 -0.010813
v 1.400583 0.784727 -0.010813
v 1.402121 0.829938 -0.010813
v -1.178480 0.256606 -0.071813
v -1.461431 0.151191 -0.072045
v -1.067400 0.196970 -0.262493
v -1.327233 0.101370 -0.263696
v -1.441455 0.141912 -0.144073
v -1.162697 0.245502 -0.143602
v -0.495021 0.050856 -0.564721
v -0.706159 0.133982 -0.493348
v -0.954180 0.320509 -0.071358
v -0.860756 0.254927 -0.260614
v -0.941586 0.308295 -0.142698
v -0.509602 0.187286 -0.488252
v -0.156140 0.123572 -0.549880
v -0.616685 0.159001 -0.491117
v -0.348305 0.083279 -0.558406
v -0.780208 0.350067 -0.141647
v -0.757914 0.281646 -0.259568
v -0.789941 0.363147 -0.070832
v -0.348305 0.083279 -0.558406
v -0.156140 0.123572 -0.549880
v -0.585449 0.398414 -0.140185
v -0.658219 0.305966 -0.258474
v -0.582995 0.412573 -0.070100
v -1.388260 -0.479009 -0.528485
v -1.376674 -0.561112 -0.494578
v -1.665138 -0.584603 -0.404963
v -1.725781 -0.479134 -0.433648
v -1.389436 -0.642581 -0.455265
v -1.605281 -0.662714 -0.369496
v -1.701136 -0.308456 -0.463851
v -1.852255 -0.318292 -0.354622
v -1.987266 -0.333474 -0.287296
v -1.969555 -0.260276 -0.258101
v -1.834099 -0.249600 -0.339515
v -1.883368 -0.351040 -0.390251
v -1.946491 -0.175043 -0.213518
v -1.812964 -0.177664 -0.315190
v -1.685786 -0.185578 -0.380968
v -1.690022 -0.238594 -0.402466
v -2.240415 -0.469167 -0.079352
v -2.242067 -0.461866 -0.073064
v -2.215147 -0.461444 -0.146110
v -2.208880 -0.468658 -0.158687
v -2.250132 -0.360860 -0.093121
v -2.261052 -0.377700 -0.080484
v -2.228710 -0.378675 -0.160957
v -2.242067 -0.461866 -0.073064
v -2.227876 -0.458605 -0.070692
v -2.209959 -0.458183 -0.141365
v -2.215147 -0.461444 -0.146110
v -2.261052 -0.377700 -0.080484
v -2.259405 -0.384996 -0.074017
v -2.231814 -0.385819 -0.148022
v -2.228710 -0.378675 -0.160957
v -2.245220 -0.381740 -0.071645
v -2.227876 -0.458605 -0.070692
v -2.226619 -0.382558 -0.143271
v -2.231814 -0.385819 -0.148022
v -2.215147 -0.461444 -0.146110
v -2.209959 -0.458183 -0.141365
v -2.259405 -0.384996 -0.074017
v -2.245220 -0.381740 -0.071645
v 1.151426 0.698540 -0.053867
v 0.849680 0.695008 -0.060503
v 0.620840 0.683764 -0.064381
v 1.192889 0.650463 -0.107583
v 0.664827 0.630921 -0.128068
v 0.891642 0.643590 -0.120788
v 1.220107 0.599180 -0.133435
v 0.688920 0.573246 -0.157983
v 0.916173 0.587833 -0.149582
v -0.082460 0.435555 -0.140807
v -0.123896 0.491095 -0.070907
v 0.101510 0.584881 -0.070215
v 0.145487 0.529909 -0.139225
v 0.454788 0.607906 -0.133896
v 0.309702 0.579827 -0.136934
v 0.264746 0.634295 -0.069061
v 0.409712 0.661849 -0.067468
v -0.061287 0.374116 -0.173040
v 0.167770 0.469213 -0.170988
v 0.478322 0.548710 -0.164721
v 0.332696 0.519840 -0.168252
v -2.177086 -0.341231 -0.161189
v -2.215830 -0.362192 -0.186224
v -2.226619 -0.382558 -0.143271
v -2.209959 -0.458183 -0.141365
v -2.231814 -0.385819 -0.148022
v -2.226619 -0.382558 -0.143271
v -0.601373 -0.206610 -0.912139
v -0.758022 -0.264268 -0.719605
v -0.765616 -0.285251 -0.717650
v -0.853152 -0.364218 -0.727215
v -0.780685 -0.307849 -0.715461
v -0.577557 -0.130021 -0.747402
v -0.616295 -0.146704 -0.740772
v -0.252482 0.010016 -1.006173
v -0.853152 -0.364218 -1.097062
v -0.948996 -0.412619 -1.072498
v -1.022546 -0.449760 -0.796031
v -0.948996 -0.412620 -0.751773
v -0.252482 0.010016 -0.818098
v -0.659741 -0.156703 -1.089798
v -0.616295 -0.139673 -1.083504
v -0.755666 -0.238697 -1.102364
v -0.738788 -0.213575 -1.099499
v -0.720134 -0.194986 -1.096889
v -0.691351 -0.174620 -1.093357
v -0.755666 -0.238697 -0.721912
v -1.022546 -0.449760 -1.028246
v -1.068776 -0.473110 -0.972451
v -0.427477 -0.065370 -0.777231
v -0.765616 -0.285251 -1.106627
v -0.758022 -0.264268 -1.104666
v -0.640220 -0.145637 -0.736677
v -0.691351 -0.174620 -0.730920
v -0.427477 -0.065370 -1.047046
v -0.640220 -0.152667 -0.736677
v -0.738788 -0.213575 -0.724772
v -0.720134 -0.194986 -0.727389
v -0.577557 -0.130021 -1.076869
v -0.780685 -0.307849 -1.108815
v -1.084543 -0.481073 -0.912139
v -1.068776 -0.473110 -0.851826
v -0.601373 -0.206610 -0.912139
v -0.640220 -0.152667 -0.736677
v -0.640220 -0.145637 -0.736677
v -0.685859 -0.215097 -1.127952
v -0.727891 -0.122254 -1.112547
v -0.795190 -0.100826 -1.100885
v -0.773557 -0.115635 -1.107770
v -0.531527 -0.063572 -1.067119
v -0.519070 -0.044040 -1.059520
v -0.504971 -0.041532 -1.076896
v -0.519064 -0.063637 -1.085497
v -0.750575 -0.122953 -1.111751
v -0.750575 -0.122953 -1.111751
v -0.773557 -0.115635 -1.107770
v -0.756436 -0.109525 -1.086803
v -0.736123 -0.115992 -1.090324
v -0.371607 -0.084983 -1.072801
v -0.504971 -0.041532 -1.076896
v -0.519064 -0.063637 -1.085497
v -0.558475 -0.087643 -1.096628
v -0.537334 -0.079383 -1.092236
v -0.550339 -0.161978 -1.108322
v 0.527645 0.522982 -0.083777
v 0.510821 0.092741 -0.117175
v 0.505280 -0.046554 -0.095120
v 0.291493 -0.440384 -0.154490
v 0.224621 -0.487800 -0.136344
v 0.263701 -0.460209 -0.162848
v 0.451744 -0.151080 -0.151044
v 0.480039 -0.137388 -0.135229
v 0.489426 -0.059071 -0.155036
v 0.489085 -0.093325 -0.138576
v 0.459787 -0.111865 -0.154023
v 0.460096 -0.081392 -0.168669
v 0.492254 -0.093130 -0.125392
v 0.480039 -0.137388 -0.135229
v 0.493830 -0.019271 -0.151846
v 0.489426 -0.059071 -0.155036
v 0.489085 -0.093325 -0.138576
v 0.480944 -0.047718 -0.178327
v 0.452546 -0.071291 -0.189388
v 0.480944 -0.047718 -0.178327
v 0.114364 -0.116296 -0.393924
v 0.126366 -0.132307 -0.381228
v 0.180612 -0.075450 -0.361912
v 0.144002 -0.099965 -0.374278
v 0.134182 -0.079946 -0.386119
v 0.175325 -0.052398 -0.372214
v 0.222070 -0.044176 -0.357536
v 0.098802 0.022208 -0.382148
v 0.139182 0.430068 -0.320617
v 0.175325 -0.052398 -0.372214
v 0.222200 -0.068138 -0.348848
v 0.222070 -0.044176 -0.357536
v 0.014625 -0.426486 -0.401978
v 0.037617 -0.408313 -0.388394
v -0.096456 -0.401131 -0.433957
v -0.029449 -0.390369 -0.422669
v -0.016135 -0.411878 -0.414295
v -0.001597 -0.376178 -0.406804
v 0.010254 -0.395314 -0.399351
v -0.016135 -0.411878 -0.414295
v -0.029449 -0.390369 -0.422669
v -0.020230 -0.370176 -0.423898
v 0.006603 -0.358211 -0.407899
v -0.020230 -0.370176 -0.423898
v 0.291493 -0.440384 -0.154490
v 0.283974 -0.420679 -0.168177
v 0.235226 -0.451093 -0.195540
v 0.259243 -0.438321 -0.175614
v 0.263701 -0.460209 -0.162848
v 0.236705 -0.474562 -0.185239
v 0.220824 -0.477958 -0.213122
v 0.236705 -0.474562 -0.185239
v 0.221095 -0.454110 -0.220348
v 0.220824 -0.477958 -0.213122
v 0.114364 -0.116296 -0.393924
v 0.134182 -0.079946 -0.386119
v 0.014625 -0.426486 -0.401978
v -0.726093 -0.356700 -0.578316
v -0.737299 -0.361347 -0.539448
v -0.756749 -0.263542 -0.539448
v -0.744622 -0.263542 -0.578316
v -0.673320 -0.435683 -0.578316
v -0.681894 -0.444257 -0.539448
v -0.713228 -0.351376 -0.596846
v -0.691979 -0.342574 -0.611704
v -0.647212 -0.409575 -0.611704
v -0.663473 -0.425836 -0.596846
v -0.730696 -0.263542 -0.596846
v -0.707703 -0.263542 -0.611704
v -0.737299 -0.165737 -0.539448
v -0.726093 -0.170379 -0.578316
v -0.713228 -0.175709 -0.596846
v -0.691979 -0.184511 -0.611704
v -0.580211 -0.454343 -0.611698
v -0.589013 -0.475591 -0.596841
v -0.594342 -0.488450 -0.578316
v -0.598984 -0.499662 -0.539448
v -0.681894 -0.082822 -0.539448
v -0.673320 -0.091402 -0.578316
v -0.663473 -0.101244 -0.596846
v -0.647212 -0.117509 -0.611704
v -0.501179 -0.470067 -0.611698
v -0.501179 -0.493059 -0.596841
v -0.501179 -0.506985 -0.578316
v -0.501179 -0.519113 -0.539448
v -0.422148 -0.454343 -0.611698
v -0.413346 -0.475591 -0.596841
v -0.408016 -0.488450 -0.578316
v -0.403374 -0.499662 -0.539448
v -0.355146 -0.409575 -0.611704
v -0.338886 -0.425836 -0.596846
v -0.329039 -0.435683 -0.578316
v -0.320459 -0.444257 -0.539448
v -0.310374 -0.342574 -0.611704
v -0.289130 -0.351376 -0.596846
v -0.276266 -0.356700 -0.578316
v -0.265059 -0.361347 -0.539448
v -0.367637 -0.263542 -0.618290
v -0.319603 -0.263542 -0.618290
v -0.333426 -0.333025 -0.618290
v -0.377803 -0.314647 -0.618290
v -0.294655 -0.263542 -0.611704
v -0.271657 -0.263542 -0.596846
v -0.257736 -0.263542 -0.578316
v -0.245604 -0.263542 -0.539448
v -0.377803 -0.212438 -0.618290
v -0.333426 -0.194055 -0.618290
v -0.310374 -0.184511 -0.611704
v -0.289130 -0.175709 -0.596846
v -0.276266 -0.170379 -0.578316
v -0.265059 -0.165737 -0.539448
v -0.355146 -0.117509 -0.611704
v -0.338886 -0.101244 -0.596846
v -0.329039 -0.091402 -0.578316
v -0.320459 -0.082822 -0.539448
v -0.422148 -0.072737 -0.611704
v -0.413346 -0.051493 -0.596846
v -0.408016 -0.038629 -0.578316
v -0.403374 -0.027423 -0.539448
v -0.501179 -0.057018 -0.611704
v -0.501179 -0.034020 -0.596846
v -0.501179 -0.020100 -0.578316
v -0.501179 -0.007967 -0.539448
v -0.580211 -0.072737 -0.611704
v -0.589013 -0.051493 -0.596846
v -0.594342 -0.038629 -0.578316
v -0.598984 -0.027423 -0.539448
v -0.629571 -0.391934 -0.618290
v -0.668933 -0.333025 -0.618290
v -0.682750 -0.263542 -0.618290
v -0.668933 -0.194055 -0.618290
v -0.570662 -0.431295 -0.618285
v -0.629571 -0.135151 -0.618290
v -0.501179 -0.445113 -0.618285
v -0.431692 -0.431295 -0.618285
v -0.372787 -0.391934 -0.618290
v -0.372787 -0.135151 -0.618290
v -0.431692 -0.095789 -0.618290
v -0.501179 -0.081966 -0.618290
v -0.570662 -0.095789 -0.618290
v -0.395954 -0.009510 -0.477321
v -0.306750 -0.069113 -0.477321
v -0.306750 -0.457972 -0.477321
v -0.395954 -0.517574 -0.477321
v -0.755211 -0.368762 -0.477321
v -0.776140 -0.263542 -0.477321
v -0.501179 0.011419 -0.477321
v -0.247147 -0.368762 -0.477321
v -0.695608 -0.457972 -0.477321
v -0.606399 -0.009510 -0.477321
v -0.226218 -0.263542 -0.477321
v -0.606399 -0.517574 -0.477321
v -0.695608 -0.069113 -0.477321
v -0.247147 -0.158317 -0.477321
v -0.501179 -0.538504 -0.477321
v -0.755211 -0.158317 -0.477321
v -0.670931 -0.677495 -0.279345
v -1.442202 -0.677495 -0.212039
v -1.379859 -0.677495 -0.279345
v -0.670931 -0.677495 -0.050726
v -1.442202 -0.677495 -0.118031
v -1.379859 -0.677495 -0.050726
v -1.462064 -0.567075 -0.107312
v -1.462064 -0.567075 -0.222764
v -1.442202 -0.677495 -0.212039
v -1.442202 -0.677495 -0.118031
v -1.396753 -0.567075 -0.305419
v -1.462064 -0.567075 -0.222764
v -1.462064 -0.567075 -0.107312
v -1.396753 -0.567075 -0.024656
v -0.588720 -0.567075 -0.222764
v -0.588720 -0.567075 -0.107312
v -0.608588 -0.677495 -0.118031
v -0.608588 -0.677495 -0.212039
v -1.396753 -0.567075 -0.305419
v -0.654037 -0.567075 -0.305419
v -0.670931 -0.677495 -0.279345
v -1.379859 -0.677495 -0.279345
v -0.608588 -0.677495 -0.212039
v -0.608588 -0.677495 -0.118031
v -0.670931 -0.677495 -0.050726
v -0.654037 -0.567075 -0.024656
v -1.396753 -0.567075 -0.024656
v -1.379859 -0.677495 -0.050726
v -1.379859 -0.677495 -0.279345
v -1.396753 -0.567075 -0.305419
v -0.654037 -0.567075 -0.305419
v -0.670931 -0.677495 -0.279345
v -0.654037 -0.567075 -0.024656
v -1.396753 -0.567075 -0.024656
v -1.379859 -0.677495 -0.050726
v -0.670931 -0.677495 -0.050726
v 1.621521 0.758733 -0.000017
v 1.707496 0.758733 -0.000017
v 1.707496 0.758733 -0.028475
v 1.621521 0.758733 -0.028475
v 1.782400 0.621030 -0.048165
v 1.761195 0.696016 -0.037445
v 1.761195 0.696016 -0.000017
v 1.782400 0.621030 -0.000017
v 1.546616 0.621030 -0.000017
v 1.546616 0.621030 -0.048165
v 1.782400 0.621030 -0.048165
v 1.782400 0.621030 -0.000017
v 1.567822 0.696016 -0.037445
v 1.546616 0.621030 -0.048165
v 1.546616 0.621030 -0.000017
v 1.567822 0.696016 -0.000017
v 1.600228 0.749395 -0.029813
v 1.582381 0.728553 -0.032792
v 1.582381 0.728553 -0.000017
v 1.600228 0.749395 -0.000017
v 1.746635 0.728553 -0.032792
v 1.728788 0.749395 -0.029813
v 1.728788 0.749395 -0.000017
v 1.746635 0.728553 -0.000017
v 1.582381 0.728553 -0.032792
v 1.664511 0.689884 -0.038323
v 1.567822 0.696016 -0.037445
v 1.728788 0.749395 -0.029813
v 1.707496 0.758733 -0.028475
v 1.782400 0.621030 -0.048165
v 1.546616 0.621030 -0.048165
v 1.761195 0.696016 -0.037445
v 1.621521 0.758733 -0.028475
v 1.746635 0.728553 -0.032792
v 1.600228 0.749395 -0.029813
v 1.350064 0.367724 -0.290231
v 1.350064 0.341899 -0.283314
v 1.610265 0.341899 -0.283314
v 1.610265 0.367724 -0.290231
v 1.350064 0.367724 -0.290231
v 1.350064 0.359090 -0.322464
v 1.350064 0.333259 -0.315542
v 1.350064 0.341899 -0.283314
v 1.350064 0.359090 -0.322464
v 1.350064 0.367724 -0.290231
v 1.610265 0.367724 -0.290231
v 1.610265 0.359090 -0.322464
v 1.350064 0.341899 -0.283314
v 1.350064 0.333259 -0.315542
v 1.610265 0.333259 -0.315542
v 1.610265 0.341899 -0.283314
v -0.477396 -0.382309 -1.624809
v -0.477396 -0.400329 -1.619977
v -0.622508 -0.315914 -1.304935
v -0.622508 -0.297893 -1.309766
v -0.558074 -0.267415 -1.196015
v -0.443890 -0.267415 -1.196015
v -0.379959 -0.278855 -1.238697
v -0.622004 -0.278855 -1.238697
v -0.622004 -0.278855 -1.238697
v -0.622004 -0.296870 -1.233865
v -0.558074 -0.285436 -1.191189
v -0.558074 -0.267415 -1.196015
v -0.443890 -0.267415 -1.196015
v -0.443890 -0.285436 -1.191189
v -0.379959 -0.296870 -1.233865
v -0.379959 -0.278855 -1.238697
v -0.558074 -0.285436 -1.191189
v -0.622004 -0.296870 -1.233865
v -0.379959 -0.296870 -1.233865
v -0.443890 -0.285436 -1.191189
v -0.558074 -0.244346 -1.109926
v -0.558074 -0.267415 -1.196015
v -0.558074 -0.285436 -1.191189
v -0.558074 -0.262367 -1.105094
v -0.558074 -0.244346 -1.109926
v -0.443890 -0.244346 -1.109926
v -0.558074 -0.262367 -1.105094
v -0.443890 -0.262367 -1.105094
v -0.558074 -0.244346 -1.109926
v -0.558074 -0.262367 -1.105094
v -0.443890 -0.262367 -1.105094
v -0.443890 -0.244346 -1.109926
v -0.633969 -0.291231 -1.284882
v -0.359019 -0.291231 -1.284882
v -0.633823 -0.285739 -1.264387
v -0.364197 -0.285739 -1.264387
v -0.633969 -0.309246 -1.280057
v -0.633969 -0.291231 -1.284882
v -0.633823 -0.303754 -1.259561
v -0.633823 -0.285739 -1.264387
v -0.359019 -0.291231 -1.284882
v -0.359019 -0.309246 -1.280057
v -0.364197 -0.285739 -1.264387
v -0.364197 -0.303754 -1.259561
v -0.633969 -0.309246 -1.280057
v -0.359019 -0.309246 -1.280057
v -0.633823 -0.303754 -1.259561
v -0.364197 -0.303754 -1.259561
v 1.524512 0.194392 -0.937130
v 1.524512 0.168561 -0.930208
v 1.243332 0.293281 -0.464755
v 1.243332 0.319112 -0.471672
v 1.719932 0.340637 -0.391335
v 1.240391 0.340637 -0.391335
v 1.240391 0.340637 -0.391335
v 1.240391 0.314806 -0.384412
v 1.350064 0.333259 -0.315542
v 1.350064 0.359090 -0.322464
v 1.610265 0.359090 -0.322464
v 1.610265 0.333259 -0.315542
v 1.719932 0.314806 -0.384412
v 1.719932 0.340637 -0.391335
v 1.240391 0.314806 -0.384412
v 1.719932 0.314806 -0.384412
v 1.224082 0.327648 -0.439807
v 1.748634 0.327648 -0.439807
v 1.223189 0.334191 -0.415389
v 1.741430 0.334191 -0.415389
v 1.224082 0.301822 -0.432884
v 1.224082 0.327648 -0.439807
v 1.223189 0.308365 -0.408467
v 1.223189 0.334191 -0.415389
v 1.748634 0.327648 -0.439807
v 1.748634 0.301822 -0.432884
v 1.741430 0.334191 -0.415389
v 1.741430 0.308365 -0.408467
v 1.224082 0.301822 -0.432884
v 1.748634 0.301822 -0.432884
v 1.223189 0.308365 -0.408467
v 1.741430 0.308365 -0.408467
v -0.123896 0.491095 -0.070907
v -0.082460 0.435555 -0.140807
v 0.478322 0.548710 -0.164721
v 0.688920 0.573246 -0.157983
v 1.706564 0.607798 -0.101831
v 2.199267 0.612082 -0.047882
v 0.916173 0.587833 -0.149582
v 1.220107 0.599180 -0.133435
v 0.167770 0.469213 -0.170988
v 0.332696 0.519840 -0.168252
v -0.061287 0.374116 -0.173040
v 2.242799 0.613209 -0.041019
v -0.061287 0.374116 -0.173040
v 2.242799 0.613209 -0.041019
v 2.257505 0.629670 -0.030149
v 2.270109 0.643883 -0.015974
v 0.022424 0.159364 -0.541771
v 2.386931 0.622970 -0.027976
v 2.392331 0.627758 -0.013997
v 0.331813 0.457367 -0.328249
v 0.409062 0.494843 -0.282805
v -1.389436 -0.642581 -0.455265
v -1.359694 -0.642581 -0.000017
v -1.605281 -0.662714 -0.369496
v -1.710366 -0.672518 -0.319084
v 0.116265 0.201807 -0.507058
v 0.218094 0.324848 -0.433128
v 2.359838 0.599440 -0.044334
v -1.194302 -0.215948 -0.582650
v -1.015434 -0.123332 -0.580537
v 2.359838 0.599440 -0.044334
v 2.145741 0.585266 -0.085673
v -0.855665 -0.058448 -0.576876
v -1.324140 -0.319906 -0.568242
v -1.805398 -0.681379 -0.259980
v -0.655370 0.009577 -0.570961
v -0.495021 0.050856 -0.564721
v 0.254601 0.388637 -0.389028
v -0.453255 -0.379238 -0.680373
v -0.450075 -0.386918 -0.618290
v -0.501179 -0.397080 -0.618290
v -0.501179 -0.388771 -0.680373
v -0.626408 -0.263542 -0.680373
v -0.634717 -0.263542 -0.618290
v -0.624556 -0.212438 -0.618290
v -0.616875 -0.215617 -0.680373
v -0.453255 -0.147847 -0.680373
v -0.450075 -0.140166 -0.618290
v -0.406749 -0.169112 -0.618290
v -0.412631 -0.174994 -0.680373
v -0.412631 -0.352091 -0.680373
v -0.406749 -0.357967 -0.618290
v -0.616875 -0.311462 -0.680373
v -0.624556 -0.314647 -0.618290
v -0.501179 -0.138314 -0.680373
v -0.501179 -0.129999 -0.618290
v -0.385483 -0.311462 -0.680373
v -0.377803 -0.314647 -0.618290
v -0.589728 -0.352091 -0.680373
v -0.595605 -0.357967 -0.618290
v -0.549099 -0.147847 -0.680373
v -0.552284 -0.140166 -0.618290
v -0.375950 -0.263542 -0.680373
v -0.367637 -0.263542 -0.618290
v -0.549099 -0.379238 -0.680373
v -0.552284 -0.386918 -0.618290
v -0.589728 -0.174994 -0.680373
v -0.595605 -0.169112 -0.618290
v -0.385483 -0.215617 -0.680373
v -0.377803 -0.212438 -0.618290
v -0.992815 -0.055799 -0.912139
v -0.925283 -0.127248 -0.912139
v -0.989024 -0.073376 -0.975489
v -0.925283 -0.137409 -0.948764
v -0.925283 -0.366980 -0.950985
v -1.138588 -0.470435 -0.979324
v -1.155130 -0.486700 -0.912139
v -0.925283 -0.376383 -0.912139
v -1.138588 -0.470435 -0.844952
v -0.925283 -0.366980 -0.873291
v -0.480721 0.057778 -0.821651
v -0.599542 -0.009960 -0.775882
v -0.503649 -0.003103 -0.783438
v -0.850769 -0.017830 -0.803051
v -0.805796 -0.064834 -0.761041
v -0.714902 -0.033527 -0.767329
v -0.805796 -0.064834 -1.066789
v -0.850769 -0.017830 -1.024779
v -0.503649 -0.003103 -1.044392
v -0.480721 0.057778 -1.006173
v -0.879042 0.011722 -0.972125
v -0.466303 0.096046 -0.961672
v -0.461385 0.109099 -0.913915
v -0.466303 0.096046 -0.866158
v -0.601340 -0.087285 -1.080417
v -0.682913 -0.104645 -1.088081
v -1.105954 -0.426442 -0.799795
v -0.925283 -0.341539 -0.847184
v -0.925283 -0.306814 -0.833491
v -1.080405 -0.366374 -0.776109
v -0.925283 -0.252547 -0.996110
v -1.056214 -0.272512 -1.057370
v -1.080405 -0.366374 -1.048167
v -0.925283 -0.306814 -0.990785
v -0.925283 -0.341539 -0.977093
v -1.105954 -0.426442 -1.024481
v -0.990318 -0.120288 -1.019964
v -0.925283 -0.164529 -0.974476
v -0.925283 -0.197927 -0.988213
v -1.029782 -0.195772 -1.043715
v -0.989251 0.156867 -0.334256
v -0.991011 0.168718 -0.357666
v -1.243630 0.076595 -0.359654
v -1.233230 0.067896 -0.336179
v -1.686642 0.052221 -0.072175
v -1.713312 0.060362 -0.080517
v -0.580011 0.338048 -0.278363
v -0.592295 0.320412 -0.257667
v -1.693656 -0.284125 -0.415145
v -1.680413 -0.291686 -0.426742
v -1.857054 -0.329737 -0.359334
v -1.852255 -0.318292 -0.354622
v -2.007415 -0.346647 -0.284344
v -1.987266 -0.333474 -0.287296
v -1.937906 -0.101845 -0.166124
v -1.945001 -0.088672 -0.161103
v -1.793064 -0.112001 -0.285709
v -1.794803 -0.122796 -0.288520
v -2.177086 -0.341231 -0.161189
v -2.144885 -0.334081 -0.166200
v -1.444353 -0.009900 -0.360905
v -1.427096 -0.015647 -0.337387
v -0.804685 0.208735 -0.331895
v -0.799918 0.222417 -0.355218
v -0.771239 0.120170 -0.435202
v -0.763552 0.130321 -0.448397
v -0.866427 0.097801 -0.450520
v -0.869168 0.089210 -0.437223
v -0.826037 0.207787 -0.362660
v -0.830722 0.193910 -0.353588
v -1.207274 0.082499 -0.366473
v -1.193625 0.074645 -0.357222
v -1.051545 0.023947 -0.440072
v -1.058018 0.029239 -0.453510
v -0.763552 0.130321 -0.448397
v -0.771239 0.120170 -0.435202
v -0.830722 0.193910 -0.353588
v -0.826037 0.207787 -0.362660
v -1.058018 0.029239 -0.453510
v -1.051545 0.023947 -0.440072
v -0.646021 0.235043 -0.342673
v -0.645149 0.254954 -0.358051
v -0.654860 0.167456 -0.439948
v -0.655072 0.153471 -0.419018
v -0.724895 0.147784 -0.441692
v -0.720356 0.135136 -0.420643
v -0.655072 0.153471 -0.419018
v -0.654860 0.167456 -0.439948
v -0.645783 0.264432 -0.309828
v -0.644899 0.286483 -0.322816
v -0.784314 0.221453 -0.360163
v -0.711625 0.251400 -0.346134
v -0.707991 0.231728 -0.331569
v -0.775750 0.203811 -0.344640
v -0.644899 0.286483 -0.322816
v -0.645783 0.264432 -0.309828
v -2.206903 -0.335408 -0.075323
v -2.209444 -0.340180 -0.080603
v -2.138250 -0.270627 -0.161140
v -2.106076 -0.271288 -0.166156
v -2.144885 -0.334081 -0.166200
v -2.177086 -0.341231 -0.161189
v -2.021422 -0.181781 -0.166129
v -2.052854 -0.177697 -0.161108
v -1.512080 -0.207038 -0.465188
v -1.542515 -0.208121 -0.449665
v -1.620913 -0.249801 -0.437045
v -1.599388 -0.253457 -0.451127
v -1.254641 0.050531 -0.351545
v -1.259619 0.061126 -0.366381
v -1.108110 0.007059 -0.454740
v -1.103127 -0.003536 -0.439899
v -1.629406 -0.120131 -0.368142
v -1.624423 -0.130725 -0.353306
v -1.428634 -0.160651 -0.443392
v -1.433617 -0.150051 -0.458228
v -1.246836 -0.060349 -0.463260
v -1.262419 -0.058318 -0.456749
v -1.624423 -0.130725 -0.353306
v -1.629406 -0.120131 -0.368142
v -1.103127 -0.003536 -0.439899
v -1.108110 0.007059 -0.454740
v -1.569473 -0.003038 -0.261106
v -1.578914 0.014111 -0.270444
v -1.792198 -0.102576 -0.270770
v -1.782751 -0.119730 -0.261432
v -1.578914 0.014111 -0.270444
v -1.569473 -0.003038 -0.261106
v -1.947807 -0.100881 -0.149420
v -1.954496 -0.092783 -0.152653
v -2.051034 -0.172465 -0.152658
v -2.044339 -0.180562 -0.149425
v -2.077358 -0.169090 -0.076335
v -2.070669 -0.177188 -0.074721
v -2.044339 -0.180562 -0.149425
v -2.051034 -0.172465 -0.152658
v -2.177086 -0.341231 -0.161189
v -2.179621 -0.336318 -0.150632
v -2.195768 -0.341550 -0.072798
v -2.206903 -0.335408 -0.075323
v -1.954496 -0.092783 -0.152653
v -1.947807 -0.100881 -0.149420
v -2.168485 -0.342466 -0.145584
v -2.179621 -0.336318 -0.150632
v -0.775555 -0.096439 -1.080720
v -0.756436 -0.109525 -1.086803
v -0.716077 -0.115375 -1.091028
v -0.736123 -0.115992 -1.090324
v -0.519070 -0.044040 -1.059520
v -0.531527 -0.063572 -1.067119
v -0.547674 -0.077487 -1.073077
v -0.566355 -0.084788 -1.076961
v -0.403662 0.500937 -0.074699
v -0.407973 0.475945 -0.077635
v -2.007415 -0.346647 -0.284344
v -2.038901 -0.368465 -0.312959
v -0.123289 0.442715 -0.286321
v -0.170179 0.427852 -0.273342
v -0.398673 0.460297 -0.155248
v -0.393846 0.484612 -0.149382
v -1.883368 -0.351040 -0.390251
v -1.857054 -0.329737 -0.359334
v -0.204146 0.358148 -0.345712
v -0.159726 0.369902 -0.379202
v -1.680413 -0.291686 -0.426742
v -1.701136 -0.308456 -0.463851
v -0.236677 0.290849 -0.434775
v -0.277533 0.282453 -0.398907
v -0.417804 0.210149 -0.485630
v -0.450947 0.205621 -0.447606
v -0.985341 -0.035477 -0.912139
v -0.992815 -0.055799 -0.912139
v -0.989024 -0.073376 -0.848787
v -0.981191 -0.054716 -0.842813
v -0.487519 0.004789 -1.059775
v -0.503649 -0.003103 -1.044392
v -0.461574 0.073676 -0.807742
v -0.480721 0.057778 -0.821651
v -0.503649 -0.003103 -0.783438
v -0.487519 0.004789 -0.764496
v -0.879042 0.011722 -0.855704
v -0.912288 0.021558 -0.846269
v -0.445260 0.116980 -0.858098
v -0.466303 0.096046 -0.866158
v -0.888684 0.021797 -0.913915
v -0.923202 0.032966 -0.912139
v -0.981191 -0.054716 -0.981458
v -0.989024 -0.073376 -0.975489
v -0.805796 -0.064834 -0.761041
v -0.829411 -0.065062 -0.739153
v -0.726558 -0.029638 -0.746276
v -0.714902 -0.033527 -0.767329
v -0.487519 0.004789 -0.764496
v -0.503649 -0.003103 -0.783438
v -0.599542 -0.009960 -0.775882
v -0.596027 -0.002967 -0.755949
v -0.598063 -0.090470 -1.100544
v -0.690365 -0.110018 -1.109216
v -0.682913 -0.104645 -1.088081
v -0.601340 -0.087285 -1.080417
v -1.105954 -0.426442 -1.024481
v -1.109144 -0.441078 -1.035076
v -1.109144 -0.441078 -0.789196
v -1.105954 -0.426442 -0.799795
v -1.080405 -0.366374 -0.776109
v -1.081190 -0.375343 -0.763277
v -1.054547 -0.272631 -0.753209
v -1.056214 -0.272512 -0.766907
v -0.982605 -0.106048 -1.030130
v -0.990318 -0.120288 -1.019964
v -1.029782 -0.195772 -1.043715
v -1.023857 -0.186986 -1.056124
v -0.990318 -0.120288 -0.804313
v -0.982605 -0.106048 -0.794146
v -1.023857 -0.186986 -0.768152
v -1.029782 -0.195772 -0.780562
v 0.105378 -0.227783 -0.392228
v 0.084210 -0.216468 -0.364318
v 0.033805 -0.301241 -0.374376
v 0.054966 -0.312556 -0.402287
v 0.317015 -0.060593 -0.285665
v 0.338177 -0.071913 -0.313576
v 0.422192 -0.071995 -0.251963
v 0.401030 -0.060680 -0.224053
v 0.176014 -0.437698 -0.264157
v 0.197176 -0.449013 -0.292067
v 0.130304 -0.434269 -0.354898
v 0.109142 -0.422949 -0.326987
v 0.399080 -0.254491 -0.130906
v 0.420242 -0.265806 -0.158817
v 0.349920 -0.367804 -0.165339
v 0.328752 -0.356483 -0.137428
v -0.846933 0.094404 -0.457475
v -0.831139 0.094556 -0.495927
v -1.063895 0.011256 -0.499561
v -1.069919 0.014609 -0.460953
v -1.246836 -0.060349 -0.463260
v -1.248569 -0.066984 -0.501972
v -1.453453 -0.176765 -0.503738
v -1.443118 -0.165526 -0.464955
v -1.233230 0.067896 -0.336179
v -0.989251 0.156867 -0.334256
v -1.686642 0.052221 -0.072175
v -1.663286 0.044660 -0.144339
v -1.533833 0.011614 -0.264411
v -1.427096 -0.015647 -0.337387
v -0.706159 0.133982 -0.493348
v -0.727197 0.132260 -0.455000
v -0.804685 0.208735 -0.331895
v -0.509602 0.187286 -0.488252
v -0.641482 0.156331 -0.452866
v -0.592295 0.320412 -0.257667
v -0.639889 0.285605 -0.287750
v -0.718764 0.244137 -0.315315
v -0.417154 0.438485 -0.138759
v -0.426134 0.453602 -0.069391
v -0.616685 0.159001 -0.491117
v -0.593589 0.252050 -0.330394
v -0.593324 0.285064 -0.293503
v -0.229582 0.333097 -0.324474
v -0.200522 0.392732 -0.262558
v -0.551162 0.315894 -0.266854
v -0.292375 0.268332 -0.369989
v -0.440737 0.202598 -0.411657
v -0.603756 0.160426 -0.416153
v -0.396013 0.420491 -0.161520
v -0.869168 0.089210 -0.437223
v -1.051545 0.023947 -0.440072
v -1.193625 0.074645 -0.357222
v -0.987014 0.149988 -0.355592
v -0.771239 0.120170 -0.435202
v -0.830722 0.193910 -0.353588
v -0.775750 0.203811 -0.344640
v -0.646021 0.235043 -0.342673
v -0.655072 0.153471 -0.419018
v -0.720356 0.135136 -0.420643
v -0.707991 0.231728 -0.331569
v -0.645783 0.264432 -0.309828
v -1.524852 -0.220801 -0.503233
v -1.512080 -0.207038 -0.465188
v -1.599388 -0.253457 -0.451127
v -1.615990 -0.269257 -0.488561
v -1.480600 -0.170850 -0.449459
v -1.542515 -0.208121 -0.449665
v -1.682152 -0.140042 -0.356724
v -1.620913 -0.249801 -0.437045
v -1.693656 -0.284125 -0.415145
v -1.937906 -0.101845 -0.166124
v -2.021422 -0.181781 -0.166129
v -2.106076 -0.271288 -0.166156
v -2.144885 -0.334081 -0.166200
v -1.794803 -0.122796 -0.288520
v -1.257436 -0.068913 -0.441914
v -1.428634 -0.160651 -0.443392
v -1.624423 -0.130725 -0.353306
v -1.429712 -0.024915 -0.352640
v -1.254641 0.050531 -0.351545
v -1.103127 -0.003536 -0.439899
v -1.710675 0.034607 -0.074900
v -1.943572 -0.094061 -0.074938
v -1.569473 -0.003038 -0.261106
v -1.782751 -0.119730 -0.261432
v -1.918797 -0.098839 -0.149859
v -1.689486 0.027598 -0.149788
v -1.972571 -0.096103 -0.074716
v -2.070669 -0.177188 -0.074721
v -2.157202 -0.270410 -0.074261
v -2.079969 -0.186369 -0.074249
v -2.053856 -0.189721 -0.148482
v -2.129795 -0.272360 -0.148509
v -2.161373 -0.279207 -0.072776
v -2.195768 -0.341550 -0.072798
v -0.393846 0.484612 -0.149382
v -0.398673 0.460297 -0.155248
v -1.947807 -0.100881 -0.149420
v -2.044339 -0.180562 -0.149425
v -2.134740 -0.281113 -0.145542
v -2.168485 -0.342466 -0.145584
v -0.775555 -0.096439 -1.080720
v -0.795190 -0.100826 -1.100885
v -0.727891 -0.122254 -1.112547
v -0.716077 -0.115375 -1.091028
v -0.547674 -0.077487 -1.073077
v -0.537334 -0.079383 -1.092236
v -0.566355 -0.084788 -1.076961
v -0.558475 -0.087643 -1.096628
v 0.430577 -0.139760 -0.123134
v 0.451744 -0.151080 -0.151044
v 0.460096 -0.081392 -0.168669
v 0.459787 -0.111865 -0.154023
v 0.438625 -0.100550 -0.126113
v 0.438934 -0.070072 -0.140758
v 0.452546 -0.071291 -0.189388
v 0.431383 -0.059976 -0.161482
v 0.126366 -0.132307 -0.381228
v 0.105199 -0.120992 -0.353317
v 0.159445 -0.064135 -0.334002
v 0.122840 -0.088645 -0.346367
v 0.144002 -0.099965 -0.374278
v 0.180612 -0.075450 -0.361912
v 0.201038 -0.056823 -0.320937
v 0.222200 -0.068138 -0.348848
v 0.037617 -0.408313 -0.388394
v 0.016455 -0.396998 -0.360483
v 0.010254 -0.395314 -0.399351
v -0.001597 -0.376178 -0.406804
v -0.022759 -0.364857 -0.378894
v -0.010914 -0.383999 -0.371440
v -0.014559 -0.346891 -0.379993
v 0.006603 -0.358211 -0.407899
v 0.283974 -0.420679 -0.168177
v 0.262812 -0.409364 -0.140272
v 0.259243 -0.438321 -0.175614
v 0.235226 -0.451093 -0.195540
v 0.214064 -0.439772 -0.167635
v 0.238081 -0.427006 -0.147702
v 0.199933 -0.442795 -0.192437
v 0.221095 -0.454110 -0.220348
v -0.022759 -0.364857 -0.378894
v -0.001597 -0.376178 -0.406804
v -0.624556 -0.314647 -0.618290
v -0.634717 -0.263542 -0.618290
v -0.595605 -0.357967 -0.618290
v -0.552284 -0.386918 -0.618290
v -0.624556 -0.212438 -0.618290
v -0.595605 -0.169112 -0.618290
v -0.501179 -0.397080 -0.618290
v -0.450075 -0.386918 -0.618290
v -0.406749 -0.357967 -0.618290
v -0.406749 -0.169112 -0.618290
v -0.450075 -0.140166 -0.618290
v -0.501179 -0.129999 -0.618290
v -0.552284 -0.140166 -0.618290
vt 0.806088 0.970945
vt 0.800090 0.971157
vt 0.800188 0.963741
vt 0.806188 0.963524
vt 0.836653 0.969805
vt 0.830641 0.969669
vt 0.830825 0.962049
vt 0.836842 0.962159
vt 0.854854 0.971656
vt 0.848703 0.970934
vt 0.848900 0.963350
vt 0.855069 0.964134
vt 0.842639 0.970259
vt 0.842829 0.962626
vt 0.794086 0.971157
vt 0.788001 0.970913
vt 0.788080 0.963443
vt 0.794181 0.963725
vt 0.781835 0.970445
vt 0.781889 0.962920
vt 0.812159 0.970589
vt 0.812275 0.963140
vt 0.824521 0.969829
vt 0.824690 0.962266
vt 0.818326 0.970179
vt 0.818469 0.962680
vt 0.411764 0.882017
vt 0.411799 0.888272
vt 0.408809 0.887152
vt 0.408697 0.882854
vt 0.396438 0.873558
vt 0.402798 0.873558
vt 0.402337 0.876856
vt 0.397774 0.876792
vt 0.408402 0.876624
vt 0.406337 0.879075
vt 0.403021 0.896563
vt 0.396637 0.896459
vt 0.398030 0.892966
vt 0.402643 0.893012
vt 0.408575 0.893577
vt 0.406593 0.890876
vt 0.390991 0.876619
vt 0.393859 0.878895
vt 0.391138 0.893305
vt 0.387978 0.887994
vt 0.391669 0.886944
vt 0.394014 0.890737
vt 0.387907 0.881916
vt 0.391624 0.882602
vt 0.158732 0.559806
vt 0.157040 0.564641
vt 0.152127 0.563572
vt 0.154318 0.557946
vt 0.163539 0.561000
vt 0.162629 0.565261
vt 0.168684 0.561152
vt 0.168631 0.565127
vt 0.173795 0.560153
vt 0.174536 0.564215
vt 0.178648 0.558391
vt 0.179992 0.562947
vt 0.183228 0.556483
vt 0.185019 0.561716
vt 0.187766 0.554672
vt 0.189773 0.560793
vt 0.192573 0.553176
vt 0.194577 0.560236
vt 0.197690 0.552123
vt 0.199671 0.559942
vt 0.145499 0.553609
vt 0.143235 0.560748
vt 0.138626 0.559097
vt 0.140875 0.551659
vt 0.150002 0.555764
vt 0.147615 0.562268
vt 0.156494 0.568766
vt 0.151236 0.568853
vt 0.162416 0.568278
vt 0.168657 0.567536
vt 0.174754 0.566810
vt 0.180386 0.566372
vt 0.185473 0.566293
vt 0.190294 0.566508
vt 0.195077 0.567045
vt 0.200079 0.567833
vt 0.142049 0.567808
vt 0.137215 0.566768
vt 0.146559 0.568548
vt 0.156946 0.573571
vt 0.151582 0.574586
vt 0.162794 0.572239
vt 0.168850 0.571098
vt 0.174670 0.570548
vt 0.179969 0.570678
vt 0.184779 0.571343
vt 0.189377 0.572366
vt 0.194043 0.573762
vt 0.198842 0.575411
vt 0.142003 0.575003
vt 0.136946 0.574573
vt 0.146733 0.575079
vt 0.158048 0.579707
vt 0.152719 0.581042
vt 0.163622 0.578200
vt 0.169153 0.577104
vt 0.174263 0.576653
vt 0.178899 0.576833
vt 0.183256 0.577576
vt 0.187575 0.578769
vt 0.192090 0.580475
vt 0.196723 0.582489
vt 0.142734 0.582233
vt 0.137546 0.582208
vt 0.147693 0.581925
vt 0.159279 0.586480
vt 0.154041 0.587800
vt 0.164466 0.585157
vt 0.169301 0.584262
vt 0.173677 0.583880
vt 0.177678 0.583981
vt 0.181574 0.584568
vt 0.185642 0.585626
vt 0.189990 0.587224
vt 0.194517 0.589187
vt 0.143783 0.589282
vt 0.138590 0.589459
vt 0.148881 0.588798
vt 0.160260 0.593319
vt 0.155197 0.594415
vt 0.164985 0.592353
vt 0.169244 0.591714
vt 0.173062 0.591433
vt 0.176611 0.591487
vt 0.180172 0.591894
vt 0.184007 0.592729
vt 0.188211 0.593970
vt 0.192671 0.595540
vt 0.144840 0.595880
vt 0.139753 0.596183
vt 0.150004 0.595302
vt 0.160705 0.600280
vt 0.155923 0.600886
vt 0.165039 0.599805
vt 0.168907 0.599517
vt 0.172420 0.599406
vt 0.175774 0.599462
vt 0.179256 0.599733
vt 0.182995 0.600205
vt 0.187122 0.600882
vt 0.191538 0.601738
vt 0.145793 0.602072
vt 0.140931 0.602517
vt 0.150860 0.601479
vt 0.160469 0.608314
vt 0.156105 0.608531
vt 0.164507 0.608208
vt 0.168242 0.608190
vt 0.171779 0.608226
vt 0.175283 0.608293
vt 0.178928 0.608403
vt 0.182843 0.608519
vt 0.187050 0.608658
vt 0.191431 0.608824
vt 0.146803 0.609244
vt 0.142228 0.609618
vt 0.151488 0.608838
vt 0.160020 0.617954
vt 0.155997 0.618005
vt 0.163878 0.617961
vt 0.167617 0.618004
vt 0.171324 0.618047
vt 0.175119 0.618055
vt 0.179061 0.617974
vt 0.183292 0.617823
vt 0.187687 0.617627
vt 0.192092 0.617404
vt 0.147493 0.618219
vt 0.143118 0.618308
vt 0.151807 0.618099
vt 0.159580 0.628825
vt 0.155650 0.628717
vt 0.163448 0.628848
vt 0.167311 0.628786
vt 0.171243 0.628623
vt 0.175327 0.628354
vt 0.179621 0.628006
vt 0.184076 0.627604
vt 0.188650 0.627222
vt 0.193148 0.626902
vt 0.147464 0.628207
vt 0.143170 0.627838
vt 0.151645 0.628503
vt 0.158991 0.641528
vt 0.154640 0.640969
vt 0.163409 0.641487
vt 0.167810 0.640854
vt 0.172148 0.639776
vt 0.176443 0.638497
vt 0.180753 0.637310
vt 0.185104 0.636494
vt 0.189501 0.636239
vt 0.193966 0.636470
vt 0.146150 0.638606
vt 0.141973 0.637231
vt 0.150356 0.639946
vt 0.204493 0.780219
vt 0.208335 0.778001
vt 0.209481 0.779146
vt 0.204912 0.781784
vt 0.210553 0.769721
vt 0.208335 0.765879
vt 0.209480 0.764733
vt 0.212118 0.769302
vt 0.193995 0.769721
vt 0.193995 0.774158
vt 0.192430 0.774578
vt 0.192430 0.769302
vt 0.204492 0.763660
vt 0.204912 0.762096
vt 0.200056 0.763660
vt 0.199636 0.762096
vt 0.196213 0.778001
vt 0.200056 0.780219
vt 0.199636 0.781784
vt 0.195067 0.779146
vt 0.196213 0.765879
vt 0.195068 0.764733
vt 0.212118 0.774578
vt 0.210554 0.774158
vt 0.903411 0.957200
vt 0.908686 0.957200
vt 0.908686 0.968586
vt 0.903411 0.968586
vt 0.511479 0.934256
vt 0.503001 0.942580
vt 0.499921 0.937425
vt 0.919238 0.957200
vt 0.924513 0.957200
vt 0.924513 0.968586
vt 0.919238 0.968586
vt 0.877034 0.957200
vt 0.882309 0.957200
vt 0.882309 0.968585
vt 0.877033 0.968585
vt 0.913962 0.957200
vt 0.913962 0.968586
vt 0.887585 0.957200
vt 0.892860 0.957200
vt 0.892860 0.968586
vt 0.887584 0.968585
vt 0.866484 0.957199
vt 0.871759 0.957200
vt 0.871758 0.968585
vt 0.866483 0.968584
vt 0.929789 0.957200
vt 0.929789 0.968586
vt 0.898135 0.957200
vt 0.898135 0.968586
vt 0.907898 0.831428
vt 0.907897 0.838386
vt 0.896595 0.838385
vt 0.896596 0.831428
vt 0.294405 0.368350
vt 0.304144 0.367891
vt 0.305567 0.391425
vt 0.294453 0.392677
vt 0.262870 0.343947
vt 0.274922 0.341828
vt 0.274010 0.366631
vt 0.261867 0.364359
vt 0.285174 0.340440
vt 0.284667 0.367938
vt 0.294247 0.339899
vt 0.303336 0.340295
vt 0.313663 0.341502
vt 0.314840 0.366560
vt 0.746157 0.814538
vt 0.753037 0.827286
vt 0.727355 0.826980
vt 0.725532 0.817440
vt 0.729960 0.793020
vt 0.736510 0.802325
vt 0.723383 0.811459
vt 0.719675 0.806027
vt 0.034871 0.620516
vt 0.038187 0.610545
vt 0.043888 0.612167
vt 0.041459 0.622390
vt 0.690886 0.839971
vt 0.694394 0.843479
vt 0.693016 0.845540
vt 0.688825 0.841348
vt 0.068683 0.623956
vt 0.067443 0.613521
vt 0.073292 0.612564
vt 0.075444 0.622850
vt 0.100749 0.612685
vt 0.095188 0.603768
vt 0.100075 0.600413
vt 0.106397 0.608808
vt 0.028472 0.618071
vt 0.032651 0.608429
vt 0.061852 0.624465
vt 0.061532 0.613962
vt 0.094783 0.616052
vt 0.090025 0.606682
vt 0.022313 0.615073
vt 0.027321 0.605836
vt 0.055002 0.624372
vt 0.055605 0.613882
vt 0.088544 0.618882
vt 0.084627 0.609131
vt 0.016441 0.611548
vt 0.022240 0.602785
vt 0.048187 0.623679
vt 0.049709 0.613282
vt 0.082081 0.621154
vt 0.079035 0.611096
vt 0.010900 0.607520
vt 0.017446 0.599300
vt 0.104648 0.596642
vt 0.111684 0.604450
vt 0.911981 0.620620
vt 0.931373 0.620057
vt 0.929917 0.626939
vt 0.899590 0.607584
vt 0.909158 0.605917
vt 0.918733 0.606576
vt 0.924912 0.608808
vt 0.910015 0.635462
vt 0.900366 0.634351
vt 0.925575 0.631662
vt 0.919535 0.634249
vt 0.893784 0.610171
vt 0.889144 0.614833
vt 0.887543 0.621329
vt 0.929521 0.613271
vt 0.894421 0.632106
vt 0.889518 0.627720
vt 0.346111 0.749179
vt 0.372605 0.712797
vt 0.377957 0.715520
vt 0.350651 0.750721
vt 0.431624 0.615772
vt 0.449911 0.597296
vt 0.453127 0.599442
vt 0.434200 0.617102
vt 0.322494 0.732304
vt 0.340038 0.692002
vt 0.344583 0.695197
vt 0.325843 0.735615
vt 0.341576 0.747290
vt 0.366801 0.709679
vt 0.429333 0.614501
vt 0.446813 0.595180
vt 0.382398 0.761586
vt 0.355129 0.752176
vt 0.382881 0.718091
vt 0.412384 0.734403
vt 0.590560 0.781926
vt 0.587965 0.783048
vt 0.586373 0.779723
vt 0.589846 0.778269
vt 0.816040 0.803449
vt 0.812390 0.801953
vt 0.813616 0.795965
vt 0.818323 0.797868
vt 0.453426 0.627858
vt 0.436909 0.618551
vt 0.456359 0.601707
vt 0.475930 0.616119
vt 0.289538 0.704757
vt 0.284644 0.703759
vt 0.288568 0.664966
vt 0.295450 0.666084
vt 0.461029 0.635276
vt 0.460004 0.633138
vt 0.483908 0.624380
vt 0.485352 0.627750
vt 0.401122 0.585302
vt 0.398827 0.584661
vt 0.401406 0.559331
vt 0.404984 0.560132
vt 0.397862 0.772700
vt 0.394729 0.768810
vt 0.426371 0.745808
vt 0.430524 0.751408
vt 0.294065 0.706663
vt 0.301771 0.667945
vt 0.403359 0.586646
vt 0.408398 0.561685
vt 0.301616 0.712397
vt 0.298075 0.709293
vt 0.307253 0.670395
vt 0.312003 0.673277
vt 0.405529 0.588553
vt 0.411604 0.563846
vt 0.407608 0.590807
vt 0.414613 0.566400
vt 0.337177 0.744925
vt 0.360778 0.706166
vt 0.427354 0.613161
vt 0.443869 0.592992
vt 0.333057 0.742102
vt 0.354893 0.702428
vt 0.425578 0.611592
vt 0.441050 0.590646
vt 0.420031 0.605145
vt 0.432622 0.582724
vt 0.435498 0.585429
vt 0.421997 0.607492
vt 0.458295 0.631202
vt 0.481749 0.621313
vt 0.390957 0.765663
vt 0.421817 0.741047
vt 0.456033 0.629448
vt 0.479021 0.618573
vt 0.386781 0.763308
vt 0.417124 0.737300
vt 0.438287 0.588109
vt 0.423834 0.609691
vt 0.349459 0.698703
vt 0.329296 0.738941
vt 0.604574 0.817904
vt 0.601955 0.820685
vt 0.600035 0.815118
vt 0.602045 0.812930
vt 0.587057 0.813973
vt 0.582142 0.790372
vt 0.584965 0.791099
vt 0.588610 0.809808
vt 0.605993 0.814227
vt 0.603080 0.810054
vt 0.594804 0.822106
vt 0.591324 0.820534
vt 0.591764 0.814971
vt 0.594457 0.816225
vt 0.588615 0.817674
vt 0.589711 0.812710
vt 0.802088 0.805879
vt 0.800645 0.809283
vt 0.798153 0.805292
vt 0.800189 0.800905
vt 0.598037 0.785442
vt 0.596006 0.783222
vt 0.597159 0.779895
vt 0.599931 0.782801
vt 0.808447 0.801895
vt 0.804825 0.803276
vt 0.803823 0.797592
vt 0.808537 0.795862
vt 0.598529 0.822156
vt 0.597366 0.816276
vt 0.585996 0.785181
vt 0.584945 0.788004
vt 0.582189 0.786270
vt 0.583673 0.782526
vt 0.820330 0.813265
vt 0.820331 0.809587
vt 0.824010 0.805764
vt 0.824170 0.810578
vt 0.796240 0.831355
vt 0.792336 0.833298
vt 0.606021 0.810207
vt 0.602992 0.806950
vt 0.593385 0.781988
vt 0.593610 0.778313
vt 0.832290 0.274197
vt 0.832212 0.309246
vt 0.893941 0.309383
vt 0.894024 0.272007
vt 0.758720 0.309067
vt 0.758739 0.302375
vt 0.634617 0.304122
vt 0.634602 0.308675
vt 0.759836 0.216070
vt 0.759746 0.210626
vt 0.708933 0.220713
vt 0.703395 0.226099
vt 0.837416 0.178762
vt 0.838821 0.187757
vt 0.895041 0.177497
vt 0.893622 0.167131
vt 0.711474 0.217641
vt 0.759461 0.207497
vt 0.891929 0.158031
vt 0.835252 0.170879
vt 0.895944 0.187050
vt 0.839318 0.196446
vt 0.803221 0.309180
vt 0.803278 0.284649
vt 0.793310 0.291992
vt 0.793269 0.309156
vt 0.815767 0.309208
vt 0.815836 0.278430
vt 0.779179 0.309121
vt 0.779207 0.298192
vt 0.781383 0.203655
vt 0.780548 0.199718
vt 0.781592 0.209932
vt 0.797785 0.195857
vt 0.798352 0.203002
vt 0.811771 0.196561
vt 0.810935 0.188959
vt 0.796047 0.190917
vt 0.808598 0.183102
vt 0.823595 0.183431
vt 0.824726 0.191688
vt 0.821136 0.176531
vt 0.801673 0.174919
vt 0.790869 0.184836
vt 0.777688 0.195076
vt 0.758291 0.204076
vt 0.829260 0.157099
vt 0.813915 0.165426
vt 0.175394 0.767636
vt 0.175359 0.778155
vt 0.168880 0.779441
vt 0.168885 0.766371
vt 0.178369 0.326525
vt 0.169995 0.350926
vt 0.186141 0.347927
vt 0.197363 0.325473
vt 0.165242 0.369872
vt 0.181479 0.366797
vt 0.162846 0.403743
vt 0.181471 0.400122
vt 0.217088 0.361979
vt 0.221358 0.343677
vt 0.148937 0.350844
vt 0.145014 0.371297
vt 0.912067 0.994653
vt 0.859527 0.994513
vt 0.859658 0.990073
vt 0.912084 0.990211
vt 0.773894 0.614950
vt 0.786604 0.606542
vt 0.810993 0.642657
vt 0.797181 0.651699
vt 0.692907 0.656142
vt 0.706816 0.650386
vt 0.724196 0.690123
vt 0.708985 0.696364
vt 0.760767 0.622849
vt 0.783055 0.660325
vt 0.604911 0.679133
vt 0.620655 0.677036
vt 0.630265 0.720333
vt 0.613935 0.723789
vt 0.678845 0.661414
vt 0.693603 0.702113
vt 0.747532 0.630386
vt 0.768669 0.668486
vt 0.635695 0.674103
vt 0.646407 0.716470
vt 0.811340 0.588605
vt 0.823497 0.578240
vt 0.850479 0.613795
vt 0.837680 0.623507
vt 0.734134 0.637498
vt 0.754052 0.676178
vt 0.650297 0.670283
vt 0.662333 0.712147
vt 0.799180 0.598000
vt 0.824486 0.633245
vt 0.720562 0.644168
vt 0.739223 0.683392
vt 0.664643 0.666160
vt 0.678054 0.707371
vt 0.772639 0.994607
vt 0.772637 0.990176
vt 0.794923 0.990160
vt 0.794912 0.994593
vt 0.519950 0.925947
vt 0.523045 0.931103
vt 0.971198 0.636488
vt 0.964224 0.641292
vt 0.962249 0.639636
vt 0.968857 0.635221
vt 0.880033 0.613022
vt 0.878483 0.620817
vt 0.875810 0.620817
vt 0.877447 0.612336
vt 0.551259 0.425338
vt 0.544121 0.422222
vt 0.548558 0.413122
vt 0.555726 0.418696
vt 0.484034 0.408708
vt 0.476386 0.408090
vt 0.475838 0.398125
vt 0.484654 0.397786
vt 0.468777 0.407946
vt 0.460805 0.408323
vt 0.459583 0.404204
vt 0.467394 0.400365
vt 0.536855 0.419599
vt 0.540546 0.409368
vt 0.549241 0.432442
vt 0.541691 0.431182
vt 0.482489 0.418722
vt 0.475177 0.417194
vt 0.467792 0.415163
vt 0.460165 0.412482
vt 0.557296 0.433213
vt 0.558534 0.429126
vt 0.534256 0.429495
vt 0.549509 0.440288
vt 0.540616 0.441292
vt 0.480333 0.428463
vt 0.472143 0.426786
vt 0.464344 0.422295
vt 0.457698 0.416152
vt 0.557938 0.437535
vt 0.532437 0.439599
vt 0.544953 0.452906
vt 0.537576 0.450872
vt 0.548402 0.445785
vt 0.478533 0.438569
vt 0.471136 0.436883
vt 0.463572 0.435705
vt 0.455518 0.435011
vt 0.454830 0.430728
vt 0.463229 0.427870
vt 0.552570 0.455589
vt 0.555037 0.451923
vt 0.530269 0.449338
vt 0.528719 0.459347
vt 0.475907 0.448441
vt 0.543965 0.460116
vt 0.536362 0.459969
vt 0.468632 0.445797
vt 0.461536 0.442729
vt 0.454357 0.439079
vt 0.551930 0.459743
vt 0.910084 0.524794
vt 0.910084 0.516325
vt 0.947623 0.516325
vt 0.947623 0.524794
vt 0.947623 0.397962
vt 0.947623 0.406361
vt 0.910084 0.406361
vt 0.910084 0.397962
vt 0.947623 0.372287
vt 0.947623 0.380925
vt 0.910084 0.380925
vt 0.910084 0.372287
vt 0.910084 0.507757
vt 0.947623 0.507757
vt 0.947623 0.465046
vt 0.910084 0.465047
vt 0.947623 0.481915
vt 0.947623 0.490483
vt 0.910084 0.490483
vt 0.910084 0.481915
vt 0.910084 0.355082
vt 0.910084 0.346613
vt 0.947623 0.346613
vt 0.947623 0.355082
vt 0.947623 0.473445
vt 0.910084 0.473445
vt 0.910084 0.363650
vt 0.947623 0.363650
vt 0.910084 0.591879
vt 0.910084 0.533193
vt 0.947623 0.533193
vt 0.947624 0.591879
vt 0.910084 0.338214
vt 0.947623 0.338214
vt 0.947623 0.389493
vt 0.910084 0.389493
vt 0.910084 0.499120
vt 0.947623 0.499120
vt 0.955996 0.642978
vt 0.954453 0.641187
vt 0.975859 0.629298
vt 0.973273 0.628612
vt 0.884449 0.606413
vt 0.882107 0.605146
vt 0.897310 0.642978
vt 0.889082 0.641291
vt 0.891057 0.639636
vt 0.898853 0.641186
vt 0.973273 0.613022
vt 0.968857 0.606413
vt 0.971198 0.605146
vt 0.975859 0.612336
vt 0.891057 0.601998
vt 0.889083 0.600343
vt 0.898853 0.600447
vt 0.897310 0.598656
vt 0.877447 0.629298
vt 0.880033 0.628612
vt 0.962249 0.601998
vt 0.954454 0.600447
vt 0.955996 0.598655
vt 0.964224 0.600342
vt 0.974823 0.620817
vt 0.977496 0.620817
vt 0.882107 0.636487
vt 0.884449 0.635220
vt 0.561533 0.425793
vt 0.528094 0.470264
vt 0.472216 0.458673
vt 0.565986 0.433626
vt 0.452272 0.409123
vt 0.560453 0.458946
vt 0.446951 0.434721
vt 0.545344 0.467692
vt 0.536906 0.469928
vt 0.464202 0.454921
vt 0.457021 0.449376
vt 0.451445 0.442343
vt 0.553150 0.463857
vt 0.836973 0.994526
vt 0.837078 0.990088
vt 0.823147 0.994555
vt 0.823220 0.990118
vt 0.807116 0.994580
vt 0.807148 0.990145
vt 0.728878 0.994621
vt 0.728877 0.990192
vt 0.676278 0.994627
vt 0.676278 0.990198
vt 0.995411 0.630731
vt 0.995411 0.744830
vt 0.990978 0.744830
vt 0.990978 0.630731
vt 0.990978 0.858930
vt 0.995412 0.858930
vt 0.688812 0.645826
vt 0.702373 0.640179
vt 0.675119 0.651011
vt 0.729016 0.627542
vt 0.742074 0.620552
vt 0.715779 0.634083
vt 0.661332 0.655705
vt 0.767766 0.605144
vt 0.780488 0.597349
vt 0.220552 0.744965
vt 0.229814 0.754258
vt 0.224258 0.757960
vt 0.216864 0.750468
vt 0.040674 0.591832
vt 0.046714 0.593425
vt 0.044470 0.604148
vt 0.037337 0.602267
vt 0.099164 0.579588
vt 0.103632 0.575223
vt 0.111681 0.582652
vt 0.106405 0.587807
vt 0.094271 0.583470
vt 0.100627 0.592391
vt 0.229812 0.791546
vt 0.220559 0.800839
vt 0.216829 0.795333
vt 0.224268 0.787890
vt 0.083418 0.589624
vt 0.089003 0.586827
vt 0.094407 0.596356
vt 0.087812 0.599659
vt 0.792494 0.588808
vt 0.804268 0.580064
vt 0.208421 0.739914
vt 0.207121 0.746482
vt 0.023975 0.583470
vt 0.029244 0.586828
vt 0.023840 0.596358
vt 0.017619 0.592393
vt 0.034829 0.589625
vt 0.030436 0.599661
vt 0.014612 0.575223
vt 0.019081 0.579588
vt 0.011839 0.587809
vt 0.006563 0.582654
vt 0.195259 0.739942
vt 0.196595 0.746469
vt 0.052886 0.594388
vt 0.051758 0.605285
vt 0.077575 0.591832
vt 0.080912 0.602265
vt 0.234803 0.779439
vt 0.228294 0.778176
vt 0.059125 0.594710
vt 0.065363 0.594388
vt 0.066492 0.605284
vt 0.059125 0.605665
vt 0.071535 0.593425
vt 0.073780 0.604147
vt 0.754966 0.613099
vt 0.292748 0.215945
vt 0.257902 0.219782
vt 0.257487 0.218054
vt 0.287432 0.214759
vt 0.206670 0.221150
vt 0.226913 0.195537
vt 0.233634 0.193520
vt 0.210424 0.222858
vt 0.337257 0.227052
vt 0.326437 0.221667
vt 0.330945 0.220432
vt 0.340473 0.225167
vt 0.152113 0.245613
vt 0.109618 0.243845
vt 0.108874 0.240877
vt 0.156290 0.242818
vt 0.085656 0.266072
vt 0.088768 0.266481
vt 0.127040 0.222729
vt 0.171710 0.224083
vt 0.172898 0.222222
vt 0.183015 0.092132
vt 0.166874 0.063791
vt 0.161409 0.065328
vt 0.178087 0.094337
vt 0.196766 0.111186
vt 0.192323 0.113937
vt 0.401034 0.087051
vt 0.402440 0.073151
vt 0.397356 0.073060
vt 0.396010 0.085529
vt 0.424129 0.277132
vt 0.385710 0.286078
vt 0.378516 0.285771
vt 0.421282 0.275820
vt 0.493269 0.885654
vt 0.482585 0.896352
vt 0.476991 0.892612
vt 0.489545 0.880075
vt 0.476784 0.910319
vt 0.476778 0.925437
vt 0.470193 0.926754
vt 0.470193 0.909014
vt 0.754311 0.692475
vt 0.769062 0.698585
vt 0.767516 0.700900
vt 0.753768 0.695205
vt 0.738341 0.772751
vt 0.723590 0.766640
vt 0.725136 0.764326
vt 0.738884 0.770021
vt 0.552732 0.910312
vt 0.546967 0.896354
vt 0.552543 0.892624
vt 0.559313 0.909002
vt 0.194825 0.879070
vt 0.194825 0.861711
vt 0.197782 0.862304
vt 0.197784 0.878483
vt 0.160820 0.726637
vt 0.160820 0.733488
vt 0.157467 0.732943
vt 0.157467 0.727183
vt 0.492419 0.654204
vt 0.496214 0.633817
vt 0.503655 0.633817
vt 0.507450 0.654204
vt 0.282250 0.879026
vt 0.275595 0.895074
vt 0.273087 0.893393
vt 0.279291 0.878433
vt 0.522098 0.660281
vt 0.540979 0.650994
vt 0.545495 0.657045
vt 0.531220 0.672504
vt 0.536229 0.950067
vt 0.546892 0.939368
vt 0.552479 0.943104
vt 0.539955 0.955632
vt 0.157467 0.727183
vt 0.141686 0.724245
vt 0.141165 0.721353
vt 0.159934 0.724846
vt 0.157338 0.764836
vt 0.164128 0.748477
vt 0.169705 0.752203
vt 0.163913 0.766141
vt 0.213783 0.907383
vt 0.201484 0.895110
vt 0.203993 0.893433
vt 0.215461 0.904872
vt 0.536223 0.685712
vt 0.556071 0.689681
vt 0.555975 0.696943
vt 0.536027 0.700382
vt 0.098424 0.635539
vt 0.090506 0.644065
vt 0.087761 0.643018
vt 0.097177 0.632878
vt 0.780351 0.709876
vt 0.778037 0.711423
vt 0.493240 0.950086
vt 0.507195 0.955863
vt 0.505897 0.962445
vt 0.489519 0.955671
vt 0.469046 0.670525
vt 0.457202 0.654453
vt 0.462094 0.649219
vt 0.478928 0.659952
vt 0.738344 0.692475
vt 0.738887 0.695205
vt 0.210766 0.818259
vt 0.193029 0.818258
vt 0.194333 0.811670
vt 0.209450 0.811674
vt 0.528858 0.295620
vt 0.519645 0.278899
vt 0.523016 0.279323
vt 0.530762 0.293382
vt 0.227155 0.735927
vt 0.239696 0.748451
vt 0.234122 0.752188
vt 0.223438 0.741514
vt 0.465634 0.698045
vt 0.446417 0.696105
vt 0.445839 0.689199
vt 0.464468 0.684094
vt 0.712301 0.755349
vt 0.706192 0.740597
vt 0.708923 0.740054
vt 0.714615 0.753803
vt 0.246484 0.782555
vt 0.239696 0.798936
vt 0.234110 0.795210
vt 0.239899 0.781251
vt 0.435882 0.194883
vt 0.423989 0.184101
vt 0.424355 0.180724
vt 0.438499 0.193546
vt 0.201488 0.845685
vt 0.203989 0.847369
vt 0.176672 0.735959
vt 0.193055 0.729190
vt 0.194373 0.735771
vt 0.180400 0.741539
vt 0.478607 0.722941
vt 0.461186 0.732569
vt 0.456645 0.727056
vt 0.469435 0.711804
vt 0.275595 0.845626
vt 0.282251 0.861661
vt 0.279292 0.862247
vt 0.273087 0.847303
vt 0.176640 0.811468
vt 0.164095 0.798913
vt 0.169686 0.795180
vt 0.180368 0.805880
vt 0.228303 0.234777
vt 0.230097 0.241389
vt 0.226718 0.241740
vt 0.225210 0.236181
vt 0.229845 0.826891
vt 0.247206 0.826779
vt 0.246630 0.829751
vt 0.230433 0.829837
vt 0.246484 0.764826
vt 0.239903 0.766143
vt 0.506148 0.729790
vt 0.501801 0.749379
vt 0.494605 0.749132
vt 0.491612 0.729291
vt 0.247236 0.914013
vt 0.229849 0.914021
vt 0.230439 0.911058
vt 0.246649 0.911049
vt 0.520466 0.277077
vt 0.525760 0.272729
vt 0.527467 0.275667
vt 0.523016 0.279323
vt 0.706193 0.724629
vt 0.712303 0.709877
vt 0.714617 0.711423
vt 0.708923 0.725172
vt 0.536296 0.885670
vt 0.522348 0.879881
vt 0.523658 0.873310
vt 0.540018 0.880091
vt 0.530280 0.714029
vt 0.541692 0.730898
vt 0.536490 0.736032
vt 0.519773 0.724399
vt 0.754308 0.772751
vt 0.753765 0.770021
vt 0.552707 0.925417
vt 0.559291 0.926729
vt 0.301853 0.883142
vt 0.313489 0.883142
vt 0.314590 0.885866
vt 0.300752 0.885866
vt 0.786460 0.740596
vt 0.780350 0.755349
vt 0.778035 0.753802
vt 0.783729 0.740054
vt 0.522291 0.955855
vt 0.523612 0.962427
vt 0.840536 0.881595
vt 0.847663 0.865812
vt 0.854987 0.868909
vt 0.847703 0.885040
vt 0.854024 0.849706
vt 0.861488 0.852448
vt 0.517836 0.665983
vt 0.506136 0.660531
vt 0.526382 0.675256
vt 0.859603 0.833314
vt 0.867190 0.835695
vt 0.530313 0.686752
vt 0.493674 0.660274
vt 0.839656 0.900804
vt 0.832661 0.897019
vt 0.864387 0.816676
vt 0.872079 0.818687
vt 0.530002 0.699182
vt 0.482443 0.664900
vt 0.830863 0.916164
vt 0.824058 0.912050
vt 0.474214 0.673549
vt 0.874548 0.643576
vt 0.878104 0.660890
vt 0.870288 0.662301
vt 0.866809 0.645360
vt 0.470331 0.684734
vt 0.880826 0.678355
vt 0.872951 0.679389
vt 0.471564 0.696948
vt 0.882707 0.695930
vt 0.874792 0.696586
vt 0.474684 0.708970
vt 0.883742 0.713577
vt 0.875805 0.713851
vt 0.482263 0.718175
vt 0.883927 0.731255
vt 0.875985 0.731146
vt 0.492987 0.723416
vt 0.883259 0.748923
vt 0.875330 0.748431
vt 0.505023 0.723822
vt 0.881737 0.766542
vt 0.873840 0.765666
vt 0.516352 0.719321
vt 0.879363 0.784070
vt 0.871516 0.782812
vt 0.525135 0.710644
vt 0.876140 0.801466
vt 0.868361 0.799828
vt 0.209210 0.237478
vt 0.225210 0.236181
vt 0.226718 0.241740
vt 0.212256 0.248707
vt 0.141686 0.724245
vt 0.157467 0.727183
vt 0.157467 0.732943
vt 0.141686 0.735880
vt 0.508307 0.249127
vt 0.513076 0.264455
vt 0.507981 0.267144
vt 0.498017 0.254559
vt 0.471256 0.789743
vt 0.455475 0.786805
vt 0.455475 0.781045
vt 0.471256 0.778107
vt 0.530762 0.293382
vt 0.523016 0.279323
vt 0.527467 0.275667
vt 0.539754 0.285997
vt 0.301853 0.883142
vt 0.304791 0.867361
vt 0.310551 0.867360
vt 0.313489 0.883142
vt 0.098424 0.635539
vt 0.107989 0.648430
vt 0.104070 0.652651
vt 0.090506 0.644065
vt 0.426621 0.201927
vt 0.419405 0.187588
vt 0.423989 0.184101
vt 0.435882 0.194883
vt 0.209210 0.237478
vt 0.212256 0.248707
vt 0.209915 0.250483
vt 0.206292 0.237128
vt 0.298961 0.883662
vt 0.302455 0.864894
vt 0.304791 0.867361
vt 0.301853 0.883142
vt 0.304246 0.864007
vt 0.311096 0.864008
vt 0.310551 0.867360
vt 0.304791 0.867361
vt 0.471256 0.778107
vt 0.455475 0.781045
vt 0.453008 0.778709
vt 0.471777 0.775215
vt 0.515123 0.267166
vt 0.509065 0.270363
vt 0.507981 0.267144
vt 0.513076 0.264455
vt 0.508307 0.249127
vt 0.498017 0.254559
vt 0.495771 0.252663
vt 0.508009 0.246204
vt 0.419405 0.187588
vt 0.426621 0.201927
vt 0.424635 0.204092
vt 0.416052 0.187040
vt 0.141686 0.724245
vt 0.141686 0.735880
vt 0.138961 0.736981
vt 0.138961 0.723144
vt 0.100010 0.633066
vt 0.111386 0.648397
vt 0.107989 0.648430
vt 0.098424 0.635539
vt 0.539754 0.285997
vt 0.527467 0.275667
vt 0.527707 0.272278
vt 0.542319 0.284564
vt 0.471256 0.789743
vt 0.471256 0.778107
vt 0.473981 0.777006
vt 0.473981 0.790844
vt 0.229710 0.243349
vt 0.212511 0.251635
vt 0.212256 0.248707
vt 0.226718 0.241740
vt 0.110817 0.650312
vt 0.106156 0.655332
vt 0.104070 0.652651
vt 0.107989 0.648430
vt 0.452122 0.787350
vt 0.452122 0.780500
vt 0.455475 0.781045
vt 0.455475 0.786805
vt 0.426621 0.201927
vt 0.435882 0.194883
vt 0.438408 0.196384
vt 0.427394 0.204762
vt 0.313489 0.883142
vt 0.310551 0.867360
vt 0.312887 0.864894
vt 0.316381 0.883662
vt 0.510621 0.247317
vt 0.516293 0.265546
vt 0.513076 0.264455
vt 0.508307 0.249127
vt 0.530762 0.293382
vt 0.539754 0.285997
vt 0.542334 0.287404
vt 0.531641 0.296186
vt 0.159933 0.735279
vt 0.141165 0.738772
vt 0.141686 0.735880
vt 0.157467 0.732943
vt 0.090506 0.644065
vt 0.104070 0.652651
vt 0.104287 0.656041
vt 0.088157 0.645830
vt 0.498017 0.254559
vt 0.507981 0.267144
vt 0.507067 0.270415
vt 0.495216 0.255448
vt 0.471776 0.792635
vt 0.453008 0.789141
vt 0.455475 0.786805
vt 0.471256 0.789743
vt 0.416941 0.185250
vt 0.422393 0.181102
vt 0.423989 0.184101
vt 0.419405 0.187588
vt 0.207951 0.234823
vt 0.226979 0.233281
vt 0.225210 0.236181
vt 0.209210 0.237478
vt 0.215460 0.835967
vt 0.231149 0.833390
vt 0.217464 0.838973
vt 0.206996 0.849375
vt 0.201330 0.863002
vt 0.245951 0.833304
vt 0.201330 0.877766
vt 0.261618 0.835886
vt 0.259625 0.838905
vt 0.270088 0.849324
vt 0.275746 0.862962
vt 0.275741 0.877734
vt 0.270073 0.891387
vt 0.261625 0.904846
vt 0.259606 0.901838
vt 0.245933 0.907498
vt 0.231135 0.907503
vt 0.217462 0.901854
vt 0.206995 0.891411
vt 0.723593 0.698586
vt 0.725139 0.700900
vt 0.263299 0.907360
vt 0.263290 0.833372
vt 0.786460 0.724629
vt 0.783729 0.725172
vt 0.769059 0.766640
vt 0.767513 0.764326
vt 0.213797 0.833453
vt 0.383255 0.527254
vt 0.382024 0.529554
vt 0.380132 0.529139
vt 0.381259 0.527270
vt 0.358538 0.537030
vt 0.355488 0.537300
vt 0.356646 0.535857
vt 0.359334 0.535583
vt 0.353032 0.526461
vt 0.355876 0.525301
vt 0.357214 0.526218
vt 0.354690 0.527204
vt 0.352700 0.536637
vt 0.350600 0.535140
vt 0.352387 0.534216
vt 0.354206 0.535378
vt 0.383328 0.524872
vt 0.381368 0.525356
vt 0.349506 0.533037
vt 0.351465 0.532548
vt 0.376979 0.532576
vt 0.375638 0.531660
vt 0.382231 0.522770
vt 0.380443 0.523690
vt 0.349585 0.530648
vt 0.351580 0.530630
vt 0.374306 0.520854
vt 0.377349 0.520594
vt 0.376189 0.522036
vt 0.373508 0.522301
vt 0.379820 0.531423
vt 0.378159 0.530681
vt 0.380131 0.521267
vt 0.378624 0.522523
vt 0.350823 0.528339
vt 0.352712 0.528753
vt 0.272700 0.193435
vt 0.236652 0.195504
vt 0.275612 0.191124
vt 0.394543 0.201874
vt 0.379165 0.192416
vt 0.381238 0.189852
vt 0.398739 0.200537
vt 0.328236 0.211863
vt 0.323365 0.211945
vt 0.313570 0.187902
vt 0.319631 0.190744
vt 0.404238 0.214981
vt 0.409699 0.215431
vt 0.309906 0.217547
vt 0.309209 0.215706
vt 0.322707 0.219070
vt 0.066463 0.012709
vt 0.058736 0.008205
vt 0.060896 0.004294
vt 0.068838 0.008751
vt 0.329998 0.123796
vt 0.332012 0.128277
vt 0.348326 0.124671
vt 0.345528 0.120477
vt 0.048114 0.006504
vt 0.058377 0.003776
vt 0.048691 0.010893
vt 0.295195 0.214396
vt 0.011990 0.020857
vt 0.010429 0.016799
vt 0.299351 0.192697
vt 0.297831 0.189374
vt 0.347906 0.184192
vt 0.349785 0.187466
vt 0.375242 0.242060
vt 0.376763 0.246215
vt 0.023356 0.062694
vt 0.040753 0.060199
vt 0.040871 0.064486
vt 0.022947 0.067057
vt 0.089490 0.020622
vt 0.086593 0.024316
vt 0.068391 0.047767
vt 0.042833 0.064145
vt 0.065417 0.044615
vt 0.007955 0.059235
vt 0.022067 0.066882
vt 0.006199 0.063318
vt 0.090425 0.026664
vt 0.086593 0.024316
vt 0.011990 0.020857
vt 0.007955 0.059235
vt 0.003550 0.059834
vt 0.007707 0.020295
vt 0.445864 0.108462
vt 0.485906 0.115100
vt 0.484573 0.112181
vt 0.446444 0.105859
vt 0.216684 0.220697
vt 0.291785 0.191920
vt 0.312201 0.191486
vt 0.320213 0.211129
vt 0.085158 0.244761
vt 0.072928 0.228302
vt 0.075952 0.225101
vt 0.089071 0.242756
vt 0.080689 0.279887
vt 0.078070 0.293876
vt 0.077095 0.293696
vt 0.079307 0.280439
vt 0.040677 0.256534
vt 0.061895 0.262186
vt 0.059890 0.263392
vt 0.040974 0.258336
vt 0.133879 0.221045
vt 0.159685 0.193142
vt 0.162412 0.195222
vt 0.376842 0.382539
vt 0.359721 0.353932
vt 0.362592 0.352302
vt 0.379724 0.380909
vt 0.397034 0.360598
vt 0.380535 0.330203
vt 0.383469 0.328705
vt 0.399987 0.358977
vt 0.543809 0.106664
vt 0.556146 0.112178
vt 0.554575 0.114959
vt 0.542436 0.109832
vt 0.529576 0.155259
vt 0.541631 0.159725
vt 0.540783 0.162994
vt 0.527946 0.158237
vt 0.137927 0.269841
vt 0.135673 0.269809
vt 0.084411 0.280251
vt 0.082425 0.294148
vt 0.133123 0.283879
vt 0.130235 0.297848
vt 0.128522 0.297401
vt 0.131208 0.283615
vt 0.515732 0.151608
vt 0.497620 0.130168
vt 0.499865 0.127568
vt 0.517977 0.149007
vt 0.083762 0.267336
vt 0.062423 0.263839
vt 0.055533 0.275694
vt 0.056663 0.276670
vt 0.572786 0.581162
vt 0.579123 0.569064
vt 0.580668 0.570110
vt 0.574447 0.582093
vt 0.382838 0.208873
vt 0.379445 0.227841
vt 0.377518 0.227496
vt 0.380911 0.208529
vt 0.054143 0.276143
vt 0.034243 0.270679
vt 0.028926 0.283277
vt 0.027175 0.282748
vt 0.033282 0.269567
vt 0.364079 0.223049
vt 0.377518 0.227496
vt 0.377005 0.229371
vt 0.363413 0.224887
vt 0.368570 0.202925
vt 0.356069 0.199097
vt 0.356400 0.197252
vt 0.369185 0.201141
vt 0.670207 0.206941
vt 0.674922 0.217768
vt 0.672806 0.218687
vt 0.668091 0.207861
vt 0.027175 0.282748
vt 0.026334 0.282271
vt 0.032066 0.270052
vt 0.682844 0.200528
vt 0.695739 0.196932
vt 0.696069 0.199150
vt 0.683463 0.202753
vt 0.399637 0.100949
vt 0.394665 0.097997
vt 0.531281 0.098730
vt 0.529323 0.102299
vt 0.515577 0.151731
vt 0.051186 0.289344
vt 0.052997 0.289678
vt 0.050249 0.289035
vt 0.351393 0.218744
vt 0.350563 0.220464
vt 0.380911 0.208529
vt 0.381803 0.206800
vt 0.038741 0.257923
vt 0.669375 0.204770
vt 0.670207 0.206941
vt 0.815009 0.570236
vt 0.179428 0.787855
vt 0.173872 0.791558
vt 0.183139 0.744983
vt 0.186865 0.750489
vt 0.179425 0.757924
vt 0.173883 0.754267
vt 0.208435 0.805888
vt 0.207101 0.799361
vt 0.647516 0.659833
vt 0.633238 0.663065
vt 0.618875 0.666093
vt 0.186823 0.795345
vt 0.183136 0.800848
vt 0.195268 0.805899
vt 0.196572 0.799329
vt 0.604621 0.667743
vt 0.198187 0.754492
vt 0.191417 0.757288
vt 0.186233 0.762464
vt 0.183422 0.769229
vt 0.183413 0.776555
vt 0.186220 0.783326
vt 0.191393 0.788515
vt 0.205515 0.754495
vt 0.212289 0.757299
vt 0.217468 0.762489
vt 0.220269 0.769259
vt 0.228325 0.767658
vt 0.220265 0.776587
vt 0.217457 0.783352
vt 0.212271 0.788530
vt 0.205496 0.791329
vt 0.198168 0.791321
vt 0.234803 0.766372
vt 0.146811 0.400785
vt 0.150100 0.403350
vt 0.145250 0.396820
vt 0.144854 0.390899
vt 0.201717 0.392978
vt 0.208142 0.390516
vt 0.213395 0.385755
vt 0.215252 0.379990
vt 0.225755 0.332192
vt 0.226139 0.328826
vt 0.222869 0.326747
vt 0.217556 0.326106
vt 0.153864 0.337862
vt 0.155801 0.333173
vt 0.159920 0.329621
vt 0.163789 0.328359
vt 0.753819 0.711839
vt 0.760714 0.718240
vt 0.757136 0.720093
vt 0.751960 0.715289
vt 0.554454 0.980730
vt 0.545340 0.985921
vt 0.538139 0.970087
vt 0.544889 0.966243
vt 0.535438 0.989379
vt 0.530806 0.972648
vt 0.522963 0.991781
vt 0.521568 0.974428
vt 0.507412 0.993107
vt 0.510051 0.975410
vt 0.575686 0.962057
vt 0.564465 0.972907
vt 0.552302 0.960449
vt 0.560612 0.952414
vt 0.766183 0.728423
vt 0.761242 0.727737
vt 0.726546 0.728422
vt 0.732016 0.718240
vt 0.735594 0.720093
vt 0.731488 0.727737
vt 0.738912 0.711839
vt 0.740770 0.715288
vt 0.746365 0.709656
vt 0.746365 0.713650
vt 0.574900 0.674846
vt 0.578414 0.679500
vt 0.572582 0.682974
vt 0.569839 0.679342
vt 0.580834 0.684805
vt 0.574471 0.687116
vt 0.582596 0.691645
vt 0.575847 0.692456
vt 0.583681 0.700253
vt 0.576695 0.699176
vt 0.562669 0.664987
vt 0.569724 0.670040
vt 0.565798 0.675590
vt 0.560290 0.671645
vt 0.917228 0.778364
vt 0.943844 0.778364
vt 0.943844 0.820023
vt 0.917228 0.820023
vt 0.942747 0.710269
vt 0.901088 0.710269
vt 0.901088 0.707342
vt 0.942747 0.707342
vt 0.917228 0.820023
vt 0.943844 0.820023
vt 0.943844 0.848237
vt 0.917228 0.848237
vt 0.918969 0.850590
vt 0.942103 0.850590
vt 0.922239 0.851711
vt 0.938833 0.851711
vt 0.927361 0.852307
vt 0.933711 0.852307
vt 0.901089 0.680837
vt 0.942747 0.680838
vt 0.942747 0.683764
vt 0.901089 0.683764
vt 0.901089 0.652623
vt 0.942747 0.652624
vt 0.917228 0.750149
vt 0.943844 0.750149
vt 0.943844 0.778364
vt 0.917228 0.778364
vt 0.918969 0.747797
vt 0.942103 0.747797
vt 0.922239 0.746676
vt 0.938833 0.746676
vt 0.927361 0.746079
vt 0.933711 0.746079
vt 0.740646 0.737698
vt 0.752083 0.737698
vt 0.753983 0.741692
vt 0.738747 0.741692
vt 0.942747 0.692378
vt 0.942747 0.698728
vt 0.901088 0.698728
vt 0.901088 0.692378
vt 0.901088 0.703885
vt 0.942747 0.703885
vt 0.942747 0.687221
vt 0.901089 0.687221
vt 0.563436 0.716996
vt 0.570407 0.711420
vt 0.575626 0.715936
vt 0.566695 0.723079
vt 0.477274 0.954858
vt 0.488111 0.965566
vt 0.477786 0.979813
vt 0.463152 0.965354
vt 0.942747 0.738483
vt 0.901089 0.738484
vt 0.494707 0.992997
vt 0.500642 0.975329
vt 0.759989 0.737698
vt 0.764514 0.741692
vt 0.495603 0.972967
vt 0.487901 0.989808
vt 0.768281 0.737594
vt 0.762817 0.734622
vt 0.269462 0.537744
vt 0.280736 0.543603
vt 0.262826 0.541275
vt 0.292184 0.554211
vt 0.259248 0.555038
vt 0.298206 0.565398
vt 0.254070 0.574949
vt 0.298527 0.575880
vt 0.293140 0.584879
vt 0.282432 0.591715
vt 0.250492 0.588712
vt 0.267266 0.595403
vt 0.254566 0.595028
vt 0.583955 0.952408
vt 0.566735 0.945269
vt 0.469783 0.947456
vt 0.453037 0.955360
vt 0.724447 0.737594
vt 0.729912 0.734622
vt 0.732740 0.737698
vt 0.728215 0.741692
vt 0.556501 0.661543
vt 0.555475 0.668956
vt 0.558617 0.720850
vt 0.560523 0.728016
vt 0.575226 0.707565
vt 0.581799 0.710998
vt 0.583774 0.707316
vt 0.576767 0.704690
vt 0.261001 0.876758
vt 0.261979 0.868981
vt 0.263209 0.874357
vt 0.258774 0.863014
vt 0.254829 0.876758
vt 0.254733 0.859263
vt 0.245901 0.876758
vt 0.250365 0.857984
vt 0.245997 0.859263
vt 0.241956 0.863014
vt 0.239729 0.876758
vt 0.238751 0.868981
vt 0.237521 0.874357
vt 0.500642 0.975329
vt 0.494707 0.992997
vt 0.449766 0.948593
vt 0.467361 0.942446
vt 0.556498 0.729134
vt 0.555475 0.721723
vt 0.576767 0.704690
vt 0.583774 0.707316
vt 0.397351 0.794424
vt 0.399351 0.793526
vt 0.398812 0.784336
vt 0.397090 0.785109
vt 0.369837 0.777354
vt 0.371814 0.778891
vt 0.375103 0.771735
vt 0.373400 0.770411
vt 0.421129 0.777317
vt 0.422864 0.776031
vt 0.419057 0.769273
vt 0.417563 0.770381
vt 0.401474 0.792183
vt 0.400641 0.783180
vt 0.368089 0.776047
vt 0.371895 0.769286
vt 0.387316 0.790679
vt 0.389492 0.792281
vt 0.390323 0.783264
vt 0.388450 0.781885
vt 0.391595 0.793606
vt 0.393573 0.794470
vt 0.393838 0.785149
vt 0.392134 0.784405
vt 0.373956 0.780542
vt 0.376947 0.773156
vt 0.366494 0.774983
vt 0.370522 0.768370
vt 0.395458 0.794754
vt 0.395460 0.785393
vt 0.403659 0.790581
vt 0.402521 0.781801
vt 0.424455 0.774982
vt 0.420427 0.768370
vt 0.417026 0.780475
vt 0.419164 0.778836
vt 0.415871 0.771688
vt 0.414031 0.773100
vt 0.072879 0.279253
vt 0.068091 0.292875
vt 0.066603 0.284651
vt 0.067670 0.272822
vt 0.069363 0.272053
vt 0.060330 0.290029
vt 0.065117 0.276417
vt 0.073349 0.276973
vt 0.067033 0.294946
vt 0.071001 0.272164
vt 0.065546 0.296486
vt 0.063855 0.297258
vt 0.073158 0.274825
vt 0.059863 0.292314
vt 0.062219 0.297145
vt 0.060885 0.296165
vt 0.066179 0.274355
vt 0.072333 0.273137
vt 0.060058 0.294469
vt 0.253342 0.728032
vt 0.275878 0.724620
vt 0.272248 0.743665
vt 0.251501 0.750900
vt 0.253719 0.724306
vt 0.276525 0.721538
vt 0.277143 0.706811
vt 0.254134 0.704815
vt 0.253718 0.701027
vt 0.276519 0.703794
vt 0.277592 0.709759
vt 0.254447 0.708704
vt 0.272247 0.681669
vt 0.275876 0.700713
vt 0.253341 0.697302
vt 0.251501 0.674434
vt 0.272118 0.752802
vt 0.273189 0.755509
vt 0.254132 0.765869
vt 0.252553 0.762233
vt 0.252553 0.663101
vt 0.254132 0.659465
vt 0.273188 0.669825
vt 0.272118 0.672532
vt 0.271671 0.749854
vt 0.251639 0.758440
vt 0.271767 0.746776
vt 0.251341 0.754641
vt 0.277760 0.712666
vt 0.254563 0.712666
vt 0.277601 0.715574
vt 0.254448 0.716629
vt 0.251639 0.666894
vt 0.271670 0.675480
vt 0.251341 0.670693
vt 0.271767 0.678558
vt 0.254134 0.720518
vt 0.277153 0.718522
vt 0.818829 0.806135
vt 0.821971 0.801305
vt 0.803045 0.848044
vt 0.798299 0.846152
vt 0.800530 0.841118
vt 0.804144 0.842589
vt 0.599195 0.788304
vt 0.601520 0.786563
vt 0.816557 0.843043
vt 0.812898 0.846387
vt 0.811629 0.841264
vt 0.814336 0.838696
vt 0.808152 0.848137
vt 0.808049 0.842634
vt 0.794596 0.842699
vt 0.792511 0.838187
vt 0.796259 0.835031
vt 0.797760 0.838462
vt 0.818602 0.838619
vt 0.815763 0.835318
vt 0.989323 0.585083
vt 0.983320 0.585068
vt 0.983365 0.567371
vt 0.989367 0.567386
vt 0.983410 0.549675
vt 0.989412 0.549690
vt 0.983455 0.531980
vt 0.989456 0.531995
vt 0.989277 0.602781
vt 0.983274 0.602766
vt 0.983498 0.514288
vt 0.989498 0.514301
vt 0.989232 0.620479
vt 0.983228 0.620464
vt 0.989631 0.355154
vt 0.983636 0.355155
vt 0.983630 0.337480
vt 0.989626 0.337478
vt 0.989634 0.372830
vt 0.983639 0.372831
vt 0.989635 0.390507
vt 0.983639 0.390506
vt 0.989631 0.408185
vt 0.983635 0.408183
vt 0.989623 0.425865
vt 0.983626 0.425861
vt 0.989611 0.443547
vt 0.983613 0.443542
vt 0.989593 0.461232
vt 0.983594 0.461224
vt 0.989568 0.478920
vt 0.983569 0.478910
vt 0.989537 0.496610
vt 0.983536 0.496598
vt 0.507243 0.879889
vt 0.505934 0.873297
vt 0.227153 0.811473
vt 0.223418 0.805894
vt 0.974943 0.581037
vt 0.955761 0.581038
vt 0.955760 0.565891
vt 0.974942 0.565890
vt 0.974939 0.520448
vt 0.955757 0.520449
vt 0.955756 0.505302
vt 0.974938 0.505301
vt 0.157334 0.782535
vt 0.163904 0.781232
vt 0.974942 0.384118
vt 0.955759 0.384117
vt 0.955760 0.368969
vt 0.974942 0.368970
vt 0.482558 0.939401
vt 0.476981 0.943138
vt 0.210774 0.729165
vt 0.209481 0.735748
vt 0.974941 0.550743
vt 0.955759 0.550743
vt 0.955758 0.535596
vt 0.974940 0.535595
vt 0.974940 0.414414
vt 0.955757 0.414412
vt 0.955758 0.399264
vt 0.974941 0.399266
vt 0.974943 0.353822
vt 0.955760 0.353822
vt 0.955761 0.338675
vt 0.974943 0.338675
vt 0.974938 0.444710
vt 0.955755 0.444709
vt 0.955756 0.429561
vt 0.974939 0.429562
vt 0.955755 0.490154
vt 0.974938 0.490153
vt 0.974937 0.459858
vt 0.955754 0.459858
vt 0.955754 0.475006
vt 0.974937 0.475005
vt 0.325539 0.928495
vt 0.331468 0.924550
vt 0.338282 0.940940
vt 0.331327 0.942343
vt 0.338394 0.958787
vt 0.331320 0.957380
vt 0.331486 0.975380
vt 0.325541 0.971345
vt 0.314843 0.917912
vt 0.318829 0.911970
vt 0.318759 0.987999
vt 0.314827 0.981998
vt 0.300863 0.912169
vt 0.302287 0.905130
vt 0.285712 0.912212
vt 0.284322 0.905130
vt 0.271736 0.917866
vt 0.267817 0.911939
vt 0.261054 0.928459
vt 0.255149 0.924432
vt 0.255273 0.942366
vt 0.248204 0.940951
vt 0.255234 0.957448
vt 0.248263 0.958843
vt 0.261043 0.971329
vt 0.255094 0.975279
vt 0.271735 0.981971
vt 0.267733 0.987910
vt 0.285706 0.987735
vt 0.284272 0.994762
vt 0.300836 0.987736
vt 0.302185 0.994784
vt 0.481513 0.679025
vt 0.485277 0.681516
vt 0.482621 0.687891
vt 0.478195 0.687027
vt 0.482606 0.694784
vt 0.478195 0.695675
vt 0.485231 0.701146
vt 0.481499 0.703636
vt 0.466030 0.907890
vt 0.460305 0.922040
vt 0.457200 0.920362
vt 0.462631 0.906937
vt 0.490101 0.706013
vt 0.487582 0.709743
vt 0.496473 0.708649
vt 0.495569 0.713068
vt 0.330825 0.887845
vt 0.332826 0.872683
vt 0.336259 0.873532
vt 0.334360 0.887917
vt 0.344727 0.930774
vt 0.336926 0.917623
vt 0.340148 0.916168
vt 0.347548 0.928644
vt 0.382173 0.955897
vt 0.367922 0.950392
vt 0.369553 0.947258
vt 0.383073 0.952481
vt 0.503383 0.708652
vt 0.504232 0.713084
vt 0.509775 0.706019
vt 0.512248 0.709790
vt 0.427104 0.952484
vt 0.412509 0.956966
vt 0.411853 0.953497
vt 0.425700 0.949245
vt 0.514679 0.701150
vt 0.518400 0.703688
vt 0.517346 0.694781
vt 0.521754 0.695699
vt 0.344531 0.779710
vt 0.350331 0.793625
vt 0.329370 0.797890
vt 0.326746 0.791680
vt 0.397283 0.958124
vt 0.397408 0.954595
vt 0.355232 0.941879
vt 0.357514 0.939180
vt 0.332214 0.903075
vt 0.335678 0.902366
vt 0.338120 0.858335
vt 0.341282 0.859920
vt 0.451603 0.934581
vt 0.448944 0.932260
vt 0.440352 0.944898
vt 0.438269 0.942048
vt 0.468494 0.892826
vt 0.464970 0.892646
vt 0.280321 0.779831
vt 0.290953 0.769159
vt 0.302966 0.786894
vt 0.298201 0.791637
vt 0.319957 0.763372
vt 0.333820 0.769074
vt 0.322046 0.786921
vt 0.315864 0.784341
vt 0.274557 0.808689
vt 0.274582 0.793718
vt 0.295568 0.797804
vt 0.295509 0.804518
vt 0.319924 0.839167
vt 0.304803 0.839132
vt 0.308965 0.818120
vt 0.315676 0.818067
vt 0.304923 0.763372
vt 0.309167 0.784343
vt 0.517367 0.687877
vt 0.521795 0.687029
vt 0.514732 0.681491
vt 0.518497 0.678980
vt 0.280248 0.822605
vt 0.298057 0.810719
vt 0.509848 0.676604
vt 0.512333 0.672841
vt 0.503463 0.673969
vt 0.504311 0.669544
vt 0.290899 0.833339
vt 0.302767 0.815498
vt 0.344646 0.822633
vt 0.333960 0.833363
vt 0.321910 0.815543
vt 0.326702 0.810817
vt 0.350378 0.808667
vt 0.329319 0.804617
vt 0.496554 0.673980
vt 0.495643 0.669566
vt 0.490169 0.676631
vt 0.487640 0.672894
vt 0.887399 0.581165
vt 0.887399 0.527946
vt 0.896793 0.527946
vt 0.896793 0.581165
vt 0.886825 0.524079
vt 0.897367 0.524279
vt 0.896793 0.527946
vt 0.887399 0.527946
vt 0.887399 0.581165
vt 0.896793 0.581165
vt 0.897367 0.584832
vt 0.886825 0.585031
vt 0.900308 0.526755
vt 0.900309 0.582356
vt 0.896793 0.581165
vt 0.896793 0.527946
vt 0.887399 0.527946
vt 0.887399 0.581165
vt 0.883676 0.582356
vt 0.883676 0.526755
vt 0.688988 0.835389
vt 0.686557 0.835873
vt 0.703936 0.820441
vt 0.698976 0.820441
vt 0.698492 0.818010
vt 0.704420 0.818010
vt 0.712026 0.839971
vt 0.713924 0.835389
vt 0.716355 0.835873
vt 0.714087 0.841349
vt 0.584614 0.881525
vt 0.587788 0.884999
vt 0.585470 0.887291
vt 0.582123 0.883628
vt 0.708518 0.843479
vt 0.709895 0.845540
vt 0.708518 0.822339
vt 0.709896 0.820278
vt 0.688988 0.830429
vt 0.686557 0.829945
vt 0.703936 0.845377
vt 0.704419 0.847808
vt 0.712026 0.825846
vt 0.714087 0.824469
vt 0.690886 0.825846
vt 0.688825 0.824469
vt 0.698976 0.845377
vt 0.698492 0.847808
vt 0.713924 0.830429
vt 0.716355 0.829945
vt 0.694394 0.822339
vt 0.693016 0.820278
vt 0.634743 0.902738
vt 0.639419 0.902232
vt 0.639896 0.905455
vt 0.634967 0.905988
vt 0.602888 0.896116
vt 0.607147 0.898117
vt 0.605878 0.901119
vt 0.601387 0.899010
vt 0.581720 0.877814
vt 0.579073 0.879716
vt 0.598798 0.893789
vt 0.597076 0.896557
vt 0.644042 0.901363
vt 0.644769 0.904539
vt 0.620676 0.902051
vt 0.625344 0.902647
vt 0.625058 0.905893
vt 0.620138 0.905266
vt 0.648582 0.900135
vt 0.649555 0.903244
vt 0.594902 0.891149
vt 0.592969 0.893774
vt 0.616069 0.901093
vt 0.615282 0.904257
vt 0.591224 0.888214
vt 0.589093 0.890679
vt 0.630042 0.902876
vt 0.630011 0.906134
vt 0.611550 0.899779
vt 0.610519 0.902872
vt 0.951902 0.619731
vt 0.963729 0.617379
vt 0.963729 0.622084
vt 0.941876 0.613032
vt 0.945203 0.609705
vt 0.945203 0.629758
vt 0.941876 0.626431
vt 0.961928 0.626431
vt 0.940076 0.617379
vt 0.940076 0.622084
vt 0.958601 0.629758
vt 0.954255 0.607905
vt 0.958601 0.609705
vt 0.954255 0.631558
vt 0.961928 0.613032
vt 0.949550 0.607905
vt 0.949550 0.631558
vt 0.627855 0.974300
vt 0.627855 0.978322
vt 0.637379 0.978321
vt 0.637379 0.974298
vt 0.578867 0.974301
vt 0.570657 0.974301
vt 0.570657 0.978324
vt 0.578867 0.978323
vt 0.625351 0.966092
vt 0.587076 0.966092
vt 0.587076 0.974301
vt 0.613147 0.974301
vt 0.670823 0.974294
vt 0.637379 0.974298
vt 0.637379 0.978321
vt 0.670824 0.978317
vt 0.613147 0.974301
vt 0.587076 0.974301
vt 0.587076 0.978323
vt 0.613147 0.978323
vt 0.625352 0.986532
vt 0.587076 0.986532
vt 0.587076 0.994742
vt 0.620522 0.994741
vt 0.627855 0.978322
vt 0.627855 0.974300
vt 0.587076 0.974301
vt 0.587076 0.978323
vt 0.620522 0.957882
vt 0.587076 0.957882
vt 0.613147 0.978323
vt 0.587076 0.978323
vt 0.753928 0.965179
vt 0.762137 0.965179
vt 0.762137 0.961156
vt 0.753928 0.961156
vt 0.670187 0.965203
vt 0.703626 0.965186
vt 0.703624 0.961163
vt 0.670185 0.961181
vt 0.715652 0.973389
vt 0.753928 0.973389
vt 0.753928 0.965179
vt 0.727857 0.965179
vt 0.727857 0.965179
vt 0.727856 0.961156
vt 0.713148 0.961160
vt 0.713149 0.965182
vt 0.715652 0.952947
vt 0.753928 0.952947
vt 0.753928 0.944738
vt 0.720481 0.944738
vt 0.770347 0.965179
vt 0.770347 0.961156
vt 0.753928 0.965179
vt 0.753928 0.961156
vt 0.713149 0.965182
vt 0.713148 0.961160
vt 0.703624 0.961163
vt 0.703626 0.965186
vt 0.720482 0.981598
vt 0.753928 0.981598
vt 0.727856 0.961156
vt 0.753928 0.961156
vt 0.834378 0.718499
vt 0.830451 0.717626
vt 0.832517 0.708328
vt 0.836444 0.709202
vt 0.823749 0.766320
vt 0.821968 0.774334
vt 0.818041 0.773461
vt 0.819822 0.765447
vt 0.841848 0.722725
vt 0.833543 0.760088
vt 0.825530 0.758307
vt 0.831187 0.732857
vt 0.843702 0.676552
vt 0.836444 0.709202
vt 0.832517 0.708328
vt 0.839775 0.675679
vt 0.831187 0.732857
vt 0.825530 0.758307
vt 0.821603 0.757434
vt 0.827260 0.731984
vt 0.821894 0.718289
vt 0.813589 0.755652
vt 0.805576 0.753871
vt 0.812833 0.721222
vt 0.830451 0.717626
vt 0.834378 0.718499
vt 0.825530 0.758307
vt 0.821603 0.757434
vt 0.848814 0.729220
vt 0.841556 0.761869
vt 0.827260 0.731984
vt 0.821603 0.757434
vt 0.819730 0.934251
vt 0.827939 0.934251
vt 0.827939 0.938274
vt 0.819730 0.938274
vt 0.735980 0.934251
vt 0.769426 0.934251
vt 0.769426 0.938274
vt 0.735980 0.938274
vt 0.781455 0.926042
vt 0.819730 0.926042
vt 0.819730 0.934251
vt 0.793659 0.934251
vt 0.793659 0.934251
vt 0.793659 0.938274
vt 0.778951 0.938274
vt 0.778951 0.934251
vt 0.781455 0.946483
vt 0.819730 0.946483
vt 0.819730 0.954692
vt 0.786284 0.954692
vt 0.836148 0.934251
vt 0.836148 0.938274
vt 0.819730 0.934251
vt 0.819730 0.938274
vt 0.778951 0.934251
vt 0.778951 0.938274
vt 0.769426 0.938274
vt 0.769426 0.934251
vt 0.786284 0.917833
vt 0.819730 0.917833
vt 0.793659 0.938274
vt 0.819730 0.938274
vt 0.887055 0.923940
vt 0.887055 0.927964
vt 0.896580 0.927964
vt 0.896580 0.923941
vt 0.838066 0.923940
vt 0.829857 0.923941
vt 0.829858 0.927964
vt 0.838066 0.927963
vt 0.884550 0.915730
vt 0.846275 0.915730
vt 0.846275 0.923939
vt 0.872346 0.923939
vt 0.930029 0.923944
vt 0.896580 0.923941
vt 0.896580 0.927964
vt 0.930029 0.927968
vt 0.872346 0.923939
vt 0.846275 0.923939
vt 0.846275 0.927962
vt 0.872346 0.927962
vt 0.884549 0.936171
vt 0.846275 0.936171
vt 0.846275 0.944380
vt 0.879720 0.944380
vt 0.887055 0.927964
vt 0.887055 0.923940
vt 0.846275 0.923939
vt 0.846275 0.927962
vt 0.879720 0.907521
vt 0.846275 0.907521
vt 0.872346 0.927962
vt 0.846275 0.927962
vt 0.884322 0.449530
vt 0.884404 0.457739
vt 0.880382 0.457779
vt 0.880299 0.449570
vt 0.883484 0.365786
vt 0.883818 0.399229
vt 0.879795 0.399270
vt 0.879461 0.365826
vt 0.892147 0.411174
vt 0.892531 0.449447
vt 0.884322 0.449530
vt 0.884060 0.423460
vt 0.884060 0.423460
vt 0.880038 0.423500
vt 0.879891 0.408793
vt 0.883913 0.408753
vt 0.871707 0.411379
vt 0.872091 0.449652
vt 0.863882 0.449735
vt 0.863546 0.416291
vt 0.884486 0.465947
vt 0.880464 0.465988
vt 0.884322 0.449530
vt 0.880299 0.449570
vt 0.883913 0.408753
vt 0.879891 0.408793
vt 0.879795 0.399270
vt 0.883818 0.399229
vt 0.900404 0.415921
vt 0.900740 0.449365
vt 0.880038 0.423500
vt 0.880299 0.449570
vt 0.189700 0.974966
vt 0.189700 0.978989
vt 0.180176 0.978990
vt 0.180175 0.974967
vt 0.238689 0.974965
vt 0.246898 0.974965
vt 0.246898 0.978988
vt 0.238689 0.978988
vt 0.192205 0.966756
vt 0.230480 0.966756
vt 0.230480 0.974965
vt 0.204409 0.974965
vt 0.146728 0.974969
vt 0.180175 0.974967
vt 0.180176 0.978990
vt 0.146729 0.978992
vt 0.204409 0.974965
vt 0.230480 0.974965
vt 0.230480 0.978988
vt 0.204409 0.978988
vt 0.192205 0.987198
vt 0.230480 0.987198
vt 0.230480 0.995406
vt 0.197035 0.995406
vt 0.189700 0.978989
vt 0.189700 0.974966
vt 0.230480 0.974965
vt 0.230480 0.978988
vt 0.197034 0.958547
vt 0.230480 0.958547
vt 0.204409 0.978988
vt 0.230480 0.978988
vt 0.669153 0.890063
vt 0.661088 0.888535
vt 0.661837 0.884582
vt 0.669902 0.886111
vt 0.751437 0.905654
vt 0.718577 0.899429
vt 0.719326 0.895477
vt 0.752186 0.901701
vt 0.705230 0.905257
vt 0.667624 0.898129
vt 0.669153 0.890063
vt 0.694769 0.894919
vt 0.694769 0.894919
vt 0.695518 0.890966
vt 0.709968 0.893704
vt 0.709220 0.897656
vt 0.709037 0.885174
vt 0.671431 0.878045
vt 0.672960 0.869980
vt 0.705821 0.876209
vt 0.653022 0.887006
vt 0.653771 0.883053
vt 0.669153 0.890063
vt 0.669902 0.886111
vt 0.709220 0.897656
vt 0.709968 0.893704
vt 0.719326 0.895477
vt 0.718577 0.899429
vt 0.698956 0.912423
vt 0.666096 0.906195
vt 0.695518 0.890966
vt 0.669902 0.886111
vt 0.484783 0.818191
vt 0.470892 0.823786
vt 0.470308 0.820845
vt 0.483003 0.815673
vt 0.472000 0.747841
vt 0.485169 0.753402
vt 0.483502 0.755819
vt 0.471375 0.750740
vt 0.458774 0.755388
vt 0.470305 0.755685
vt 0.469844 0.758017
vt 0.459431 0.758332
vt 0.492061 0.778779
vt 0.491537 0.791146
vt 0.488710 0.790691
vt 0.489101 0.779156
vt 0.447723 0.760333
vt 0.449347 0.762632
vt 0.478313 0.809175
vt 0.485447 0.801255
vt 0.487878 0.802599
vt 0.480068 0.811584
vt 0.468828 0.813512
vt 0.469323 0.815850
vt 0.434765 0.780067
vt 0.439294 0.768932
vt 0.441654 0.770432
vt 0.437510 0.780565
vt 0.426585 0.793588
vt 0.426585 0.778390
vt 0.429628 0.778996
vt 0.429619 0.793001
vt 0.439235 0.803091
vt 0.434756 0.792060
vt 0.437474 0.791493
vt 0.441515 0.801556
vt 0.442849 0.818175
vt 0.432317 0.807566
vt 0.434879 0.805883
vt 0.444548 0.815672
vt 0.495019 0.806803
vt 0.492359 0.805230
vt 0.456442 0.823817
vt 0.457036 0.820901
vt 0.443033 0.753323
vt 0.457203 0.747379
vt 0.457783 0.750396
vt 0.444805 0.755928
vt 0.495266 0.763794
vt 0.492859 0.765462
vt 0.480609 0.759875
vt 0.479150 0.762040
vt 0.432339 0.764292
vt 0.434923 0.765989
vt 0.458109 0.815994
vt 0.469323 0.815850
vt 0.470308 0.820845
vt 0.457036 0.820901
vt 0.480068 0.811584
vt 0.487878 0.802599
vt 0.492359 0.805230
vt 0.483003 0.815673
vt 0.439235 0.803091
vt 0.447465 0.811489
vt 0.444548 0.815672
vt 0.434879 0.805883
vt 0.499816 0.792606
vt 0.496807 0.792065
vt 0.491537 0.791146
vt 0.492061 0.778779
vt 0.497116 0.778121
vt 0.496807 0.792065
vt 0.458109 0.815994
vt 0.447465 0.811489
vt 0.448965 0.809234
vt 0.458611 0.813398
vt 0.488608 0.768083
vt 0.486466 0.770240
vt 0.500105 0.777678
vt 0.497116 0.778121
vt 0.488608 0.768083
vt 0.480609 0.759875
vt 0.483502 0.755819
vt 0.492859 0.765462
vt 0.447723 0.760333
vt 0.439294 0.768932
vt 0.434923 0.765989
vt 0.444805 0.755928
vt 0.434756 0.792060
vt 0.429619 0.793001
vt 0.495473 0.764058
vt 0.470305 0.755685
vt 0.458774 0.755388
vt 0.457783 0.750396
vt 0.471375 0.750740
vt 0.486552 0.770240
vt 0.434765 0.780067
vt 0.429628 0.778996
vt 0.028367 0.106724
vt 0.010365 0.123581
vt 0.010365 0.089868
vt 0.035256 0.136579
vt 0.028367 0.137650
vt 0.021478 0.076870
vt 0.028367 0.075799
vt 0.041097 0.133529
vt 0.015638 0.079920
vt 0.044999 0.084484
vt 0.046369 0.089868
vt 0.044999 0.128965
vt 0.011735 0.084484
vt 0.011735 0.128965
vt 0.041097 0.079920
vt 0.021478 0.136579
vt 0.015638 0.133529
vt 0.035256 0.076870
vt 0.046369 0.123581
vt 0.254651 0.302236
vt 0.313992 0.234645
vt 0.326291 0.240933
vt 0.178103 0.281975
vt 0.225154 0.258343
vt 0.298235 0.231741
vt 0.286122 0.233234
vt 0.264836 0.239816
vt 0.341859 0.257207
vt 0.368749 0.302236
vt 0.140552 0.302236
vt 0.756311 0.274118
vt 0.775923 0.273246
vt 0.781251 0.216789
vt 0.759745 0.222243
vt 0.562831 0.835837
vt 0.549945 0.802688
vt 0.454930 0.839620
vt 0.487368 0.865588
vt 0.477458 0.865667
vt 0.467489 0.861599
vt 0.460813 0.854754
vt 0.824415 0.199738
vt 0.894024 0.272007
vt 0.832290 0.274197
vt 0.696775 0.232243
vt 0.815899 0.273823
vt 0.888258 0.142474
vt 0.639688 0.282573
vt 0.533083 0.308324
vt 0.553845 0.301945
vt 0.533094 0.305200
vt 0.536826 0.303604
vt 0.544616 0.302382
vt 0.797848 0.210497
vt 0.634602 0.308675
vt 0.634617 0.304122
vt 0.790519 0.273152
vt 0.802329 0.273449
vt 0.811135 0.204224
vt 0.710803 0.214619
vt 0.711474 0.217641
vt 0.238487 0.841204
vt 0.240581 0.848893
vt 0.233862 0.851967
vt 0.229414 0.845354
vt 0.228483 0.857031
vt 0.222151 0.852192
vt 0.225010 0.863552
vt 0.217462 0.860998
vt 0.223811 0.870842
vt 0.215842 0.870842
vt 0.225010 0.878132
vt 0.217462 0.880686
vt 0.228483 0.884653
vt 0.222151 0.889491
vt 0.233862 0.889717
vt 0.229415 0.896329
vt 0.240581 0.892790
vt 0.238487 0.900479
vt 0.202727 0.537327
vt 0.196444 0.541213
vt 0.190350 0.529990
vt 0.195408 0.526862
vt 0.112985 0.804330
vt 0.070411 0.803692
vt 0.070495 0.793716
vt 0.113074 0.793801
vt 0.070450 0.783741
vt 0.113027 0.783272
vt 0.070276 0.773766
vt 0.112843 0.772744
vt 0.069971 0.763794
vt 0.112521 0.762219
vt 0.069538 0.753828
vt 0.112064 0.751700
vt 0.068974 0.743867
vt 0.111469 0.741187
vt 0.068282 0.733915
vt 0.110738 0.730683
vt 0.067460 0.723973
vt 0.109871 0.720190
vt 0.016214 0.310980
vt 0.017197 0.325948
vt 0.010418 0.326323
vt 0.009243 0.312103
vt 0.017625 0.354802
vt 0.017648 0.369090
vt 0.010958 0.369108
vt 0.010915 0.354847
vt 0.017512 0.397515
vt 0.017114 0.411668
vt 0.010621 0.411322
vt 0.010920 0.397427
vt 0.017524 0.340449
vt 0.122019 0.341662
vt 0.121793 0.355866
vt 0.425119 0.981707
vt 0.434865 0.973286
vt 0.437662 0.975736
vt 0.427182 0.984826
vt 0.122267 0.327428
vt 0.010796 0.340576
vt 0.358030 0.965191
vt 0.365935 0.975603
vt 0.363310 0.978276
vt 0.354802 0.967242
vt 0.017626 0.383329
vt 0.010971 0.383320
vt 0.374342 0.986616
vt 0.376148 0.983352
vt 0.121396 0.384190
vt 0.121229 0.398316
vt 0.445467 0.964181
vt 0.442182 0.962351
vt 0.388077 0.988057
vt 0.400842 0.989376
vt 0.400990 0.993108
vt 0.387216 0.991688
vt 0.121092 0.412428
vt 0.121585 0.370041
vt 0.015968 0.426170
vt 0.009412 0.424981
vt 0.414649 0.990764
vt 0.413500 0.987207
vt 0.122544 0.313161
vt 0.208533 0.532758
vt 0.200082 0.523184
vt 0.175552 0.548326
vt 0.168203 0.549081
vt 0.167616 0.536323
vt 0.173532 0.535715
vt 0.213787 0.527564
vt 0.204311 0.519003
vt 0.182769 0.546748
vt 0.179342 0.534445
vt 0.218423 0.521812
vt 0.208043 0.514372
vt 0.189763 0.544367
vt 0.184972 0.532529
vt 0.943607 0.873855
vt 0.952533 0.874319
vt 0.952052 0.884895
vt 0.943120 0.884547
vt 0.951708 0.895476
vt 0.942773 0.895244
vt 0.951502 0.906061
vt 0.942564 0.905945
vt 0.951433 0.916648
vt 0.942494 0.916648
vt 0.951502 0.927235
vt 0.942564 0.927351
vt 0.951709 0.937821
vt 0.942772 0.938053
vt 0.952053 0.948402
vt 0.943120 0.948751
vt 0.952534 0.958979
vt 0.943607 0.959443
vt 0.276115 0.933026
vt 0.271673 0.940863
vt 0.267327 0.939308
vt 0.272547 0.930097
vt 0.967657 0.921503
vt 0.967829 0.921496
vt 0.968166 0.931289
vt 0.968013 0.931293
vt 0.968105 0.947709
vt 0.968225 0.947711
vt 0.968016 0.954550
vt 0.967911 0.954546
vt 0.271673 0.958614
vt 0.276115 0.966451
vt 0.272547 0.969380
vt 0.267327 0.960170
vt 0.270133 0.949739
vt 0.265516 0.949739
vt 0.967024 0.910488
vt 0.967216 0.910475
vt 0.282938 0.927145
vt 0.280566 0.923184
vt 0.282938 0.972332
vt 0.291344 0.975570
vt 0.290446 0.980098
vt 0.280566 0.976293
vt 0.970997 0.954883
vt 0.970283 0.961116
vt 0.967790 0.960466
vt 0.968016 0.954550
vt 0.971561 0.947988
vt 0.968225 0.947711
vt 0.971124 0.884435
vt 0.972341 0.897925
vt 0.966265 0.898131
vt 0.965412 0.885965
vt 0.291344 0.923906
vt 0.290445 0.919378
vt 0.966051 0.898147
vt 0.966265 0.898131
vt 0.968284 0.939988
vt 0.968148 0.939988
vt 0.972606 0.910475
vt 0.972606 0.921594
vt 0.967829 0.921496
vt 0.967216 0.910475
vt 0.967790 0.960466
vt 0.967697 0.960480
vt 0.972404 0.931464
vt 0.972042 0.940222
vt 0.968284 0.939988
vt 0.968166 0.931289
vt 0.965197 0.885937
vt 0.965412 0.885965
vt 0.578365 0.419966
vt 0.608220 0.408337
vt 0.609995 0.412896
vt 0.580140 0.424524
vt 0.650013 0.392078
vt 0.651788 0.396641
vt 0.617698 0.409899
vt 0.615923 0.405338
vt 0.608220 0.408337
vt 0.578365 0.419966
vt 0.575828 0.413358
vt 0.609942 0.400257
vt 0.615923 0.405338
vt 0.617698 0.409899
vt 0.609995 0.412896
vt 0.608220 0.408337
vt 0.578365 0.419966
vt 0.580140 0.424524
vt 0.573545 0.427092
vt 0.571770 0.422535
vt 0.580140 0.424524
vt 0.609995 0.412896
vt 0.616729 0.417682
vt 0.582741 0.431107
vt 0.712899 0.193522
vt 0.743753 0.184864
vt 0.745077 0.189573
vt 0.714221 0.198232
vt 0.786879 0.172697
vt 0.788208 0.177405
vt 0.753032 0.187334
vt 0.751705 0.182625
vt 0.743753 0.184864
vt 0.712899 0.193522
vt 0.711019 0.186696
vt 0.746257 0.176990
vt 0.751705 0.182625
vt 0.753032 0.187334
vt 0.745077 0.189573
vt 0.743753 0.184864
vt 0.712899 0.193522
vt 0.714221 0.198232
vt 0.707404 0.200146
vt 0.706082 0.195435
vt 0.714221 0.198232
vt 0.745077 0.189573
vt 0.751312 0.194996
vt 0.716166 0.205040
vt 0.894165 0.322276
vt 0.893760 0.354316
vt 0.888868 0.354254
vt 0.889274 0.322214
vt 0.893163 0.399146
vt 0.888269 0.399080
vt 0.888760 0.362516
vt 0.893653 0.362581
vt 0.893760 0.354316
vt 0.894165 0.322276
vt 0.901243 0.322400
vt 0.900607 0.358941
vt 0.893653 0.362581
vt 0.888760 0.362516
vt 0.888868 0.354254
vt 0.893760 0.354316
vt 0.894165 0.322276
vt 0.889274 0.322214
vt 0.889363 0.315136
vt 0.894254 0.315198
vt 0.889274 0.322214
vt 0.888868 0.354254
vt 0.881907 0.358703
vt 0.882195 0.322159
vt 0.865714 0.546418
vt 0.865714 0.578462
vt 0.860822 0.578462
vt 0.860822 0.546418
vt 0.865697 0.623285
vt 0.860804 0.623283
vt 0.860820 0.586725
vt 0.865713 0.586727
vt 0.865714 0.578462
vt 0.865714 0.546418
vt 0.872793 0.546452
vt 0.872619 0.583000
vt 0.865713 0.586727
vt 0.860820 0.586725
vt 0.860822 0.578462
vt 0.865714 0.578462
vt 0.865714 0.546418
vt 0.860822 0.546418
vt 0.860822 0.539338
vt 0.865714 0.539338
vt 0.860822 0.546418
vt 0.860822 0.578462
vt 0.853917 0.583000
vt 0.853743 0.546452
vt 0.121032 0.426170
vt 0.364729 0.961692
vt 0.371202 0.970361
vt 0.367871 0.973663
vt 0.360515 0.963886
vt 0.379802 0.976874
vt 0.377498 0.980951
vt 0.411265 0.980094
vt 0.421046 0.975451
vt 0.423608 0.979391
vt 0.412669 0.984573
vt 0.389852 0.980828
vt 0.400604 0.981930
vt 0.400750 0.986618
vt 0.388731 0.985379
vt 0.429225 0.968334
vt 0.435187 0.959206
vt 0.439560 0.961158
vt 0.432774 0.971447
vt 0.880566 0.863656
vt 0.875473 0.875195
vt 0.871183 0.873059
vt 0.876098 0.861926
vt 0.889138 0.801722
vt 0.889742 0.814320
vt 0.884950 0.814328
vt 0.884368 0.802172
vt 0.869333 0.886212
vt 0.865260 0.883689
vt 0.889177 0.826921
vt 0.884405 0.826484
vt 0.862200 0.896615
vt 0.858378 0.893725
vt 0.887448 0.839414
vt 0.882737 0.838538
vt 0.884569 0.851695
vt 0.879960 0.850386
vt 0.164409 0.910189
vt 0.171886 0.921394
vt 0.169867 0.922229
vt 0.162863 0.911733
vt 0.153199 0.966468
vt 0.140000 0.969088
vt 0.140001 0.966905
vt 0.152365 0.964451
vt 0.174506 0.934604
vt 0.171874 0.947808
vt 0.169857 0.946972
vt 0.172322 0.934603
vt 0.153213 0.902695
vt 0.152375 0.904714
vt 0.164391 0.958996
vt 0.162848 0.957452
vt 0.140000 0.900054
vt 0.139998 0.902240
vt 0.032388 0.449470
vt 0.026714 0.451250
vt 0.025077 0.436096
vt 0.036950 0.445654
vt 0.011703 0.443407
vt 0.009923 0.437733
vt 0.039704 0.440383
vt 0.015519 0.447969
vt 0.040231 0.434459
vt 0.020790 0.450723
vt 0.214519 0.567231
vt 0.215109 0.555076
vt 0.245367 0.562636
vt 0.218626 0.578686
vt 0.226803 0.587698
vt 0.229317 0.535895
vt 0.240772 0.531788
vt 0.237807 0.592894
vt 0.220305 0.544073
vt 0.907897 0.768810
vt 0.907898 0.775767
vt 0.896596 0.775768
vt 0.896595 0.768810
vt 0.907898 0.782725
vt 0.907898 0.789683
vt 0.896597 0.789683
vt 0.896596 0.782725
vt 0.907899 0.803598
vt 0.907899 0.810555
vt 0.896597 0.810555
vt 0.896597 0.803598
vt 0.907896 0.852301
vt 0.907896 0.859258
vt 0.896594 0.859258
vt 0.896594 0.852300
vt 0.907897 0.845343
vt 0.896595 0.845342
vt 0.907899 0.796640
vt 0.896597 0.796640
vt 0.907897 0.761852
vt 0.896595 0.761853
vt 0.527211 0.910684
vt 0.522643 0.913321
vt 0.520005 0.903477
vt 0.633658 0.994627
vt 0.633658 0.990198
vt 0.512799 0.910684
vt 0.510161 0.906115
vt 0.529849 0.906115
vt 0.510161 0.900839
vt 0.527211 0.896271
vt 0.529849 0.900839
vt 0.512799 0.896271
vt 0.517367 0.913321
vt 0.517367 0.893633
vt 0.522643 0.893633
vt 0.523025 0.937106
vt 0.519901 0.942347
vt 0.514525 0.945421
vt 0.508341 0.945507
vt 0.514573 0.923020
vt 0.508369 0.923108
vt 0.499921 0.931425
vt 0.503008 0.926184
vt 0.907898 0.824471
vt 0.896596 0.824470
vt 0.907898 0.817513
vt 0.896597 0.817513
vt 0.907896 0.747937
vt 0.907896 0.754895
vt 0.896594 0.754895
vt 0.896594 0.747938
vt 0.183306 0.253253
vt 0.180183 0.237551
vt 0.186429 0.237551
vt 0.196618 0.244359
vt 0.199008 0.250130
vt 0.180183 0.268956
vt 0.174411 0.266566
vt 0.174411 0.239942
vt 0.199008 0.256377
vt 0.192201 0.266566
vt 0.186429 0.268956
vt 0.169994 0.262148
vt 0.167604 0.250130
vt 0.169994 0.244359
vt 0.192201 0.239942
vt 0.167604 0.256377
vt 0.196618 0.262148
vt 0.954852 0.650982
vt 0.958098 0.651007
vt 0.957939 0.670769
vt 0.954726 0.670561
vt 0.971247 0.670637
vt 0.970911 0.650905
vt 0.973970 0.650852
vt 0.974309 0.670460
vt 0.968669 0.650943
vt 0.968975 0.670824
vt 0.965660 0.671044
vt 0.965471 0.650993
vt 0.963315 0.651011
vt 0.963402 0.671083
vt 0.960221 0.670940
vt 0.960306 0.651019
vt 0.952503 0.670512
vt 0.952610 0.650969
vt 0.954409 0.684463
vt 0.952167 0.684670
vt 0.974468 0.684601
vt 0.971470 0.684904
vt 0.974621 0.693530
vt 0.974741 0.702574
vt 0.971733 0.702824
vt 0.971630 0.693812
vt 0.954288 0.693416
vt 0.954235 0.702486
vt 0.951943 0.702640
vt 0.952026 0.693600
vt 0.969528 0.702904
vt 0.969424 0.693873
vt 0.969253 0.684950
vt 0.960186 0.684275
vt 0.957792 0.684272
vt 0.957728 0.693262
vt 0.957716 0.702399
vt 0.960148 0.693280
vt 0.960143 0.702447
vt 0.974786 0.711441
vt 0.974672 0.720485
vt 0.971637 0.720640
vt 0.971768 0.711640
vt 0.954245 0.711372
vt 0.954481 0.720401
vt 0.952161 0.720527
vt 0.951943 0.711507
vt 0.969456 0.720722
vt 0.969580 0.711732
vt 0.957771 0.711321
vt 0.957855 0.720337
vt 0.960170 0.711402
vt 0.960223 0.720411
vt 0.974559 0.729517
vt 0.974310 0.738863
vt 0.971251 0.738945
vt 0.971521 0.729630
vt 0.952634 0.738834
vt 0.952296 0.729525
vt 0.954632 0.729388
vt 0.954964 0.738584
vt 0.969149 0.738861
vt 0.969390 0.729681
vt 0.957982 0.729230
vt 0.958206 0.738155
vt 0.960288 0.729253
vt 0.960402 0.738047
vt 0.955174 0.747288
vt 0.958342 0.747022
vt 0.958778 0.755559
vt 0.955798 0.755452
vt 0.960714 0.755697
vt 0.960489 0.746989
vt 0.953536 0.755478
vt 0.952871 0.747489
vt 0.971039 0.747558
vt 0.974081 0.747538
vt 0.973640 0.755609
vt 0.970537 0.755611
vt 0.968432 0.755720
vt 0.968982 0.747528
vt 0.970308 0.796896
vt 0.973309 0.796864
vt 0.973314 0.805059
vt 0.970373 0.805106
vt 0.970559 0.822628
vt 0.973451 0.822609
vt 0.973430 0.863096
vt 0.970541 0.863095
vt 0.968438 0.863094
vt 0.968457 0.822676
vt 0.968193 0.796908
vt 0.968272 0.805180
vt 0.955625 0.805087
vt 0.953511 0.805028
vt 0.953593 0.796792
vt 0.955737 0.796780
vt 0.955242 0.863075
vt 0.953135 0.863070
vt 0.953247 0.822572
vt 0.955358 0.822622
vt 0.970418 0.780370
vt 0.973476 0.780333
vt 0.973380 0.788720
vt 0.970348 0.788745
vt 0.968228 0.788750
vt 0.968290 0.780377
vt 0.955720 0.788595
vt 0.953553 0.788631
vt 0.953485 0.780233
vt 0.955679 0.780186
vt 0.968349 0.763768
vt 0.968376 0.772132
vt 0.965344 0.772120
vt 0.965371 0.763797
vt 0.965280 0.788752
vt 0.965316 0.780369
vt 0.970495 0.772106
vt 0.970463 0.763702
vt 0.963360 0.780322
vt 0.963344 0.788717
vt 0.963379 0.763772
vt 0.963375 0.772070
vt 0.965333 0.805308
vt 0.965262 0.796926
vt 0.963338 0.796903
vt 0.963372 0.805345
vt 0.965386 0.863094
vt 0.965427 0.822756
vt 0.963386 0.822790
vt 0.963325 0.863092
vt 0.973528 0.763626
vt 0.973552 0.772035
vt 0.955637 0.771880
vt 0.953425 0.771908
vt 0.953560 0.763470
vt 0.955790 0.763469
vt 0.965432 0.755821
vt 0.965819 0.747283
vt 0.963590 0.747118
vt 0.963428 0.755841
vt 0.966047 0.729548
vt 0.965907 0.738451
vt 0.963596 0.738198
vt 0.963626 0.729419
vt 0.966069 0.711710
vt 0.966086 0.720688
vt 0.963617 0.720596
vt 0.963592 0.711608
vt 0.958766 0.763539
vt 0.958686 0.771899
vt 0.958664 0.780193
vt 0.958674 0.788608
vt 0.960652 0.771956
vt 0.960700 0.763637
vt 0.960638 0.788638
vt 0.960634 0.780229
vt 0.958672 0.796806
vt 0.958572 0.805228
vt 0.960639 0.796838
vt 0.960592 0.805304
vt 0.963558 0.693523
vt 0.963580 0.702675
vt 0.965994 0.693728
vt 0.966056 0.702832
vt 0.965896 0.684763
vt 0.963538 0.684528
vt 0.960405 0.863089
vt 0.960492 0.822773
vt 0.958289 0.863084
vt 0.958391 0.822720
vt 0.969096 0.864614
vt 0.970541 0.863095
vt 0.971993 0.866135
vt 0.973860 0.644414
vt 0.975418 0.645998
vt 0.972395 0.647659
vt 0.973970 0.650852
vt 0.970911 0.650905
vt 0.975473 0.649217
vt 0.970801 0.644466
vt 0.969353 0.649321
vt 0.974874 0.864616
vt 0.974873 0.867656
vt 0.969165 0.867654
vt 0.970539 0.869174
vt 0.973428 0.869175
vt 0.969372 0.646101
vt 0.973430 0.863096
vt 0.252927 0.532378
vt 0.861409 0.129025
vt 0.864162 0.132986
vt 0.776674 0.160614
vt 0.772540 0.152173
vt 0.892403 0.120806
vt 0.894470 0.122665
vt 0.019872 0.265080
vt 0.015502 0.278714
vt 0.007420 0.277542
vt 0.012321 0.261926
vt 0.368942 0.553197
vt 0.382895 0.550884
vt 0.385379 0.576900
vt 0.371987 0.577363
vt 0.017756 0.169133
vt 0.034038 0.170043
vt 0.029064 0.173219
vt 0.014434 0.172610
vt 0.384006 0.601404
vt 0.371873 0.599401
vt 0.071874 0.181315
vt 0.034750 0.191429
vt 0.067968 0.161134
vt 0.384294 0.161929
vt 0.451895 0.151801
vt 0.420338 0.166954
vt 0.849607 0.118159
vt 0.858425 0.124639
vt 0.768438 0.143745
vt 0.757149 0.130702
vt 0.886724 0.115055
vt 0.890610 0.119067
vt 0.065028 0.131894
vt 0.071833 0.115050
vt 0.081366 0.113088
vt 0.072484 0.134219
vt 0.021175 0.156454
vt 0.035896 0.158929
vt 0.093162 0.152155
vt 0.098580 0.170158
vt 0.277045 0.041587
vt 0.378980 0.056821
vt 0.380405 0.014462
vt 0.277985 0.011360
vt 0.072484 0.134219
vt 0.095066 0.128230
vt 0.081366 0.113088
vt 0.099158 0.108534
vt 0.450969 0.176501
vt 0.439035 0.178494
vt 0.101880 0.173290
vt 0.451792 0.196436
vt 0.453615 0.123055
vt 0.472609 0.126647
vt 0.553070 0.210261
vt 0.556749 0.225027
vt 0.417648 0.262145
vt 0.415523 0.248624
vt 0.543566 0.172036
vt 0.549388 0.195484
vt 0.413397 0.235104
vt 0.673926 0.191789
vt 0.669504 0.179646
vt 0.665083 0.167503
vt 0.654791 0.148596
vt 0.031517 0.462525
vt 0.031970 0.458637
vt 0.126593 0.436414
vt 0.122993 0.444712
vt 0.112672 0.464640
vt 0.027696 0.472071
vt 0.029514 0.467831
vt 0.117306 0.455875
vt 0.856498 0.107207
vt 0.869929 0.102141
vt 0.865946 0.008929
vt 0.852174 0.010160
vt 0.883828 0.094696
vt 0.897700 0.086567
vt 0.889996 0.006640
vt 0.880461 0.007412
vt 0.662512 0.568491
vt 0.633889 0.580948
vt 0.648365 0.557914
vt 0.674248 0.545553
vt 0.619696 0.525091
vt 0.633334 0.529821
vt 0.614811 0.561284
vt 0.598360 0.557532
vt 0.662860 0.529519
vt 0.684942 0.521151
vt 0.843038 0.431380
vt 0.852157 0.444072
vt 0.789019 0.489239
vt 0.780247 0.476827
vt 0.717118 0.537127
vt 0.716514 0.520011
vt 0.715090 0.502485
vt 0.770873 0.463891
vt 0.833375 0.418075
vt 0.014216 0.466558
vt 0.013076 0.463941
vt 0.020087 0.472572
vt 0.017009 0.469588
vt 0.984478 0.823178
vt 0.984478 0.888968
vt 0.982577 0.888968
vt 0.982577 0.823178
vt 0.538833 0.270244
vt 0.586419 0.290532
vt 0.587164 0.288783
vt 0.539579 0.268496
vt 0.639492 0.214813
vt 0.666194 0.226197
vt 0.666940 0.224449
vt 0.640237 0.213065
vt 0.537761 0.240614
vt 0.625936 0.278206
vt 0.666194 0.226197
vt 0.639492 0.214813
vt 0.991521 0.088764
vt 0.991521 0.108814
vt 0.907513 0.108814
vt 0.907513 0.088765
vt 0.991521 0.269208
vt 0.991521 0.289258
vt 0.907514 0.289258
vt 0.907514 0.269208
vt 0.991521 0.128863
vt 0.991521 0.148912
vt 0.907513 0.148913
vt 0.907513 0.128863
vt 0.991521 0.309307
vt 0.991521 0.329356
vt 0.907514 0.329356
vt 0.907514 0.309307
vt 0.991521 0.168962
vt 0.991521 0.189011
vt 0.907514 0.189011
vt 0.907514 0.168962
vt 0.991520 0.028616
vt 0.991520 0.048666
vt 0.907513 0.048666
vt 0.907513 0.028617
vt 0.991521 0.209060
vt 0.991521 0.229110
vt 0.907514 0.229110
vt 0.907514 0.209061
vt 0.991520 0.008567
vt 0.907513 0.008568
vt 0.991520 0.068715
vt 0.907513 0.068715
vt 0.991521 0.249159
vt 0.907514 0.249159
vt 0.355873 0.829367
vt 0.341696 0.843544
vt 0.340034 0.841057
vt 0.353386 0.827705
vt 0.262751 0.790794
vt 0.270423 0.772271
vt 0.272910 0.773932
vt 0.265684 0.791377
vt 0.363545 0.790794
vt 0.363545 0.810843
vt 0.360612 0.810260
vt 0.360612 0.791377
vt 0.270423 0.829366
vt 0.262751 0.810843
vt 0.265684 0.810260
vt 0.272910 0.827705
vt 0.341696 0.758094
vt 0.355873 0.772271
vt 0.353386 0.773932
vt 0.340034 0.760580
vt 0.303123 0.851216
vt 0.284600 0.843543
vt 0.286262 0.841057
vt 0.303707 0.848283
vt 0.303123 0.750421
vt 0.323172 0.750421
vt 0.322589 0.753354
vt 0.303707 0.753354
vt 0.323172 0.851216
vt 0.322589 0.848283
vt 0.284600 0.758094
vt 0.286261 0.760580
vt 0.813774 0.782389
vt 0.801602 0.784828
vt 0.800855 0.781234
vt 0.814279 0.778605
vt 0.824877 0.787933
vt 0.826555 0.784661
vt 0.329446 0.567028
vt 0.327226 0.578882
vt 0.311100 0.575586
vt 0.311637 0.562768
vt 0.324618 0.590657
vt 0.306564 0.587589
vt 0.317105 0.387395
vt 0.328980 0.380889
vt 0.331353 0.385713
vt 0.318431 0.393162
vt 0.284724 0.311083
vt 0.294289 0.309296
vt 0.294028 0.315080
vt 0.284555 0.316438
vt 0.396885 0.708550
vt 0.361335 0.687711
vt 0.345491 0.666118
vt 0.362913 0.661623
vt 0.424485 0.724558
vt 0.377558 0.657710
vt 0.442779 0.734788
vt 0.389111 0.653973
vt 0.451382 0.736921
vt 0.398109 0.649619
vt 0.331123 0.669856
vt 0.240055 0.513079
vt 0.226950 0.517302
vt 0.220567 0.505951
vt 0.232683 0.500591
vt 0.210751 0.596214
vt 0.221164 0.605243
vt 0.209477 0.613852
vt 0.200421 0.604164
vt 0.493795 0.478178
vt 0.502876 0.479492
vt 0.420752 0.540031
vt 0.414037 0.532659
vt 0.473045 0.480577
vt 0.404741 0.524893
vt 0.441586 0.485064
vt 0.392650 0.515810
vt 0.786322 0.766966
vt 0.782865 0.777424
vt 0.778860 0.778674
vt 0.782682 0.767280
vt 0.851821 0.766566
vt 0.852789 0.735621
vt 0.855991 0.733385
vt 0.854929 0.767402
vt 0.774701 0.874443
vt 0.768627 0.855343
vt 0.773346 0.847259
vt 0.778804 0.864577
vt 0.852687 0.699201
vt 0.855871 0.693382
vt 0.809888 0.892196
vt 0.796489 0.893587
vt 0.798617 0.881991
vt 0.810810 0.880726
vt 0.801351 0.721831
vt 0.817715 0.685286
vt 0.818264 0.691900
vt 0.803369 0.725184
vt 0.845059 0.846009
vt 0.836085 0.867715
vt 0.834556 0.858485
vt 0.842614 0.838819
vt 0.788380 0.753403
vt 0.791550 0.753942
vt 0.767969 0.831789
vt 0.769607 0.811872
vt 0.774564 0.808021
vt 0.772876 0.825880
vt 0.831263 0.657414
vt 0.841341 0.639707
vt 0.839748 0.650755
vt 0.830589 0.666566
vt 0.784457 0.887529
vt 0.787667 0.876475
vt 0.823651 0.883422
vt 0.823308 0.872747
vt 0.851701 0.671055
vt 0.849630 0.652956
vt 0.852377 0.642255
vt 0.854772 0.662470
vt 0.850512 0.827129
vt 0.847318 0.821853
vt 0.845876 0.645945
vt 0.848135 0.634318
vt 0.565457 0.843116
vt 0.553540 0.852993
vt 0.564141 0.858066
vt 0.574134 0.850849
vt 0.195546 0.487360
vt 0.212017 0.487739
vt 0.213375 0.492134
vt 0.198435 0.496751
vt 0.214733 0.496529
vt 0.201347 0.506134
vt 0.218485 0.490548
vt 0.667259 0.925943
vt 0.698406 0.925425
vt 0.693995 0.916995
vt 0.665003 0.917233
vt 0.548084 0.864409
vt 0.559370 0.866781
vt 0.768994 0.903452
vt 0.772836 0.908359
vt 0.786083 0.910804
vt 0.781845 0.903508
vt 0.548481 0.877057
vt 0.555472 0.890870
vt 0.566641 0.887273
vt 0.560205 0.876664
vt 0.621923 0.835293
vt 0.604269 0.834170
vt 0.608454 0.844207
vt 0.625644 0.844842
vt 0.275326 0.515792
vt 0.266008 0.519676
vt 0.253763 0.514172
vt 0.269770 0.506204
vt 0.779719 0.916075
vt 0.786083 0.910804
vt 0.772836 0.908359
vt 0.767636 0.911667
vt 0.733163 0.884648
vt 0.755866 0.895535
vt 0.767778 0.892340
vt 0.742979 0.879784
vt 0.248100 0.496133
vt 0.568798 0.904003
vt 0.587178 0.915857
vt 0.595473 0.908523
vt 0.578445 0.897968
vt 0.582989 0.836734
vt 0.589072 0.846141
vt 0.314032 0.537177
vt 0.306989 0.551061
vt 0.293404 0.541252
vt 0.299655 0.533960
vt 0.331632 0.553775
vt 0.675170 0.860966
vt 0.702536 0.871603
vt 0.709762 0.865302
vt 0.680394 0.853281
vt 0.734654 0.924193
vt 0.727283 0.916035
vt 0.267313 0.491869
vt 0.651626 0.916227
vt 0.641729 0.916216
vt 0.639804 0.925307
vt 0.653243 0.925194
vt 0.334185 0.538363
vt 0.762516 0.921603
vt 0.752508 0.914224
vt 0.603938 0.922663
vt 0.611655 0.915447
vt 0.259158 0.380998
vt 0.271632 0.387514
vt 0.270948 0.393220
vt 0.257506 0.385962
vt 0.273735 0.315825
vt 0.273949 0.320602
vt 0.283302 0.391482
vt 0.283183 0.397700
vt 0.854508 0.785552
vt 0.854010 0.793004
vt 0.850708 0.790305
vt 0.851278 0.783239
vt 0.851746 0.774216
vt 0.854901 0.775779
vt 0.333409 0.630317
vt 0.324526 0.644187
vt 0.313559 0.636181
vt 0.317731 0.618887
vt 0.336734 0.655612
vt 0.350620 0.646641
vt 0.323372 0.665206
vt 0.319324 0.661801
vt 0.309256 0.655555
vt 0.319098 0.663273
vt 0.785259 0.761457
vt 0.788624 0.761354
vt 0.786566 0.765664
vt 0.786322 0.766966
vt 0.782682 0.767280
vt 0.782827 0.765828
vt 0.662446 0.848099
vt 0.654151 0.846132
vt 0.653300 0.855624
vt 0.659794 0.857295
vt 0.668277 0.859269
vt 0.672538 0.851210
vt 0.659088 0.926383
vt 0.657198 0.917271
vt 0.652626 0.916943
vt 0.651626 0.916227
vt 0.653243 0.925194
vt 0.654225 0.926103
vt 0.358150 0.498981
vt 0.366105 0.511658
vt 0.350384 0.517534
vt 0.348393 0.500848
vt 0.786566 0.765664
vt 0.782827 0.765828
vt 0.652626 0.916943
vt 0.654225 0.926103
vt 0.314658 0.490479
vt 0.291388 0.497910
vt 0.289970 0.487685
vt 0.309380 0.488330
vt 0.322772 0.496776
vt 0.301475 0.513520
vt 0.294887 0.505733
vt 0.318460 0.493211
vt 0.851493 0.821301
vt 0.847750 0.816818
vt 0.853573 0.810919
vt 0.852508 0.816505
vt 0.848398 0.812625
vt 0.849312 0.807514
vt 0.286052 0.526044
vt 0.280888 0.530935
vt 0.247654 0.609347
vt 0.254711 0.616579
vt 0.245834 0.623229
vt 0.234218 0.609613
vt 0.833336 0.827642
vt 0.834181 0.810529
vt 0.836651 0.809327
vt 0.835725 0.828044
vt 0.265773 0.604817
vt 0.268608 0.611347
vt 0.262488 0.639345
vt 0.257171 0.648205
vt 0.237948 0.635466
vt 0.277898 0.628925
vt 0.268778 0.633513
vt 0.281004 0.655316
vt 0.275300 0.655225
vt 0.290373 0.651808
vt 0.285576 0.654291
vt 0.777500 0.794198
vt 0.776866 0.799065
vt 0.771661 0.801065
vt 0.772141 0.795629
vt 0.770809 0.805967
vt 0.775947 0.803128
vt 0.626026 0.915005
vt 0.621247 0.915914
vt 0.613464 0.922847
vt 0.618439 0.921484
vt 0.609147 0.923193
vt 0.616876 0.916062
vt 0.626716 0.837031
vt 0.630461 0.846431
vt 0.634805 0.841796
vt 0.630368 0.839174
vt 0.634050 0.848321
vt 0.637545 0.851154
vt 0.221927 0.624004
vt 0.327780 0.499809
vt 0.312615 0.518076
vt 0.850039 0.802215
vt 0.854038 0.805274
vt 0.853863 0.800074
vt 0.850341 0.797085
vt 0.297694 0.596534
vt 0.298729 0.612072
vt 0.284235 0.609395
vt 0.281343 0.600231
vt 0.289937 0.629095
vt 0.300268 0.631174
vt 0.296761 0.651864
vt 0.302226 0.652950
vt 0.780746 0.783753
vt 0.776451 0.785246
vt 0.779210 0.788515
vt 0.774539 0.789989
vt 0.635737 0.915691
vt 0.631621 0.924056
vt 0.631250 0.915295
vt 0.625549 0.922930
vt 0.642545 0.852904
vt 0.640146 0.844005
vt 0.645961 0.844888
vt 0.647131 0.854120
vt 0.333232 0.500946
vt 0.322932 0.520203
vt 0.321430 0.603707
vt 0.470142 0.523098
vt 0.548415 0.572854
vt 0.536996 0.587201
vt 0.455291 0.539027
vt 0.138915 0.370126
vt 0.142965 0.349978
vt 0.139059 0.349177
vt 0.134381 0.371364
vt 0.551833 0.639480
vt 0.559375 0.616760
vt 0.580544 0.619790
vt 0.576714 0.645191
vt 0.227162 0.362277
vt 0.231860 0.343844
vt 0.227839 0.346014
vt 0.223538 0.362122
vt 0.628735 0.594727
vt 0.611894 0.597601
vt 0.619160 0.585009
vt 0.663323 0.607287
vt 0.672708 0.634943
vt 0.630460 0.645216
vt 0.626723 0.617467
vt 0.659932 0.583290
vt 0.720845 0.550212
vt 0.731553 0.573115
vt 0.746091 0.599142
vt 0.875578 0.477264
vt 0.893029 0.502293
vt 0.828187 0.547294
vt 0.811425 0.522106
vt 0.796778 0.500509
vt 0.860298 0.455501
vt 0.182039 0.406302
vt 0.164744 0.410168
vt 0.161952 0.415403
vt 0.181553 0.411112
vt 0.179666 0.319724
vt 0.196143 0.318231
vt 0.197832 0.313776
vt 0.179223 0.315435
vt 0.508940 0.155506
vt 0.489738 0.168310
vt 0.498248 0.144618
vt 0.527239 0.166478
vt 0.036754 0.632742
vt 0.121562 0.682247
vt 0.121558 0.707946
vt 0.036740 0.720801
vt 0.211073 0.632765
vt 0.211072 0.720813
vt 0.126266 0.707946
vt 0.126267 0.682249
vt 0.121562 0.793781
vt 0.121558 0.707946
vt 0.126266 0.707946
vt 0.126271 0.793781
vt 0.845713 0.979988
vt 0.845711 0.984694
vt 0.839838 0.984691
vt 0.839840 0.979985
vt 0.126267 0.682249
vt 0.126266 0.707946
vt 0.121558 0.707946
vt 0.121562 0.682247
vt 0.331223 0.140176
vt 0.308306 0.169475
vt 0.264376 0.171355
vt 0.293636 0.142063
vt 0.262960 0.142156
vt 0.228704 0.171161
vt 0.187509 0.167700
vt 0.227230 0.139559
vt 0.342811 0.594323
vt 0.343642 0.611803
vt 0.337135 0.613673
vt 0.336314 0.594666
vt 0.369902 0.645408
vt 0.337135 0.613673
vt 0.343642 0.611803
vt 0.375224 0.641697
vt 0.354707 0.557412
vt 0.347896 0.556493
vt 0.368942 0.553197
vt 0.354707 0.557412
vt 0.351467 0.551191
vt 0.366846 0.546838
vt 0.342811 0.594323
vt 0.359627 0.580371
vt 0.359781 0.600381
vt 0.343642 0.611803
vt 0.354707 0.557412
vt 0.359781 0.600381
vt 0.371873 0.599401
vt 0.384006 0.601404
vt 0.375224 0.641697
vt 0.343642 0.611803
vt 0.157239 0.923510
vt 0.157239 0.943830
vt 0.145743 0.958377
vt 0.145743 0.908963
vt 0.858402 0.327582
vt 0.862607 0.327586
vt 0.862548 0.384818
vt 0.858329 0.398339
vt 0.848008 0.410264
vt 0.833375 0.418075
vt 0.833469 0.327556
vt 0.848093 0.327571
vt 0.681953 0.380288
vt 0.682009 0.327399
vt 0.865141 0.327589
vt 0.865109 0.358213
vt 0.428054 0.367224
vt 0.410579 0.353204
vt 0.542008 0.327243
vt 0.400265 0.335511
vt 0.526222 0.396949
vt 0.471457 0.382784
vt 0.400619 0.320117
vt 0.687996 0.432650
vt 0.650106 0.531529
vt 0.599419 0.511245
vt 0.558758 0.474560
vt 0.681953 0.380288
vt 0.668764 0.767829
vt 0.607639 0.753342
vt 0.605113 0.739909
vt 0.660291 0.722777
vt 0.552714 0.789674
vt 0.544232 0.744606
vt 0.601886 0.740516
vt 0.604414 0.753950
vt 0.594401 0.683120
vt 0.605113 0.739909
vt 0.601886 0.740516
vt 0.591174 0.683728
vt 0.954487 0.979098
vt 0.954486 0.982381
vt 0.938801 0.982380
vt 0.938801 0.979097
vt 0.604414 0.753950
vt 0.601886 0.740516
vt 0.605113 0.739909
vt 0.607639 0.753342
vt 0.153070 0.157853
vt 0.172683 0.166154
vt 0.154151 0.165430
vt 0.198237 0.133153
vt 0.125759 0.157124
vt 0.182704 0.124805
vt 0.984895 0.629001
vt 0.984902 0.733958
vt 0.983001 0.733958
vt 0.982994 0.629001
vt 0.984463 0.781039
vt 0.984469 0.796271
vt 0.982570 0.796272
vt 0.982564 0.781040
vt 0.984475 0.811340
vt 0.982575 0.811341
vt 0.982574 0.805952
vt 0.984473 0.805952
vt 0.539579 0.268496
vt 0.587164 0.288783
vt 0.602401 0.288416
vt 0.529294 0.257247
vt 0.617225 0.285895
vt 0.524751 0.246469
vt 0.524995 0.250210
vt 0.612024 0.287314
vt 0.984477 0.817104
vt 0.982577 0.817104
vt 0.528365 0.242997
vt 0.622217 0.283010
vt 0.984898 0.760655
vt 0.984894 0.775893
vt 0.982994 0.775893
vt 0.982998 0.760655
vt 0.984900 0.752411
vt 0.983000 0.752410
vt 0.983000 0.748662
vt 0.984901 0.748663
vt 0.984902 0.743651
vt 0.983001 0.743651
vt 0.261657 0.063154
vt 0.264323 0.050692
vt 0.211007 0.043275
vt 0.209156 0.055973
vt 0.271373 0.102621
vt 0.261771 0.076182
vt 0.210068 0.069172
vt 0.222803 0.096338
vt 0.360513 0.136929
vt 0.331555 0.167772
vt 0.302009 0.069484
vt 0.305331 0.057212
vt 0.308792 0.108065
vt 0.301500 0.082352
vt 0.367587 0.163967
vt 0.421583 0.128119
vt 0.387006 0.133247
vt 0.348001 0.166136
vt 0.327063 0.110775
vt 0.330240 0.086977
vt 0.331318 0.074307
vt 0.651712 0.112729
vt 0.651897 0.014325
vt 0.617094 0.014519
vt 0.617148 0.111423
vt 0.344534 0.113665
vt 0.364843 0.092813
vt 0.368027 0.080703
vt 0.173782 0.113300
vt 0.118948 0.141193
vt 0.117926 0.119833
vt 0.166629 0.098958
vt 0.117650 0.101961
vt 0.155514 0.086939
vt 0.136907 0.166060
vt 0.454647 0.308113
vt 0.451616 0.295710
vt 0.479426 0.293718
vt 0.481422 0.307829
vt 0.101880 0.173290
vt 0.448731 0.282185
vt 0.477650 0.276376
vt 0.423826 0.286275
vt 0.423929 0.296372
vt 0.108537 0.229398
vt 0.118680 0.217903
vt 0.116108 0.218786
vt 0.106969 0.229265
vt 0.017745 0.193869
vt 0.001708 0.197289
vt 0.001058 0.194384
vt 0.014657 0.191163
vt 0.029540 0.189170
vt 0.106969 0.229265
vt 0.116108 0.218786
vt 0.114503 0.218759
vt 0.105061 0.227260
vt 0.094502 0.212283
vt 0.083021 0.220314
vt 0.084125 0.221731
vt 0.094379 0.213756
vt 0.106372 0.208305
vt 0.107557 0.206362
vt 0.095865 0.216043
vt 0.085701 0.223762
vt 0.095467 0.235806
vt 0.105061 0.227260
vt 0.105662 0.209875
vt 0.114503 0.218759
vt 0.116108 0.218786
vt 0.106372 0.208305
vt 0.094379 0.213756
vt 0.084125 0.221731
vt 0.085701 0.223762
vt 0.095865 0.216043
vt 0.210154 0.420960
vt 0.205500 0.431577
vt 0.257994 0.424115
vt 0.263444 0.412257
vt 0.304224 0.406564
vt 0.298018 0.419120
vt 0.200403 0.445282
vt 0.292883 0.434870
vt 0.253021 0.439097
vt 0.197215 0.455973
vt 0.290755 0.446947
vt 0.250548 0.450680
vt 0.430355 0.431586
vt 0.386698 0.429952
vt 0.390838 0.413036
vt 0.433922 0.414447
vt 0.330160 0.431652
vt 0.335143 0.415326
vt 0.360934 0.413574
vt 0.356280 0.430228
vt 0.341900 0.402305
vt 0.368011 0.400429
vt 0.430631 0.444322
vt 0.386484 0.442841
vt 0.355366 0.442946
vt 0.328602 0.444128
vt 0.398020 0.399851
vt 0.026987 0.250963
vt 0.019279 0.246022
vt 0.001875 0.165820
vt 0.000943 0.168979
vt 0.007330 0.151985
vt 0.382895 0.550884
vt 0.382001 0.544253
vt 0.335210 0.062239
vt 0.371212 0.068578
vt 0.098161 0.238894
vt 0.097165 0.237761
vt 0.097165 0.237761
vt 0.095467 0.235806
vt 0.105662 0.209875
vt 0.114503 0.218759
vt 0.106372 0.208305
vt 0.105662 0.209875
vt 0.103633 0.526044
vt 0.060493 0.503786
vt 0.063886 0.501871
vt 0.041949 0.513043
vt 0.056121 0.505590
vt 0.098726 0.492672
vt 0.106246 0.492223
vt 0.179457 0.520001
vt 0.062355 0.573688
vt 0.043513 0.575165
vt 0.015325 0.535006
vt 0.026047 0.523256
vt 0.169649 0.488259
vt 0.119000 0.556556
vt 0.111887 0.560834
vt 0.096184 0.567996
vt 0.091071 0.569420
vt 0.106146 0.563712
vt 0.100507 0.566334
vt 0.067405 0.499083
vt 0.027868 0.572287
vt 0.016606 0.566056
vt 0.135618 0.490253
vt 0.086583 0.569325
vt 0.082722 0.569852
vt 0.082864 0.494517
vt 0.093079 0.492590
vt 0.150234 0.537551
vt 0.094318 0.492616
vt 0.072339 0.497127
vt 0.076787 0.495837
vt 0.124871 0.552496
vt 0.078149 0.571058
vt 0.010562 0.557359
vt 0.010119 0.546778
vt 0.103633 0.526044
vt 0.093079 0.492590
vt 0.094318 0.492616
vt 0.340701 0.501273
vt 0.343594 0.519303
vt 0.335758 0.529295
vt 0.337502 0.524829
vt 0.251589 0.334005
vt 0.249119 0.331144
vt 0.252846 0.328054
vt 0.254786 0.331425
vt 0.340173 0.521420
vt 0.244529 0.373820
vt 0.247720 0.370570
vt 0.249499 0.373647
vt 0.246800 0.377533
vt 0.400920 0.491085
vt 0.385174 0.510317
vt 0.380747 0.508249
vt 0.372336 0.508330
vt 0.366279 0.496368
vt 0.376362 0.507585
vt 0.442229 0.554066
vt 0.514239 0.623163
vt 0.433708 0.565872
vt 0.505736 0.593112
vt 0.522840 0.608724
vt 0.595841 0.619298
vt 0.601404 0.618035
vt 0.609206 0.622515
vt 0.138614 0.390592
vt 0.133377 0.394283
vt 0.135447 0.409928
vt 0.142407 0.405239
vt 0.139266 0.398382
vt 0.133387 0.402902
vt 0.532148 0.608023
vt 0.539513 0.610068
vt 0.524156 0.598346
vt 0.529875 0.601198
vt 0.533288 0.606178
vt 0.152579 0.409118
vt 0.148157 0.414311
vt 0.530451 0.596952
vt 0.225088 0.382291
vt 0.221466 0.380005
vt 0.210005 0.396201
vt 0.212163 0.400418
vt 0.219550 0.394938
vt 0.216984 0.391459
vt 0.561935 0.555299
vt 0.505642 0.495597
vt 0.567053 0.532735
vt 0.568105 0.550275
vt 0.203860 0.403490
vt 0.202198 0.399284
vt 0.219888 0.314570
vt 0.215949 0.319394
vt 0.637870 0.557276
vt 0.629652 0.566668
vt 0.629109 0.562764
vt 0.226987 0.322152
vt 0.231240 0.316874
vt 0.226631 0.314597
vt 0.222584 0.320232
vt 0.626096 0.561355
vt 0.237496 0.330278
vt 0.232211 0.334110
vt 0.147956 0.336534
vt 0.144289 0.334438
vt 0.159454 0.323517
vt 0.157361 0.318826
vt 0.150615 0.322062
vt 0.153235 0.326415
vt 0.606811 0.646716
vt 0.608846 0.610097
vt 0.606371 0.614554
vt 0.163310 0.317738
vt 0.165207 0.322118
vt 0.139235 0.413321
vt 0.145718 0.409314
vt 0.219772 0.386554
vt 0.223149 0.389367
vt 0.237762 0.326256
vt 0.232785 0.330209
vt 0.149959 0.331616
vt 0.146546 0.329132
vt 0.582693 0.549323
vt 0.576041 0.548008
vt 0.627569 0.571574
vt 0.361238 0.876929
vt 0.361064 0.892573
vt 0.353926 0.894015
vt 0.354065 0.875485
vt 0.367492 0.862648
vt 0.361425 0.858457
vt 0.364988 0.877702
vt 0.370629 0.864799
vt 0.374172 0.867203
vt 0.369225 0.878581
vt 0.369066 0.891010
vt 0.364818 0.891834
vt 0.366931 0.907046
vt 0.360917 0.911107
vt 0.373698 0.902535
vt 0.370102 0.904924
vt 0.380611 0.854891
vt 0.382996 0.858518
vt 0.378533 0.851688
vt 0.374685 0.845705
vt 0.377884 0.918124
vt 0.373895 0.924165
vt 0.379996 0.914953
vt 0.382399 0.911371
vt 0.393716 0.849769
vt 0.394512 0.853984
vt 0.393008 0.846051
vt 0.391644 0.839028
vt 0.407717 0.849965
vt 0.406849 0.854164
vt 0.408471 0.846254
vt 0.409869 0.839210
vt 0.420608 0.855486
vt 0.418179 0.859038
vt 0.422725 0.852333
vt 0.426717 0.846325
vt 0.430444 0.865502
vt 0.426844 0.867848
vt 0.433609 0.863400
vt 0.439615 0.859379
vt 0.420318 0.881417
vt 0.417364 0.874023
vt 0.423514 0.870018
vt 0.427517 0.880071
vt 0.435631 0.878551
vt 0.431404 0.879342
vt 0.439354 0.877822
vt 0.446396 0.876424
vt 0.420236 0.889374
vt 0.427425 0.890885
vt 0.435525 0.892583
vt 0.431317 0.891701
vt 0.439252 0.893333
vt 0.446368 0.894755
vt 0.429995 0.905464
vt 0.426440 0.903059
vt 0.433139 0.907578
vt 0.439117 0.911568
vt 0.419990 0.915272
vt 0.417618 0.911694
vt 0.422093 0.918425
vt 0.426111 0.924393
vt 0.406992 0.920532
vt 0.406164 0.916315
vt 0.407735 0.924254
vt 0.409175 0.931318
vt 0.392951 0.920429
vt 0.393799 0.916210
vt 0.392214 0.924159
vt 0.390843 0.931251
vt 0.377441 0.869441
vt 0.373124 0.879405
vt 0.372986 0.890270
vt 0.377034 0.900351
vt 0.385174 0.861859
vt 0.384635 0.908088
vt 0.395233 0.857880
vt 0.406031 0.858036
vt 0.415946 0.862298
vt 0.423166 0.900826
vt 0.415445 0.908383
vt 0.405419 0.912421
vt 0.394601 0.912322
vt 0.450038 0.918834
vt 0.433508 0.935330
vt 0.412394 0.826279
vt 0.434020 0.835255
vt 0.340780 0.896715
vt 0.340777 0.872861
vt 0.411846 0.944293
vt 0.450703 0.851890
vt 0.350139 0.850565
vt 0.388345 0.944293
vt 0.459843 0.873918
vt 0.367775 0.834738
vt 0.366583 0.935290
vt 0.459006 0.897484
vt 0.389134 0.826202
vt 0.349869 0.918608
vt 0.023375 0.845061
vt 0.034352 0.833219
vt 0.159125 0.833262
vt 0.159111 0.873499
vt 0.023369 0.861607
vt 0.034338 0.873456
vt 0.003629 0.843167
vt 0.023375 0.845061
vt 0.023369 0.861607
vt 0.003622 0.863487
vt 0.015024 0.958377
vt 0.003528 0.943830
vt 0.003528 0.923510
vt 0.015024 0.908963
vt 0.189833 0.863551
vt 0.170088 0.861657
vt 0.170094 0.845111
vt 0.189841 0.843232
vt 0.031358 0.893424
vt 0.034338 0.873456
vt 0.159111 0.873499
vt 0.162077 0.893469
vt 0.170094 0.845111
vt 0.170088 0.861657
vt 0.159125 0.833262
vt 0.172954 0.818553
vt 0.185306 0.832381
vt 0.020533 0.818501
vt 0.034352 0.833219
vt 0.008171 0.832320
vt 0.034338 0.873456
vt 0.020509 0.888165
vt 0.008158 0.874337
vt 0.172930 0.888217
vt 0.159111 0.873499
vt 0.185291 0.874399
vt 0.162105 0.813294
vt 0.159125 0.833262
vt 0.034352 0.833219
vt 0.031385 0.813250
vt 0.890378 0.883825
vt 0.890378 0.878816
vt 0.905510 0.878816
vt 0.905510 0.883825
vt 0.427672 0.658212
vt 0.436146 0.658212
vt 0.436146 0.671926
vt 0.429559 0.671926
vt 0.399719 0.612002
vt 0.432073 0.637990
vt 0.426766 0.644597
vt 0.394412 0.618608
vt 0.929619 0.886889
vt 0.923032 0.886889
vt 0.923032 0.873174
vt 0.931506 0.873174
vt 0.928277 0.897992
vt 0.923032 0.897992
vt 0.923032 0.893162
vt 0.928801 0.893162
vt 0.430377 0.678200
vt 0.436146 0.678200
vt 0.436146 0.683029
vt 0.430902 0.683029
vt 0.928042 0.902084
vt 0.923033 0.902085
vt 0.436146 0.687122
vt 0.431137 0.687122
vt 0.295689 0.935022
vt 0.301592 0.932746
vt 0.301850 0.949796
vt 0.290728 0.960579
vt 0.289253 0.956754
vt 0.315090 0.929669
vt 0.313062 0.971118
vt 0.299929 0.966739
vt 0.289993 0.941640
vt 0.294277 0.963897
vt 0.291834 0.937979
vt 0.794045 0.979971
vt 0.839840 0.979985
vt 0.839838 0.984691
vt 0.794044 0.984677
vt 0.794045 0.979971
vt 0.794044 0.984677
vt 0.788171 0.984676
vt 0.788172 0.979969
vt 0.009562 0.651524
vt 0.009555 0.697323
vt 0.003682 0.697321
vt 0.003689 0.651523
vt 0.244130 0.651549
vt 0.244130 0.697342
vt 0.238258 0.697342
vt 0.238258 0.651549
vt 0.607639 0.753342
vt 0.619275 0.815070
vt 0.616049 0.815678
vt 0.604414 0.753950
vt 0.687033 0.752856
vt 0.681471 0.765349
vt 0.673599 0.723491
vt 0.683319 0.733110
vt 0.889337 0.979100
vt 0.903016 0.979098
vt 0.903017 0.982381
vt 0.889338 0.982383
vt 0.954487 0.979098
vt 0.968163 0.979100
vt 0.968163 0.982383
vt 0.954486 0.982381
vt 0.530243 0.782362
vt 0.526526 0.762608
vt 0.532088 0.750109
vt 0.539969 0.791983
vt 0.918704 0.979096
vt 0.918705 0.982380
vt 0.903017 0.982381
vt 0.903016 0.979098
vt 0.698733 0.730211
vt 0.702447 0.749957
vt 0.514823 0.785264
vt 0.511105 0.765510
vt 0.918704 0.979096
vt 0.938801 0.979097
vt 0.938801 0.982380
vt 0.918705 0.982380
vt 0.673591 0.768973
vt 0.664648 0.721424
vt 0.677255 0.768258
vt 0.668486 0.721630
vt 0.620193 0.819945
vt 0.616968 0.820553
vt 0.884215 0.982384
vt 0.884214 0.979100
vt 0.593554 0.678635
vt 0.590328 0.679244
vt 0.973605 0.979101
vt 0.973605 0.982384
vt 0.548631 0.792495
vt 0.539679 0.744929
vt 0.536177 0.746517
vt 0.544955 0.793161
vt 0.620885 0.823614
vt 0.617660 0.824222
vt 0.589614 0.675466
vt 0.592841 0.674857
vt 0.121562 0.682247
vt 0.121614 0.584086
vt 0.126319 0.584089
vt 0.126267 0.682249
vt 0.022115 0.632223
vt 0.022102 0.716628
vt 0.765149 0.979963
vt 0.788172 0.979969
vt 0.788171 0.984676
vt 0.765147 0.984670
vt 0.845713 0.979988
vt 0.868736 0.979999
vt 0.868734 0.984705
vt 0.845711 0.984694
vt 0.225710 0.716643
vt 0.225710 0.632249
vt 0.030948 0.629353
vt 0.030933 0.721681
vt 0.026499 0.629195
vt 0.026484 0.720412
vt 0.121618 0.577366
vt 0.126322 0.577368
vt 0.759820 0.984668
vt 0.759821 0.979962
vt 0.121562 0.799658
vt 0.126271 0.799658
vt 0.874526 0.980002
vt 0.874524 0.984708
vt 0.216879 0.629378
vt 0.216878 0.721694
vt 0.221327 0.720426
vt 0.221328 0.629221
vt 0.121620 0.572915
vt 0.126325 0.572918
vt 0.126271 0.804287
vt 0.121562 0.804287
vt 0.452984 0.475426
vt 0.440873 0.474979
vt 0.441780 0.450374
vt 0.453440 0.463036
vt 0.329502 0.473489
vt 0.292080 0.474989
vt 0.290755 0.446947
vt 0.328602 0.444128
vt 0.112767 0.482436
vt 0.027181 0.480334
vt 0.027696 0.472071
vt 0.112672 0.464640
vt 0.251846 0.477052
vt 0.250548 0.450680
vt 0.198181 0.479506
vt 0.197215 0.455973
vt 0.385976 0.473165
vt 0.355655 0.472983
vt 0.355366 0.442946
vt 0.386484 0.442841
vt 0.429517 0.474561
vt 0.430631 0.444322
vt 0.020087 0.472572
vt 0.019546 0.479760
vt 0.440752 0.401200
vt 0.460896 0.475717
vt 0.430631 0.444322
vt 0.429517 0.474561
vt 0.015616 0.479464
vt 0.020087 0.472572
vt 0.019546 0.479760
vt 0.012557 0.476421
vt 0.016074 0.474186
vt 0.011685 0.479169
vt 0.585087 0.110161
vt 0.584795 0.014684
vt 0.894470 0.112206
vt 0.894470 0.122665
vt 0.892403 0.120806
vt 0.890610 0.119067
vt 0.508488 0.017312
vt 0.493275 0.017491
vt 0.491182 0.067517
vt 0.506404 0.075305
vt 0.155514 0.086939
vt 0.117650 0.101961
vt 0.100189 0.027013
vt 0.099158 0.108534
vt 0.566860 0.104361
vt 0.565309 0.015000
vt 0.539348 0.016118
vt 0.538236 0.092521
vt 0.886724 0.115055
vt 0.805770 0.012193
vt 0.770326 0.012973
vt 0.774911 0.115303
vt 0.810363 0.114894
vt 0.148639 0.015833
vt 0.186219 0.024001
vt 0.186903 0.008651
vt 0.149256 0.007796
vt 0.739979 0.013457
vt 0.744554 0.115144
vt 0.839529 0.111326
vt 0.835026 0.011152
vt 0.081366 0.113088
vt 0.707314 0.114558
vt 0.702752 0.013910
vt 0.678515 0.014163
vt 0.678164 0.113679
vt 0.100189 0.027013
vt 0.055941 0.075107
vt 0.526605 0.016723
vt 0.524946 0.085384
vt 0.696234 0.934718
vt 0.704439 0.932143
vt 0.708011 0.942572
vt 0.699261 0.945318
vt 0.602903 0.934090
vt 0.611201 0.936348
vt 0.608582 0.947057
vt 0.599734 0.944650
vt 0.645225 0.941011
vt 0.653825 0.941069
vt 0.654036 0.952092
vt 0.644866 0.952031
vt 0.687907 0.936864
vt 0.690381 0.947607
vt 0.594733 0.931406
vt 0.591021 0.941787
vt 0.636640 0.940508
vt 0.635710 0.951494
vt 0.679480 0.938576
vt 0.681395 0.949433
vt 0.586712 0.928302
vt 0.582469 0.938477
vt 0.628092 0.939561
vt 0.626595 0.950484
vt 0.670975 0.939850
vt 0.672326 0.950792
vt 0.578864 0.924788
vt 0.574099 0.934729
vt 0.619605 0.938173
vt 0.617544 0.949004
vt 0.662416 0.940682
vt 0.663198 0.951679
vt 0.571208 0.920872
vt 0.565935 0.930554
vt 0.720507 0.786314
vt 0.714069 0.802375
vt 0.709039 0.784634
vt 0.707494 0.801144
vt 0.672593 0.827751
vt 0.670495 0.834465
vt 0.626511 0.825578
vt 0.632655 0.814680
vt 0.723419 0.855676
vt 0.726538 0.849371
vt 0.764448 0.867501
vt 0.761365 0.879625
vt 0.314105 0.320260
vt 0.326004 0.326507
vt 0.326101 0.343264
vt 0.327204 0.364356
vt 0.328980 0.380889
vt 0.317105 0.387395
vt 0.271632 0.387514
vt 0.259158 0.380998
vt 0.261703 0.327086
vt 0.273949 0.320602
vt 0.283302 0.391482
vt 0.284555 0.316438
vt 0.294028 0.315080
vt 0.303498 0.316271
vt 0.248735 0.346302
vt 0.247906 0.361309
vt 0.727935 0.843110
vt 0.761940 0.855260
vt 0.728155 0.836543
vt 0.758279 0.843600
vt 0.687467 0.810993
vt 0.680284 0.817357
vt 0.653623 0.801655
vt 0.668683 0.793477
vt 0.675907 0.822258
vt 0.642923 0.807560
vt 0.697875 0.786840
vt 0.701060 0.802512
vt 0.695375 0.805354
vt 0.682463 0.789010
vt 0.279999 0.120818
vt 0.233910 0.115218
vt 0.232209 0.119722
vt 0.279730 0.125458
vt 0.165697 0.050071
vt 0.167115 0.037226
vt 0.162134 0.036088
vt 0.160565 0.050338
vt 0.359424 0.120044
vt 0.399339 0.101418
vt 0.356095 0.115995
vt 0.424413 0.304678
vt 0.454647 0.308113
vt 0.455267 0.310362
vt 0.421610 0.306537
vt 0.481422 0.307829
vt 0.485071 0.310074
vt 0.478589 0.261084
vt 0.446889 0.271153
vt 0.446602 0.269189
vt 0.479635 0.258520
vt 0.515793 0.301335
vt 0.521314 0.303315
vt 0.196766 0.111186
vt 0.193857 0.115553
vt 0.313720 0.125145
vt 0.314531 0.129931
vt 0.315062 0.129779
vt 0.416679 0.077892
vt 0.434529 0.080977
vt 0.434095 0.078174
vt 0.415380 0.074938
vt 0.416607 0.101993
vt 0.418581 0.099698
vt 0.487770 0.112030
vt 0.470657 0.085367
vt 0.468283 0.086800
vt 0.484573 0.112181
vt 0.413579 0.077059
vt 0.415577 0.099967
vt 0.418581 0.099698
vt 0.416679 0.077892
vt 0.468283 0.086800
vt 0.469516 0.084313
vt 0.059396 0.247768
vt 0.077996 0.254361
vt 0.077204 0.258706
vt 0.057321 0.251616
vt 0.088839 0.247187
vt 0.081157 0.257486
vt 0.077996 0.254361
vt 0.085158 0.244761
vt 0.049920 0.248281
vt 0.052478 0.244705
vt 0.070561 0.224649
vt 0.072928 0.228302
vt 0.063149 0.237171
vt 0.060219 0.233935
vt 0.049039 0.241880
vt 0.052478 0.244705
vt 0.020584 0.266220
vt 0.017034 0.278964
vt 0.015502 0.278714
vt 0.019872 0.265080
vt 0.514183 0.290336
vt 0.521514 0.302258
vt 0.515793 0.301335
vt 0.508471 0.290682
vt 0.479928 0.258670
vt 0.498832 0.274269
vt 0.493263 0.275086
vt 0.396316 0.292942
vt 0.390350 0.293540
vt 0.378590 0.285921
vt 0.410576 0.299761
vt 0.406197 0.301086
vt 0.379724 0.380909
vt 0.411338 0.386799
vt 0.410716 0.390052
vt 0.379102 0.384162
vt 0.345676 0.314967
vt 0.381622 0.327092
vt 0.380535 0.330203
vt 0.344589 0.318078
vt 0.196969 0.196358
vt 0.199324 0.194431
vt 0.341719 0.319713
vt 0.344589 0.318078
vt 0.411338 0.386799
vt 0.414178 0.385129
vt 0.502516 0.086325
vt 0.499865 0.127568
vt 0.496185 0.127342
vt 0.498835 0.086100
vt 0.504822 0.083602
vt 0.502516 0.086325
vt 0.567773 0.594607
vt 0.588160 0.601764
vt 0.587533 0.603555
vt 0.567145 0.596398
vt 0.597310 0.591412
vt 0.589673 0.602883
vt 0.588160 0.601764
vt 0.595701 0.590544
vt 0.026865 0.253209
vt 0.026987 0.250963
vt 0.688093 0.214924
vt 0.700412 0.210840
vt 0.701380 0.212848
vt 0.688749 0.217087
vt 0.566077 0.593801
vt 0.567773 0.594607
vt 0.603221 0.579445
vt 0.601508 0.578825
vt 0.674922 0.217768
vt 0.675282 0.220069
vt 0.252485 0.376416
vt 0.249499 0.373647
vt 0.247199 0.367332
vt 0.247720 0.370570
vt 0.254786 0.331425
vt 0.251589 0.334005
vt 0.249523 0.336956
vt 0.248649 0.340169
vt 0.373592 0.261699
vt 0.367573 0.273760
vt 0.363975 0.270996
vt 0.370371 0.258607
vt 0.055231 0.225145
vt 0.048646 0.220002
vt 0.418240 0.212901
vt 0.379614 0.249639
vt 0.376763 0.246215
vt 0.409699 0.215431
vt 0.075078 0.204284
vt 0.080833 0.209928
vt 0.398739 0.200537
vt 0.406696 0.194432
vt 0.107508 0.190175
vt 0.111840 0.196852
vt 0.388032 0.183064
vt 0.381238 0.189852
vt 0.347906 0.184192
vt 0.352884 0.176881
vt 0.801988 0.868255
vt 0.790319 0.863163
vt 0.792004 0.859820
vt 0.802532 0.864495
vt 0.260474 0.323109
vt 0.261703 0.327086
vt 0.314840 0.315325
vt 0.327837 0.322475
vt 0.326004 0.326507
vt 0.314105 0.320260
vt 0.305567 0.391425
vt 0.306355 0.397707
vt 0.303879 0.310810
vt 0.303498 0.316271
vt 0.294453 0.392677
vt 0.294781 0.399265
vt 0.814642 0.866688
vt 0.813952 0.862994
vt 0.328980 0.380889
vt 0.327204 0.364356
vt 0.331102 0.366099
vt 0.333076 0.384514
vt 0.329645 0.323889
vt 0.329752 0.342637
vt 0.326101 0.343264
vt 0.326004 0.326507
vt 0.245027 0.346026
vt 0.248735 0.346302
vt 0.247906 0.361309
vt 0.244066 0.362889
vt 0.831609 0.798545
vt 0.833890 0.796241
vt 0.792307 0.793218
vt 0.790723 0.790400
vt 0.786661 0.804091
vt 0.782916 0.820752
vt 0.780514 0.820502
vt 0.784603 0.802277
vt 0.824573 0.858997
vt 0.823081 0.855940
vt 0.829052 0.841418
vt 0.831008 0.843504
vt 0.782946 0.853102
vt 0.785191 0.850583
vt 0.780929 0.836599
vt 0.783356 0.835124
vt 0.223538 0.362122
vt 0.227839 0.346014
vt 0.221358 0.343677
vt 0.217088 0.361979
vt 0.181471 0.400122
vt 0.162846 0.403743
vt 0.164744 0.410168
vt 0.182039 0.406302
vt 0.178369 0.326525
vt 0.197363 0.325473
vt 0.196143 0.318231
vt 0.179666 0.319724
vt 0.145014 0.371297
vt 0.148937 0.350844
vt 0.142965 0.349978
vt 0.138915 0.370126
vt 0.275612 0.191124
vt 0.233634 0.193520
vt 0.234036 0.186620
vt 0.277669 0.184071
vt 0.199324 0.194431
vt 0.159685 0.193142
vt 0.157396 0.186128
vt 0.198501 0.187502
vt 0.233910 0.115218
vt 0.279999 0.120818
vt 0.165697 0.050071
vt 0.166874 0.063791
vt 0.183015 0.092132
vt 0.196766 0.111186
vt 0.300714 0.182203
vt 0.297831 0.189374
vt 0.313720 0.125145
vt 0.313570 0.187902
vt 0.336406 0.178534
vt 0.345528 0.120477
vt 0.356095 0.115995
vt 0.329998 0.123796
vt 0.394665 0.097997
vt 0.396010 0.085529
vt 0.397356 0.073060
vt 0.317033 0.180607
vt 0.023356 0.062694
vt 0.007955 0.059235
vt 0.048691 0.010893
vt 0.058736 0.008205
vt 0.066463 0.012709
vt 0.040753 0.060199
vt 0.065417 0.044615
vt 0.086593 0.024316
vt 0.011990 0.020857
vt 0.434529 0.080977
vt 0.446444 0.105859
vt 0.484573 0.112181
vt 0.468283 0.086800
vt 0.416679 0.077892
vt 0.418581 0.099698
vt 0.072928 0.228302
vt 0.085158 0.244761
vt 0.077996 0.254361
vt 0.059396 0.247768
vt 0.063149 0.237171
vt 0.052478 0.244705
vt 0.145364 0.192327
vt 0.142614 0.185329
vt 0.124193 0.186679
vt 0.127663 0.193649
vt 0.385710 0.286078
vt 0.424129 0.277132
vt 0.396316 0.292942
vt 0.410576 0.299761
vt 0.424413 0.304678
vt 0.478589 0.261084
vt 0.493263 0.275086
vt 0.508471 0.290682
vt 0.515793 0.301335
vt 0.446889 0.271153
vt 0.397034 0.360598
vt 0.362592 0.352302
vt 0.344589 0.318078
vt 0.380535 0.330203
vt 0.411338 0.386799
vt 0.379724 0.380909
vt 0.542436 0.109832
vt 0.554575 0.114959
vt 0.541631 0.159725
vt 0.529576 0.155259
vt 0.502516 0.086325
vt 0.529323 0.102299
vt 0.517977 0.149007
vt 0.499865 0.127568
vt 0.574447 0.582093
vt 0.580668 0.570110
vt 0.601508 0.578825
vt 0.595701 0.590544
vt 0.368570 0.202925
vt 0.380911 0.208529
vt 0.377518 0.227496
vt 0.364079 0.223049
vt 0.683463 0.202753
vt 0.696069 0.199150
vt 0.700412 0.210840
vt 0.688093 0.214924
vt 0.379614 0.249639
vt 0.376763 0.246215
vt 0.167115 0.037226
vt 0.567773 0.594607
vt 0.588160 0.601764
vt 0.356069 0.199097
vt 0.351393 0.218744
vt 0.670207 0.206941
vt 0.674922 0.217768
vt 0.252485 0.376416
vt 0.250225 0.380785
vt 0.243611 0.369835
vt 0.247199 0.367332
vt 0.249523 0.336956
vt 0.246461 0.334803
vt 0.248649 0.340169
vt 0.245148 0.338846
vt 0.144854 0.390899
vt 0.138614 0.390592
vt 0.142407 0.405239
vt 0.146811 0.400785
vt 0.145250 0.396820
vt 0.139266 0.398382
vt 0.150100 0.403350
vt 0.152579 0.409118
vt 0.221466 0.380005
vt 0.215252 0.379990
vt 0.208142 0.390516
vt 0.210005 0.396201
vt 0.216984 0.391459
vt 0.213395 0.385755
vt 0.202198 0.399284
vt 0.201717 0.392978
vt 0.215949 0.319394
vt 0.217556 0.326106
vt 0.222584 0.320232
vt 0.222869 0.326747
vt 0.226139 0.328826
vt 0.226987 0.322152
vt 0.232211 0.334110
vt 0.225755 0.332192
vt 0.153864 0.337862
vt 0.147956 0.336534
vt 0.153235 0.326415
vt 0.155801 0.333173
vt 0.159920 0.329621
vt 0.159454 0.323517
vt 0.165207 0.322118
vt 0.163789 0.328359
vt 0.145718 0.409314
vt 0.219772 0.386554
vt 0.232785 0.330209
vt 0.226139 0.328826
vt 0.149959 0.331616
vt 0.380326 0.880936
vt 0.380225 0.888919
vt 0.383486 0.873598
vt 0.389184 0.868033
vt 0.383191 0.896323
vt 0.388771 0.902016
vt 0.396568 0.865090
vt 0.404511 0.865195
vt 0.411810 0.868328
vt 0.417115 0.896690
vt 0.411434 0.902250
vt 0.404056 0.905217
vt 0.396098 0.905136
vt 0.806088 0.970945
vt 0.806188 0.963524
vt 0.800188 0.963741
vt 0.800090 0.971157
vt 0.830825 0.962049
vt 0.830641 0.969669
vt 0.836653 0.969805
vt 0.836842 0.962159
vt 0.854854 0.971656
vt 0.855069 0.964134
vt 0.848900 0.963350
vt 0.848703 0.970934
vt 0.842639 0.970259
vt 0.842829 0.962626
vt 0.794086 0.971157
vt 0.794181 0.963725
vt 0.788080 0.963443
vt 0.788001 0.970913
vt 0.781889 0.962920
vt 0.781835 0.970445
vt 0.812159 0.970589
vt 0.812275 0.963140
vt 0.824690 0.962266
vt 0.824521 0.969829
vt 0.818326 0.970179
vt 0.818469 0.962680
vt 0.411764 0.882017
vt 0.408697 0.882854
vt 0.408809 0.887152
vt 0.411799 0.888272
vt 0.396438 0.873558
vt 0.397774 0.876792
vt 0.402337 0.876856
vt 0.402798 0.873558
vt 0.406337 0.879075
vt 0.408402 0.876624
vt 0.403021 0.896563
vt 0.402643 0.893012
vt 0.398030 0.892966
vt 0.396637 0.896459
vt 0.408575 0.893577
vt 0.406593 0.890876
vt 0.390991 0.876619
vt 0.393859 0.878895
vt 0.391138 0.893305
vt 0.394014 0.890737
vt 0.391669 0.886944
vt 0.387978 0.887994
vt 0.391624 0.882602
vt 0.387907 0.881916
vt 0.158732 0.559806
vt 0.154318 0.557946
vt 0.152127 0.563572
vt 0.157040 0.564641
vt 0.163539 0.561000
vt 0.162629 0.565261
vt 0.168684 0.561152
vt 0.168631 0.565127
vt 0.173795 0.560153
vt 0.174536 0.564215
vt 0.178648 0.558391
vt 0.179992 0.562947
vt 0.183228 0.556483
vt 0.185019 0.561716
vt 0.187766 0.554672
vt 0.189773 0.560793
vt 0.192573 0.553176
vt 0.194577 0.560236
vt 0.197690 0.552123
vt 0.199671 0.559942
vt 0.145499 0.553609
vt 0.140875 0.551659
vt 0.138626 0.559097
vt 0.143235 0.560748
vt 0.150002 0.555764
vt 0.147615 0.562268
vt 0.151236 0.568853
vt 0.156494 0.568766
vt 0.162416 0.568278
vt 0.168657 0.567536
vt 0.174754 0.566810
vt 0.180386 0.566372
vt 0.185473 0.566293
vt 0.190294 0.566508
vt 0.195077 0.567045
vt 0.200079 0.567833
vt 0.137215 0.566768
vt 0.142049 0.567808
vt 0.146559 0.568548
vt 0.151582 0.574586
vt 0.156946 0.573571
vt 0.162794 0.572239
vt 0.168850 0.571098
vt 0.174670 0.570548
vt 0.179969 0.570678
vt 0.184779 0.571343
vt 0.189377 0.572366
vt 0.194043 0.573762
vt 0.198842 0.575411
vt 0.136946 0.574573
vt 0.142003 0.575003
vt 0.146733 0.575079
vt 0.152719 0.581042
vt 0.158048 0.579707
vt 0.163622 0.578200
vt 0.169153 0.577104
vt 0.174263 0.576653
vt 0.178899 0.576833
vt 0.183256 0.577576
vt 0.187575 0.578769
vt 0.192090 0.580475
vt 0.196723 0.582489
vt 0.137546 0.582208
vt 0.142734 0.582233
vt 0.147693 0.581925
vt 0.154041 0.587800
vt 0.159279 0.586480
vt 0.164466 0.585157
vt 0.169301 0.584262
vt 0.173677 0.583880
vt 0.177678 0.583981
vt 0.181574 0.584568
vt 0.185642 0.585626
vt 0.189990 0.587224
vt 0.194517 0.589187
vt 0.138590 0.589459
vt 0.143783 0.589282
vt 0.148881 0.588798
vt 0.155197 0.594415
vt 0.160260 0.593319
vt 0.164985 0.592353
vt 0.169244 0.591714
vt 0.173062 0.591433
vt 0.176611 0.591487
vt 0.180172 0.591894
vt 0.184007 0.592729
vt 0.188211 0.593970
vt 0.192671 0.595540
vt 0.139753 0.596183
vt 0.144840 0.595880
vt 0.150004 0.595302
vt 0.155923 0.600886
vt 0.160705 0.600280
vt 0.165039 0.599805
vt 0.168907 0.599517
vt 0.172420 0.599406
vt 0.175774 0.599462
vt 0.179256 0.599733
vt 0.182995 0.600205
vt 0.187122 0.600882
vt 0.191538 0.601738
vt 0.140931 0.602517
vt 0.145793 0.602072
vt 0.150860 0.601479
vt 0.156105 0.608531
vt 0.160469 0.608314
vt 0.164507 0.608208
vt 0.168242 0.608190
vt 0.171779 0.608226
vt 0.175283 0.608293
vt 0.178928 0.608403
vt 0.182843 0.608519
vt 0.187050 0.608658
vt 0.191431 0.608824
vt 0.142228 0.609618
vt 0.146803 0.609244
vt 0.151488 0.608838
vt 0.155997 0.618005
vt 0.160020 0.617954
vt 0.163878 0.617961
vt 0.167617 0.618004
vt 0.171324 0.618047
vt 0.175119 0.618055
vt 0.179061 0.617974
vt 0.183292 0.617823
vt 0.187687 0.617627
vt 0.192092 0.617404
vt 0.143118 0.618308
vt 0.147493 0.618219
vt 0.151807 0.618099
vt 0.155650 0.628717
vt 0.159580 0.628825
vt 0.163448 0.628848
vt 0.167311 0.628786
vt 0.171243 0.628623
vt 0.175327 0.628354
vt 0.179621 0.628006
vt 0.184076 0.627604
vt 0.188650 0.627222
vt 0.193148 0.626902
vt 0.143170 0.627838
vt 0.147464 0.628207
vt 0.151645 0.628503
vt 0.154640 0.640969
vt 0.158991 0.641528
vt 0.163409 0.641487
vt 0.167810 0.640854
vt 0.172148 0.639776
vt 0.176443 0.638497
vt 0.180753 0.637310
vt 0.185104 0.636494
vt 0.189501 0.636239
vt 0.193966 0.636470
vt 0.141973 0.637231
vt 0.146150 0.638606
vt 0.150356 0.639946
vt 0.204493 0.780219
vt 0.204912 0.781784
vt 0.209481 0.779146
vt 0.208335 0.778001
vt 0.210553 0.769721
vt 0.212118 0.769302
vt 0.209480 0.764733
vt 0.208335 0.765879
vt 0.193995 0.769721
vt 0.192430 0.769302
vt 0.192430 0.774578
vt 0.193995 0.774158
vt 0.204912 0.762096
vt 0.204492 0.763660
vt 0.199636 0.762096
vt 0.200056 0.763660
vt 0.196213 0.778001
vt 0.195067 0.779146
vt 0.199636 0.781784
vt 0.200056 0.780219
vt 0.196213 0.765879
vt 0.195068 0.764733
vt 0.210554 0.774158
vt 0.212118 0.774578
vt 0.903411 0.957200
vt 0.903411 0.968586
vt 0.908686 0.968586
vt 0.908686 0.957200
vt 0.511479 0.934256
vt 0.499921 0.937425
vt 0.503001 0.942580
vt 0.919238 0.957200
vt 0.919238 0.968586
vt 0.924513 0.968586
vt 0.924513 0.957200
vt 0.877034 0.957200
vt 0.877033 0.968585
vt 0.882309 0.968585
vt 0.882309 0.957200
vt 0.913962 0.957200
vt 0.913962 0.968586
vt 0.887585 0.957200
vt 0.887584 0.968585
vt 0.892860 0.968586
vt 0.892860 0.957200
vt 0.866484 0.957199
vt 0.866483 0.968584
vt 0.871758 0.968585
vt 0.871759 0.957200
vt 0.929789 0.968586
vt 0.929789 0.957200
vt 0.898135 0.968586
vt 0.898135 0.957200
vt 0.907898 0.831428
vt 0.896596 0.831428
vt 0.896595 0.838385
vt 0.907897 0.838386
vt 0.294405 0.368350
vt 0.294453 0.392677
vt 0.305567 0.391425
vt 0.304144 0.367891
vt 0.262870 0.343947
vt 0.261867 0.364359
vt 0.274010 0.366631
vt 0.274922 0.341828
vt 0.284667 0.367938
vt 0.285174 0.340440
vt 0.294247 0.339899
vt 0.303336 0.340295
vt 0.314840 0.366560
vt 0.313663 0.341502
vt 0.746157 0.814538
vt 0.725532 0.817440
vt 0.727355 0.826980
vt 0.753037 0.827286
vt 0.729960 0.793020
vt 0.719675 0.806027
vt 0.723383 0.811459
vt 0.736510 0.802325
vt 0.034871 0.620516
vt 0.041459 0.622390
vt 0.043888 0.612167
vt 0.038187 0.610545
vt 0.690886 0.839971
vt 0.688825 0.841348
vt 0.693016 0.845540
vt 0.694394 0.843479
vt 0.068683 0.623956
vt 0.075444 0.622850
vt 0.073292 0.612564
vt 0.067443 0.613521
vt 0.100749 0.612685
vt 0.106397 0.608808
vt 0.100075 0.600413
vt 0.095188 0.603768
vt 0.028472 0.618071
vt 0.032651 0.608429
vt 0.061852 0.624465
vt 0.061532 0.613962
vt 0.094783 0.616052
vt 0.090025 0.606682
vt 0.022313 0.615073
vt 0.027321 0.605836
vt 0.055002 0.624372
vt 0.055605 0.613882
vt 0.088544 0.618882
vt 0.084627 0.609131
vt 0.016441 0.611548
vt 0.022240 0.602785
vt 0.048187 0.623679
vt 0.049709 0.613282
vt 0.082081 0.621154
vt 0.079035 0.611096
vt 0.010900 0.607520
vt 0.017446 0.599300
vt 0.111684 0.604450
vt 0.104648 0.596642
vt 0.911981 0.620620
vt 0.929917 0.626939
vt 0.931373 0.620057
vt 0.909158 0.605917
vt 0.899590 0.607584
vt 0.918733 0.606576
vt 0.924912 0.608808
vt 0.900366 0.634351
vt 0.910015 0.635462
vt 0.919535 0.634249
vt 0.925575 0.631662
vt 0.893784 0.610171
vt 0.889144 0.614833
vt 0.887543 0.621329
vt 0.929521 0.613271
vt 0.894421 0.632106
vt 0.889518 0.627720
vt 0.346111 0.749179
vt 0.350651 0.750721
vt 0.377957 0.715520
vt 0.372605 0.712797
vt 0.431624 0.615772
vt 0.434200 0.617102
vt 0.453127 0.599442
vt 0.449911 0.597296
vt 0.322494 0.732304
vt 0.325843 0.735615
vt 0.344583 0.695197
vt 0.340038 0.692002
vt 0.341576 0.747290
vt 0.366801 0.709679
vt 0.429333 0.614501
vt 0.446813 0.595180
vt 0.382398 0.761586
vt 0.412384 0.734403
vt 0.382881 0.718091
vt 0.355129 0.752176
vt 0.590560 0.781926
vt 0.589846 0.778269
vt 0.586373 0.779723
vt 0.587965 0.783048
vt 0.816040 0.803449
vt 0.818323 0.797868
vt 0.813616 0.795965
vt 0.812390 0.801953
vt 0.453426 0.627858
vt 0.475930 0.616119
vt 0.456359 0.601707
vt 0.436909 0.618551
vt 0.289538 0.704757
vt 0.295450 0.666084
vt 0.288568 0.664966
vt 0.284644 0.703759
vt 0.461029 0.635276
vt 0.485352 0.627750
vt 0.483908 0.624380
vt 0.460004 0.633138
vt 0.401122 0.585302
vt 0.404984 0.560132
vt 0.401406 0.559331
vt 0.398827 0.584661
vt 0.397862 0.772700
vt 0.430524 0.751408
vt 0.426371 0.745808
vt 0.394729 0.768810
vt 0.294065 0.706663
vt 0.301771 0.667945
vt 0.403359 0.586646
vt 0.408398 0.561685
vt 0.301616 0.712397
vt 0.312003 0.673277
vt 0.307253 0.670395
vt 0.298075 0.709293
vt 0.405529 0.588553
vt 0.411604 0.563846
vt 0.407608 0.590807
vt 0.414613 0.566400
vt 0.337177 0.744925
vt 0.360778 0.706166
vt 0.427354 0.613161
vt 0.443869 0.592992
vt 0.333057 0.742102
vt 0.354893 0.702428
vt 0.425578 0.611592
vt 0.441050 0.590646
vt 0.420031 0.605145
vt 0.421997 0.607492
vt 0.435498 0.585429
vt 0.432622 0.582724
vt 0.481749 0.621313
vt 0.458295 0.631202
vt 0.421817 0.741047
vt 0.390957 0.765663
vt 0.479021 0.618573
vt 0.456033 0.629448
vt 0.417124 0.737300
vt 0.386781 0.763308
vt 0.423834 0.609691
vt 0.438287 0.588109
vt 0.329296 0.738941
vt 0.349459 0.698703
vt 0.604574 0.817904
vt 0.602045 0.812930
vt 0.600035 0.815118
vt 0.601955 0.820685
vt 0.587057 0.813973
vt 0.588610 0.809808
vt 0.584965 0.791099
vt 0.582142 0.790372
vt 0.605993 0.814227
vt 0.603080 0.810054
vt 0.594804 0.822106
vt 0.594457 0.816225
vt 0.591764 0.814971
vt 0.591324 0.820534
vt 0.589711 0.812710
vt 0.588615 0.817674
vt 0.802088 0.805879
vt 0.800189 0.800905
vt 0.798153 0.805292
vt 0.800645 0.809283
vt 0.598037 0.785442
vt 0.599931 0.782801
vt 0.597159 0.779895
vt 0.596006 0.783222
vt 0.808447 0.801895
vt 0.808537 0.795862
vt 0.803823 0.797592
vt 0.804825 0.803276
vt 0.597366 0.816276
vt 0.598529 0.822156
vt 0.585996 0.785181
vt 0.583673 0.782526
vt 0.582189 0.786270
vt 0.584945 0.788004
vt 0.820330 0.813265
vt 0.824170 0.810578
vt 0.824010 0.805764
vt 0.820331 0.809587
vt 0.792336 0.833298
vt 0.796240 0.831355
vt 0.606021 0.810207
vt 0.602992 0.806950
vt 0.593610 0.778313
vt 0.593385 0.781988
vt 0.832290 0.274197
vt 0.894024 0.272007
vt 0.634617 0.304122
vt 0.758739 0.302375
vt 0.759836 0.216070
vt 0.703395 0.226099
vt 0.708933 0.220713
vt 0.759746 0.210626
vt 0.837416 0.178762
vt 0.893622 0.167131
vt 0.895041 0.177497
vt 0.838821 0.187757
vt 0.711474 0.217641
vt 0.759461 0.207497
vt 0.835252 0.170879
vt 0.891929 0.158031
vt 0.895944 0.187050
vt 0.839318 0.196446
vt 0.793310 0.291992
vt 0.803278 0.284649
vt 0.815836 0.278430
vt 0.779207 0.298192
vt 0.780548 0.199718
vt 0.781383 0.203655
vt 0.781592 0.209932
vt 0.797785 0.195857
vt 0.810935 0.188959
vt 0.811771 0.196561
vt 0.798352 0.203002
vt 0.796047 0.190917
vt 0.808598 0.183102
vt 0.824726 0.191688
vt 0.823595 0.183431
vt 0.821136 0.176531
vt 0.175394 0.767636
vt 0.168885 0.766371
vt 0.168880 0.779441
vt 0.175359 0.778155
vt 0.178369 0.326525
vt 0.197363 0.325473
vt 0.186141 0.347927
vt 0.169995 0.350926
vt 0.181479 0.366797
vt 0.165242 0.369872
vt 0.181471 0.400122
vt 0.162846 0.403743
vt 0.217088 0.361979
vt 0.221358 0.343677
vt 0.145014 0.371297
vt 0.148937 0.350844
vt 0.912067 0.994653
vt 0.859527 0.994513
vt 0.773894 0.614950
vt 0.786604 0.606542
vt 0.692907 0.656142
vt 0.706816 0.650386
vt 0.760767 0.622849
vt 0.604911 0.679133
vt 0.620655 0.677036
vt 0.678845 0.661414
vt 0.747532 0.630386
vt 0.635695 0.674103
vt 0.811340 0.588605
vt 0.823497 0.578240
vt 0.734134 0.637498
vt 0.650297 0.670283
vt 0.799180 0.598000
vt 0.720562 0.644168
vt 0.664643 0.666160
vt 0.772639 0.994607
vt 0.794912 0.994593
vt 0.519950 0.925947
vt 0.523045 0.931103
vt 0.971198 0.636488
vt 0.968857 0.635221
vt 0.962249 0.639636
vt 0.964224 0.641292
vt 0.880033 0.613022
vt 0.877447 0.612336
vt 0.875810 0.620817
vt 0.878483 0.620817
vt 0.551259 0.425338
vt 0.555726 0.418696
vt 0.548558 0.413122
vt 0.544121 0.422222
vt 0.484034 0.408708
vt 0.484654 0.397786
vt 0.475838 0.398125
vt 0.476386 0.408090
vt 0.468777 0.407946
vt 0.467394 0.400365
vt 0.459583 0.404204
vt 0.460805 0.408323
vt 0.540546 0.409368
vt 0.536855 0.419599
vt 0.549241 0.432442
vt 0.541691 0.431182
vt 0.482489 0.418722
vt 0.475177 0.417194
vt 0.467792 0.415163
vt 0.460165 0.412482
vt 0.557296 0.433213
vt 0.558534 0.429126
vt 0.534256 0.429495
vt 0.549509 0.440288
vt 0.540616 0.441292
vt 0.480333 0.428463
vt 0.472143 0.426786
vt 0.464344 0.422295
vt 0.457698 0.416152
vt 0.557938 0.437535
vt 0.532437 0.439599
vt 0.544953 0.452906
vt 0.548402 0.445785
vt 0.537576 0.450872
vt 0.478533 0.438569
vt 0.471136 0.436883
vt 0.463572 0.435705
vt 0.463229 0.427870
vt 0.454830 0.430728
vt 0.455518 0.435011
vt 0.552570 0.455589
vt 0.555037 0.451923
vt 0.530269 0.449338
vt 0.475907 0.448441
vt 0.528719 0.459347
vt 0.543965 0.460116
vt 0.536362 0.459969
vt 0.468632 0.445797
vt 0.461536 0.442729
vt 0.454357 0.439079
vt 0.551930 0.459743
vt 0.910084 0.524794
vt 0.910084 0.516325
vt 0.910084 0.397962
vt 0.910084 0.406361
vt 0.910084 0.372287
vt 0.910084 0.380925
vt 0.910084 0.507757
vt 0.910084 0.465047
vt 0.910084 0.481915
vt 0.910084 0.490483
vt 0.910084 0.355082
vt 0.910084 0.346613
vt 0.910084 0.473445
vt 0.910084 0.363650
vt 0.910084 0.591879
vt 0.910084 0.533193
vt 0.910084 0.338214
vt 0.910084 0.389493
vt 0.910084 0.499120
vt 0.954453 0.641187
vt 0.955996 0.642978
vt 0.975859 0.629298
vt 0.973273 0.628612
vt 0.884449 0.606413
vt 0.882107 0.605146
vt 0.897310 0.642978
vt 0.898853 0.641186
vt 0.891057 0.639636
vt 0.889082 0.641291
vt 0.973273 0.613022
vt 0.975859 0.612336
vt 0.971198 0.605146
vt 0.968857 0.606413
vt 0.891057 0.601998
vt 0.889083 0.600343
vt 0.898853 0.600447
vt 0.897310 0.598656
vt 0.877447 0.629298
vt 0.880033 0.628612
vt 0.962249 0.601998
vt 0.964224 0.600342
vt 0.955996 0.598655
vt 0.954454 0.600447
vt 0.974823 0.620817
vt 0.977496 0.620817
vt 0.882107 0.636487
vt 0.884449 0.635220
vt 0.561533 0.425793
vt 0.472216 0.458673
vt 0.528094 0.470264
vt 0.565986 0.433626
vt 0.452272 0.409123
vt 0.560453 0.458946
vt 0.446951 0.434721
vt 0.545344 0.467692
vt 0.536906 0.469928
vt 0.464202 0.454921
vt 0.457021 0.449376
vt 0.451445 0.442343
vt 0.553150 0.463857
vt 0.836973 0.994526
vt 0.823147 0.994555
vt 0.807116 0.994580
vt 0.728878 0.994621
vt 0.676278 0.994627
vt 0.990978 0.630731
vt 0.990978 0.744830
vt 0.990978 0.858930
vt 0.688812 0.645826
vt 0.702373 0.640179
vt 0.675119 0.651011
vt 0.729016 0.627542
vt 0.742074 0.620552
vt 0.715779 0.634083
vt 0.661332 0.655705
vt 0.767766 0.605144
vt 0.780488 0.597349
vt 0.220552 0.744965
vt 0.216864 0.750468
vt 0.224258 0.757960
vt 0.229814 0.754258
vt 0.040674 0.591832
vt 0.037337 0.602267
vt 0.044470 0.604148
vt 0.046714 0.593425
vt 0.099164 0.579588
vt 0.106405 0.587807
vt 0.111681 0.582652
vt 0.103632 0.575223
vt 0.094271 0.583470
vt 0.100627 0.592391
vt 0.229812 0.791546
vt 0.224268 0.787890
vt 0.216829 0.795333
vt 0.220559 0.800839
vt 0.083418 0.589624
vt 0.087812 0.599659
vt 0.094407 0.596356
vt 0.089003 0.586827
vt 0.792494 0.588808
vt 0.804268 0.580064
vt 0.208421 0.739914
vt 0.207121 0.746482
vt 0.023975 0.583470
vt 0.017619 0.592393
vt 0.023840 0.596358
vt 0.029244 0.586828
vt 0.034829 0.589625
vt 0.030436 0.599661
vt 0.014612 0.575223
vt 0.006563 0.582654
vt 0.011839 0.587809
vt 0.019081 0.579588
vt 0.195259 0.739942
vt 0.196595 0.746469
vt 0.051758 0.605285
vt 0.052886 0.594388
vt 0.077575 0.591832
vt 0.080912 0.602265
vt 0.234803 0.779439
vt 0.228294 0.778176
vt 0.059125 0.594710
vt 0.059125 0.605665
vt 0.066492 0.605284
vt 0.065363 0.594388
vt 0.073780 0.604147
vt 0.071535 0.593425
vt 0.754966 0.613099
vt 0.292748 0.215945
vt 0.287432 0.214759
vt 0.257487 0.218054
vt 0.257902 0.219782
vt 0.206670 0.221150
vt 0.210424 0.222858
vt 0.233634 0.193520
vt 0.226913 0.195537
vt 0.337257 0.227052
vt 0.340473 0.225167
vt 0.330945 0.220432
vt 0.326437 0.221667
vt 0.152113 0.245613
vt 0.156290 0.242818
vt 0.108874 0.240877
vt 0.109618 0.243845
vt 0.085656 0.266072
vt 0.088768 0.266481
vt 0.127040 0.222729
vt 0.171710 0.224083
vt 0.172898 0.222222
vt 0.183015 0.092132
vt 0.178087 0.094337
vt 0.161409 0.065328
vt 0.166874 0.063791
vt 0.196766 0.111186
vt 0.192323 0.113937
vt 0.401034 0.087051
vt 0.396010 0.085529
vt 0.424129 0.277132
vt 0.421282 0.275820
vt 0.378516 0.285771
vt 0.385710 0.286078
vt 0.493269 0.885654
vt 0.489545 0.880075
vt 0.476991 0.892612
vt 0.482585 0.896352
vt 0.476784 0.910319
vt 0.470193 0.909014
vt 0.470193 0.926754
vt 0.476778 0.925437
vt 0.754311 0.692475
vt 0.753768 0.695205
vt 0.767516 0.700900
vt 0.769062 0.698585
vt 0.738341 0.772751
vt 0.738884 0.770021
vt 0.725136 0.764326
vt 0.723590 0.766640
vt 0.552732 0.910312
vt 0.559313 0.909002
vt 0.552543 0.892624
vt 0.546967 0.896354
vt 0.194825 0.879070
vt 0.197784 0.878483
vt 0.197782 0.862304
vt 0.194825 0.861711
vt 0.160820 0.726637
vt 0.157467 0.727183
vt 0.157467 0.732943
vt 0.160820 0.733488
vt 0.492419 0.654204
vt 0.507450 0.654204
vt 0.503655 0.633817
vt 0.496214 0.633817
vt 0.282250 0.879026
vt 0.279291 0.878433
vt 0.273087 0.893393
vt 0.275595 0.895074
vt 0.522098 0.660281
vt 0.531220 0.672504
vt 0.545495 0.657045
vt 0.540979 0.650994
vt 0.536229 0.950067
vt 0.539955 0.955632
vt 0.552479 0.943104
vt 0.546892 0.939368
vt 0.157467 0.727183
vt 0.159934 0.724846
vt 0.141165 0.721353
vt 0.141686 0.724245
vt 0.157338 0.764836
vt 0.163913 0.766141
vt 0.169705 0.752203
vt 0.164128 0.748477
vt 0.213783 0.907383
vt 0.215461 0.904872
vt 0.203993 0.893433
vt 0.201484 0.895110
vt 0.536223 0.685712
vt 0.536027 0.700382
vt 0.555975 0.696943
vt 0.556071 0.689681
vt 0.098424 0.635539
vt 0.097177 0.632878
vt 0.087761 0.643018
vt 0.090506 0.644065
vt 0.778037 0.711423
vt 0.780351 0.709876
vt 0.493240 0.950086
vt 0.489519 0.955671
vt 0.505897 0.962445
vt 0.507195 0.955863
vt 0.469046 0.670525
vt 0.478928 0.659952
vt 0.462094 0.649219
vt 0.457202 0.654453
vt 0.738344 0.692475
vt 0.738887 0.695205
vt 0.210766 0.818259
vt 0.209450 0.811674
vt 0.194333 0.811670
vt 0.193029 0.818258
vt 0.528858 0.295620
vt 0.530762 0.293382
vt 0.523016 0.279323
vt 0.519645 0.278899
vt 0.227155 0.735927
vt 0.223438 0.741514
vt 0.234122 0.752188
vt 0.239696 0.748451
vt 0.465634 0.698045
vt 0.464468 0.684094
vt 0.445839 0.689199
vt 0.446417 0.696105
vt 0.712301 0.755349
vt 0.714615 0.753803
vt 0.708923 0.740054
vt 0.706192 0.740597
vt 0.246484 0.782555
vt 0.239899 0.781251
vt 0.234110 0.795210
vt 0.239696 0.798936
vt 0.435882 0.194883
vt 0.438499 0.193546
vt 0.424355 0.180724
vt 0.423989 0.184101
vt 0.203989 0.847369
vt 0.201488 0.845685
vt 0.176672 0.735959
vt 0.180400 0.741539
vt 0.194373 0.735771
vt 0.193055 0.729190
vt 0.478607 0.722941
vt 0.469435 0.711804
vt 0.456645 0.727056
vt 0.461186 0.732569
vt 0.275595 0.845626
vt 0.273087 0.847303
vt 0.279292 0.862247
vt 0.282251 0.861661
vt 0.176640 0.811468
vt 0.180368 0.805880
vt 0.169686 0.795180
vt 0.164095 0.798913
vt 0.228303 0.234777
vt 0.225210 0.236181
vt 0.226718 0.241740
vt 0.230097 0.241389
vt 0.229845 0.826891
vt 0.230433 0.829837
vt 0.246630 0.829751
vt 0.247206 0.826779
vt 0.239903 0.766143
vt 0.246484 0.764826
vt 0.506148 0.729790
vt 0.491612 0.729291
vt 0.494605 0.749132
vt 0.501801 0.749379
vt 0.247236 0.914013
vt 0.246649 0.911049
vt 0.230439 0.911058
vt 0.229849 0.914021
vt 0.520466 0.277077
vt 0.523016 0.279323
vt 0.527467 0.275667
vt 0.525760 0.272729
vt 0.706193 0.724629
vt 0.708923 0.725172
vt 0.714617 0.711423
vt 0.712303 0.709877
vt 0.536296 0.885670
vt 0.540018 0.880091
vt 0.523658 0.873310
vt 0.522348 0.879881
vt 0.530280 0.714029
vt 0.519773 0.724399
vt 0.536490 0.736032
vt 0.541692 0.730898
vt 0.754308 0.772751
vt 0.753765 0.770021
vt 0.552707 0.925417
vt 0.559291 0.926729
vt 0.301853 0.883142
vt 0.300752 0.885866
vt 0.314590 0.885866
vt 0.313489 0.883142
vt 0.786460 0.740596
vt 0.783729 0.740054
vt 0.778035 0.753802
vt 0.780350 0.755349
vt 0.522291 0.955855
vt 0.523612 0.962427
vt 0.840536 0.881595
vt 0.847703 0.885040
vt 0.854987 0.868909
vt 0.847663 0.865812
vt 0.861488 0.852448
vt 0.854024 0.849706
vt 0.506136 0.660531
vt 0.517836 0.665983
vt 0.526382 0.675256
vt 0.867190 0.835695
vt 0.859603 0.833314
vt 0.530313 0.686752
vt 0.493674 0.660274
vt 0.832661 0.897019
vt 0.839656 0.900804
vt 0.872079 0.818687
vt 0.864387 0.816676
vt 0.530002 0.699182
vt 0.482443 0.664900
vt 0.824058 0.912050
vt 0.830863 0.916164
vt 0.474214 0.673549
vt 0.874548 0.643576
vt 0.866809 0.645360
vt 0.870288 0.662301
vt 0.878104 0.660890
vt 0.470331 0.684734
vt 0.872951 0.679389
vt 0.880826 0.678355
vt 0.471564 0.696948
vt 0.874792 0.696586
vt 0.882707 0.695930
vt 0.474684 0.708970
vt 0.875805 0.713851
vt 0.883742 0.713577
vt 0.482263 0.718175
vt 0.875985 0.731146
vt 0.883927 0.731255
vt 0.492987 0.723416
vt 0.875330 0.748431
vt 0.883259 0.748923
vt 0.505023 0.723822
vt 0.873840 0.765666
vt 0.881737 0.766542
vt 0.516352 0.719321
vt 0.871516 0.782812
vt 0.879363 0.784070
vt 0.525135 0.710644
vt 0.868361 0.799828
vt 0.876140 0.801466
vt 0.209210 0.237478
vt 0.212256 0.248707
vt 0.226718 0.241740
vt 0.225210 0.236181
vt 0.141686 0.724245
vt 0.141686 0.735880
vt 0.157467 0.732943
vt 0.157467 0.727183
vt 0.508307 0.249127
vt 0.498017 0.254559
vt 0.507981 0.267144
vt 0.513076 0.264455
vt 0.471256 0.789743
vt 0.471256 0.778107
vt 0.455475 0.781045
vt 0.455475 0.786805
vt 0.530762 0.293382
vt 0.539754 0.285997
vt 0.527467 0.275667
vt 0.523016 0.279323
vt 0.301853 0.883142
vt 0.313489 0.883142
vt 0.310551 0.867360
vt 0.304791 0.867361
vt 0.098424 0.635539
vt 0.090506 0.644065
vt 0.104070 0.652651
vt 0.107989 0.648430
vt 0.426621 0.201927
vt 0.435882 0.194883
vt 0.423989 0.184101
vt 0.419405 0.187588
vt 0.209210 0.237478
vt 0.206292 0.237128
vt 0.209915 0.250483
vt 0.212256 0.248707
vt 0.298961 0.883662
vt 0.301853 0.883142
vt 0.304791 0.867361
vt 0.302455 0.864894
vt 0.304246 0.864007
vt 0.304791 0.867361
vt 0.310551 0.867360
vt 0.311096 0.864008
vt 0.471256 0.778107
vt 0.471777 0.775215
vt 0.453008 0.778709
vt 0.455475 0.781045
vt 0.515123 0.267166
vt 0.513076 0.264455
vt 0.507981 0.267144
vt 0.509065 0.270363
vt 0.508307 0.249127
vt 0.508009 0.246204
vt 0.495771 0.252663
vt 0.498017 0.254559
vt 0.419405 0.187588
vt 0.416052 0.187040
vt 0.424635 0.204092
vt 0.426621 0.201927
vt 0.141686 0.724245
vt 0.138961 0.723144
vt 0.138961 0.736981
vt 0.141686 0.735880
vt 0.100010 0.633066
vt 0.098424 0.635539
vt 0.107989 0.648430
vt 0.111386 0.648397
vt 0.539754 0.285997
vt 0.542319 0.284564
vt 0.527707 0.272278
vt 0.527467 0.275667
vt 0.471256 0.789743
vt 0.473981 0.790844
vt 0.473981 0.777006
vt 0.471256 0.778107
vt 0.229710 0.243349
vt 0.226718 0.241740
vt 0.212256 0.248707
vt 0.212511 0.251635
vt 0.110817 0.650312
vt 0.107989 0.648430
vt 0.104070 0.652651
vt 0.106156 0.655332
vt 0.452122 0.787350
vt 0.455475 0.786805
vt 0.455475 0.781045
vt 0.452122 0.780500
vt 0.426621 0.201927
vt 0.427394 0.204762
vt 0.438408 0.196384
vt 0.435882 0.194883
vt 0.313489 0.883142
vt 0.316381 0.883662
vt 0.312887 0.864894
vt 0.310551 0.867360
vt 0.510621 0.247317
vt 0.508307 0.249127
vt 0.513076 0.264455
vt 0.516293 0.265546
vt 0.530762 0.293382
vt 0.531641 0.296186
vt 0.542334 0.287404
vt 0.539754 0.285997
vt 0.159933 0.735279
vt 0.157467 0.732943
vt 0.141686 0.735880
vt 0.141165 0.738772
vt 0.090506 0.644065
vt 0.088157 0.645830
vt 0.104287 0.656041
vt 0.104070 0.652651
vt 0.498017 0.254559
vt 0.495216 0.255448
vt 0.507067 0.270415
vt 0.507981 0.267144
vt 0.471776 0.792635
vt 0.471256 0.789743
vt 0.455475 0.786805
vt 0.453008 0.789141
vt 0.416941 0.185250
vt 0.419405 0.187588
vt 0.423989 0.184101
vt 0.422393 0.181102
vt 0.207951 0.234823
vt 0.209210 0.237478
vt 0.225210 0.236181
vt 0.226979 0.233281
vt 0.215460 0.835967
vt 0.217464 0.838973
vt 0.231149 0.833390
vt 0.206996 0.849375
vt 0.201330 0.863002
vt 0.245951 0.833304
vt 0.201330 0.877766
vt 0.259625 0.838905
vt 0.261618 0.835886
vt 0.270088 0.849324
vt 0.275746 0.862962
vt 0.275741 0.877734
vt 0.270073 0.891387
vt 0.259606 0.901838
vt 0.261625 0.904846
vt 0.245933 0.907498
vt 0.231135 0.907503
vt 0.217462 0.901854
vt 0.206995 0.891411
vt 0.725139 0.700900
vt 0.723593 0.698586
vt 0.263299 0.907360
vt 0.263290 0.833372
vt 0.783729 0.725172
vt 0.786460 0.724629
vt 0.769059 0.766640
vt 0.767513 0.764326
vt 0.213797 0.833453
vt 0.383255 0.527254
vt 0.381259 0.527270
vt 0.380132 0.529139
vt 0.382024 0.529554
vt 0.358538 0.537030
vt 0.359334 0.535583
vt 0.356646 0.535857
vt 0.355488 0.537300
vt 0.353032 0.526461
vt 0.354690 0.527204
vt 0.357214 0.526218
vt 0.355876 0.525301
vt 0.352700 0.536637
vt 0.354206 0.535378
vt 0.352387 0.534216
vt 0.350600 0.535140
vt 0.383328 0.524872
vt 0.381368 0.525356
vt 0.351465 0.532548
vt 0.349506 0.533037
vt 0.376979 0.532576
vt 0.375638 0.531660
vt 0.382231 0.522770
vt 0.380443 0.523690
vt 0.351580 0.530630
vt 0.349585 0.530648
vt 0.374306 0.520854
vt 0.373508 0.522301
vt 0.376189 0.522036
vt 0.377349 0.520594
vt 0.379820 0.531423
vt 0.378159 0.530681
vt 0.378624 0.522523
vt 0.380131 0.521267
vt 0.352712 0.528753
vt 0.350823 0.528339
vt 0.272700 0.193435
vt 0.275612 0.191124
vt 0.236652 0.195504
vt 0.394543 0.201874
vt 0.398739 0.200537
vt 0.381238 0.189852
vt 0.379165 0.192416
vt 0.328236 0.211863
vt 0.323365 0.211945
vt 0.319631 0.190744
vt 0.313570 0.187902
vt 0.404238 0.214981
vt 0.409699 0.215431
vt 0.322707 0.219070
vt 0.309209 0.215706
vt 0.309906 0.217547
vt 0.066463 0.012709
vt 0.068838 0.008751
vt 0.060896 0.004294
vt 0.058736 0.008205
vt 0.329998 0.123796
vt 0.345528 0.120477
vt 0.348326 0.124671
vt 0.332012 0.128277
vt 0.048114 0.006504
vt 0.048691 0.010893
vt 0.058377 0.003776
vt 0.295195 0.214396
vt 0.010429 0.016799
vt 0.011990 0.020857
vt 0.299351 0.192697
vt 0.297831 0.189374
vt 0.349785 0.187466
vt 0.347906 0.184192
vt 0.376763 0.246215
vt 0.375242 0.242060
vt 0.023356 0.062694
vt 0.022947 0.067057
vt 0.040871 0.064486
vt 0.040753 0.060199
vt 0.086593 0.024316
vt 0.089490 0.020622
vt 0.068391 0.047767
vt 0.065417 0.044615
vt 0.042833 0.064145
vt 0.007955 0.059235
vt 0.006199 0.063318
vt 0.022067 0.066882
vt 0.090425 0.026664
vt 0.086593 0.024316
vt 0.011990 0.020857
vt 0.007707 0.020295
vt 0.003550 0.059834
vt 0.007955 0.059235
vt 0.445864 0.108462
vt 0.446444 0.105859
vt 0.484573 0.112181
vt 0.485906 0.115100
vt 0.216684 0.220697
vt 0.291785 0.191920
vt 0.312201 0.191486
vt 0.320213 0.211129
vt 0.085158 0.244761
vt 0.089071 0.242756
vt 0.075952 0.225101
vt 0.072928 0.228302
vt 0.080689 0.279887
vt 0.079307 0.280439
vt 0.040677 0.256534
vt 0.040974 0.258336
vt 0.059890 0.263392
vt 0.061895 0.262186
vt 0.133879 0.221045
vt 0.162412 0.195222
vt 0.159685 0.193142
vt 0.376842 0.382539
vt 0.379724 0.380909
vt 0.362592 0.352302
vt 0.359721 0.353932
vt 0.397034 0.360598
vt 0.399987 0.358977
vt 0.383469 0.328705
vt 0.380535 0.330203
vt 0.543809 0.106664
vt 0.542436 0.109832
vt 0.529576 0.155259
vt 0.527946 0.158237
vt 0.135673 0.269809
vt 0.137927 0.269841
vt 0.084411 0.280251
vt 0.133123 0.283879
vt 0.131208 0.283615
vt 0.515732 0.151608
vt 0.517977 0.149007
vt 0.499865 0.127568
vt 0.497620 0.130168
vt 0.083762 0.267336
vt 0.062423 0.263839
vt 0.055533 0.275694
vt 0.056663 0.276670
vt 0.572786 0.581162
vt 0.574447 0.582093
vt 0.382838 0.208873
vt 0.380911 0.208529
vt 0.377518 0.227496
vt 0.379445 0.227841
vt 0.054143 0.276143
vt 0.034243 0.270679
vt 0.033282 0.269567
vt 0.364079 0.223049
vt 0.363413 0.224887
vt 0.377005 0.229371
vt 0.377518 0.227496
vt 0.368570 0.202925
vt 0.369185 0.201141
vt 0.670207 0.206941
vt 0.668091 0.207861
vt 0.672806 0.218687
vt 0.674922 0.217768
vt 0.032066 0.270052
vt 0.682844 0.200528
vt 0.683463 0.202753
vt 0.399637 0.100949
vt 0.394665 0.097997
vt 0.531281 0.098730
vt 0.529323 0.102299
vt 0.515577 0.151731
vt 0.380911 0.208529
vt 0.381803 0.206800
vt 0.038741 0.257923
vt 0.669375 0.204770
vt 0.670207 0.206941
vt 0.815009 0.570236
vt 0.173872 0.791558
vt 0.179428 0.787855
vt 0.183139 0.744983
vt 0.186865 0.750489
vt 0.179425 0.757924
vt 0.173883 0.754267
vt 0.207101 0.799361
vt 0.208435 0.805888
vt 0.647516 0.659833
vt 0.633238 0.663065
vt 0.618875 0.666093
vt 0.183136 0.800848
vt 0.186823 0.795345
vt 0.196572 0.799329
vt 0.195268 0.805899
vt 0.604621 0.667743
vt 0.198187 0.754492
vt 0.191417 0.757288
vt 0.186233 0.762464
vt 0.183422 0.769229
vt 0.183413 0.776555
vt 0.186220 0.783326
vt 0.191393 0.788515
vt 0.205515 0.754495
vt 0.212289 0.757299
vt 0.217468 0.762489
vt 0.220269 0.769259
vt 0.228325 0.767658
vt 0.220265 0.776587
vt 0.217457 0.783352
vt 0.212271 0.788530
vt 0.205496 0.791329
vt 0.198168 0.791321
vt 0.234803 0.766372
vt 0.150100 0.403350
vt 0.146811 0.400785
vt 0.145250 0.396820
vt 0.144854 0.390899
vt 0.208142 0.390516
vt 0.201717 0.392978
vt 0.213395 0.385755
vt 0.215252 0.379990
vt 0.225755 0.332192
vt 0.226139 0.328826
vt 0.222869 0.326747
vt 0.217556 0.326106
vt 0.163789 0.328359
vt 0.159920 0.329621
vt 0.155801 0.333173
vt 0.153864 0.337862
vt 0.753819 0.711839
vt 0.751960 0.715289
vt 0.757136 0.720093
vt 0.760714 0.718240
vt 0.554454 0.980730
vt 0.544889 0.966243
vt 0.538139 0.970087
vt 0.545340 0.985921
vt 0.530806 0.972648
vt 0.535438 0.989379
vt 0.521568 0.974428
vt 0.522963 0.991781
vt 0.510051 0.975410
vt 0.507412 0.993107
vt 0.575686 0.962057
vt 0.560612 0.952414
vt 0.552302 0.960449
vt 0.564465 0.972907
vt 0.761242 0.727737
vt 0.766183 0.728423
vt 0.726546 0.728422
vt 0.731488 0.727737
vt 0.735594 0.720093
vt 0.732016 0.718240
vt 0.740770 0.715288
vt 0.738912 0.711839
vt 0.746365 0.713650
vt 0.746365 0.709656
vt 0.574900 0.674846
vt 0.569839 0.679342
vt 0.572582 0.682974
vt 0.578414 0.679500
vt 0.574471 0.687116
vt 0.580834 0.684805
vt 0.575847 0.692456
vt 0.582596 0.691645
vt 0.576695 0.699176
vt 0.583681 0.700253
vt 0.562669 0.664987
vt 0.560290 0.671645
vt 0.565798 0.675590
vt 0.569724 0.670040
vt 0.917228 0.778364
vt 0.917228 0.820023
vt 0.943844 0.820023
vt 0.943844 0.778364
vt 0.942747 0.710269
vt 0.942747 0.707342
vt 0.901088 0.707342
vt 0.901088 0.710269
vt 0.917228 0.820023
vt 0.917228 0.848237
vt 0.943844 0.848237
vt 0.943844 0.820023
vt 0.918969 0.850590
vt 0.942103 0.850590
vt 0.922239 0.851711
vt 0.938833 0.851711
vt 0.927361 0.852307
vt 0.933711 0.852307
vt 0.901089 0.680837
vt 0.901089 0.683764
vt 0.942747 0.683764
vt 0.942747 0.680838
vt 0.901089 0.652623
vt 0.942747 0.652624
vt 0.917228 0.750149
vt 0.917228 0.778364
vt 0.943844 0.778364
vt 0.943844 0.750149
vt 0.918969 0.747797
vt 0.942103 0.747797
vt 0.922239 0.746676
vt 0.938833 0.746676
vt 0.927361 0.746079
vt 0.933711 0.746079
vt 0.740646 0.737698
vt 0.738747 0.741692
vt 0.753983 0.741692
vt 0.752083 0.737698
vt 0.942747 0.692378
vt 0.901088 0.692378
vt 0.901088 0.698728
vt 0.942747 0.698728
vt 0.942747 0.703885
vt 0.901088 0.703885
vt 0.901089 0.687221
vt 0.942747 0.687221
vt 0.563436 0.716996
vt 0.566695 0.723079
vt 0.575626 0.715936
vt 0.570407 0.711420
vt 0.477274 0.954858
vt 0.463152 0.965354
vt 0.477786 0.979813
vt 0.488111 0.965566
vt 0.901089 0.738484
vt 0.942747 0.738483
vt 0.500642 0.975329
vt 0.494707 0.992997
vt 0.764514 0.741692
vt 0.759989 0.737698
vt 0.487901 0.989808
vt 0.495603 0.972967
vt 0.762817 0.734622
vt 0.768281 0.737594
vt 0.250492 0.588712
vt 0.254566 0.595028
vt 0.267266 0.595403
vt 0.282432 0.591715
vt 0.254070 0.574949
vt 0.293140 0.584879
vt 0.259248 0.555038
vt 0.298527 0.575880
vt 0.298206 0.565398
vt 0.292184 0.554211
vt 0.262826 0.541275
vt 0.280736 0.543603
vt 0.269462 0.537744
vt 0.583955 0.952408
vt 0.566735 0.945269
vt 0.469783 0.947456
vt 0.453037 0.955360
vt 0.724447 0.737594
vt 0.729912 0.734622
vt 0.732740 0.737698
vt 0.728215 0.741692
vt 0.556501 0.661543
vt 0.555475 0.668956
vt 0.558617 0.720850
vt 0.560523 0.728016
vt 0.581799 0.710998
vt 0.575226 0.707565
vt 0.576767 0.704690
vt 0.583774 0.707316
vt 0.238751 0.868981
vt 0.237521 0.874357
vt 0.239729 0.876758
vt 0.241956 0.863014
vt 0.245901 0.876758
vt 0.245997 0.859263
vt 0.254829 0.876758
vt 0.250365 0.857984
vt 0.254733 0.859263
vt 0.258774 0.863014
vt 0.261001 0.876758
vt 0.261979 0.868981
vt 0.263209 0.874357
vt 0.494707 0.992997
vt 0.500642 0.975329
vt 0.467361 0.942446
vt 0.449766 0.948593
vt 0.555475 0.721723
vt 0.556498 0.729134
vt 0.576767 0.704690
vt 0.583774 0.707316
vt 0.397351 0.794424
vt 0.397090 0.785109
vt 0.398812 0.784336
vt 0.399351 0.793526
vt 0.369837 0.777354
vt 0.373400 0.770411
vt 0.375103 0.771735
vt 0.371814 0.778891
vt 0.421129 0.777317
vt 0.417563 0.770381
vt 0.419057 0.769273
vt 0.422864 0.776031
vt 0.400641 0.783180
vt 0.401474 0.792183
vt 0.368089 0.776047
vt 0.371895 0.769286
vt 0.387316 0.790679
vt 0.388450 0.781885
vt 0.390323 0.783264
vt 0.389492 0.792281
vt 0.391595 0.793606
vt 0.392134 0.784405
vt 0.393838 0.785149
vt 0.393573 0.794470
vt 0.373956 0.780542
vt 0.376947 0.773156
vt 0.366494 0.774983
vt 0.370522 0.768370
vt 0.395460 0.785393
vt 0.395458 0.794754
vt 0.402521 0.781801
vt 0.403659 0.790581
vt 0.420427 0.768370
vt 0.424455 0.774982
vt 0.417026 0.780475
vt 0.414031 0.773100
vt 0.415871 0.771688
vt 0.419164 0.778836
vt 0.072879 0.279253
vt 0.066603 0.284651
vt 0.068091 0.292875
vt 0.067670 0.272822
vt 0.069363 0.272053
vt 0.060330 0.290029
vt 0.065117 0.276417
vt 0.073349 0.276973
vt 0.067033 0.294946
vt 0.071001 0.272164
vt 0.065546 0.296486
vt 0.063855 0.297258
vt 0.073158 0.274825
vt 0.059863 0.292314
vt 0.062219 0.297145
vt 0.060885 0.296165
vt 0.066179 0.274355
vt 0.072333 0.273137
vt 0.060058 0.294469
vt 0.253342 0.728032
vt 0.251501 0.750900
vt 0.272248 0.743665
vt 0.275878 0.724620
vt 0.253719 0.724306
vt 0.276525 0.721538
vt 0.277143 0.706811
vt 0.276519 0.703794
vt 0.253718 0.701027
vt 0.254134 0.704815
vt 0.277592 0.709759
vt 0.254447 0.708704
vt 0.272247 0.681669
vt 0.251501 0.674434
vt 0.253341 0.697302
vt 0.275876 0.700713
vt 0.272118 0.752802
vt 0.252553 0.762233
vt 0.254132 0.765869
vt 0.273189 0.755509
vt 0.252553 0.663101
vt 0.272118 0.672532
vt 0.273188 0.669825
vt 0.254132 0.659465
vt 0.271671 0.749854
vt 0.251639 0.758440
vt 0.251341 0.754641
vt 0.271767 0.746776
vt 0.277760 0.712666
vt 0.254563 0.712666
vt 0.277601 0.715574
vt 0.254448 0.716629
vt 0.251639 0.666894
vt 0.271670 0.675480
vt 0.251341 0.670693
vt 0.271767 0.678558
vt 0.254134 0.720518
vt 0.277153 0.718522
vt 0.821971 0.801305
vt 0.818829 0.806135
vt 0.803045 0.848044
vt 0.804144 0.842589
vt 0.800530 0.841118
vt 0.798299 0.846152
vt 0.599195 0.788304
vt 0.601520 0.786563
vt 0.816557 0.843043
vt 0.814336 0.838696
vt 0.811629 0.841264
vt 0.812898 0.846387
vt 0.808049 0.842634
vt 0.808152 0.848137
vt 0.794596 0.842699
vt 0.797760 0.838462
vt 0.796259 0.835031
vt 0.792511 0.838187
vt 0.818602 0.838619
vt 0.815763 0.835318
vt 0.989323 0.585083
vt 0.989367 0.567386
vt 0.983365 0.567371
vt 0.983320 0.585068
vt 0.989412 0.549690
vt 0.983410 0.549675
vt 0.989456 0.531995
vt 0.983455 0.531980
vt 0.989277 0.602781
vt 0.983274 0.602766
vt 0.989498 0.514301
vt 0.983498 0.514288
vt 0.989232 0.620479
vt 0.983228 0.620464
vt 0.989631 0.355154
vt 0.989626 0.337478
vt 0.983630 0.337480
vt 0.983636 0.355155
vt 0.989634 0.372830
vt 0.983639 0.372831
vt 0.989635 0.390507
vt 0.983639 0.390506
vt 0.989631 0.408185
vt 0.983635 0.408183
vt 0.989623 0.425865
vt 0.983626 0.425861
vt 0.989611 0.443547
vt 0.983613 0.443542
vt 0.989593 0.461232
vt 0.983594 0.461224
vt 0.989568 0.478920
vt 0.983569 0.478910
vt 0.989537 0.496610
vt 0.983536 0.496598
vt 0.505934 0.873297
vt 0.507243 0.879889
vt 0.227153 0.811473
vt 0.223418 0.805894
vt 0.974943 0.581037
vt 0.974942 0.565890
vt 0.955760 0.565891
vt 0.955761 0.581038
vt 0.974939 0.520448
vt 0.974938 0.505301
vt 0.955756 0.505302
vt 0.955757 0.520449
vt 0.163904 0.781232
vt 0.157334 0.782535
vt 0.974942 0.384118
vt 0.974942 0.368970
vt 0.955760 0.368969
vt 0.955759 0.384117
vt 0.482558 0.939401
vt 0.476981 0.943138
vt 0.209481 0.735748
vt 0.210774 0.729165
vt 0.974941 0.550743
vt 0.974940 0.535595
vt 0.955758 0.535596
vt 0.955759 0.550743
vt 0.974940 0.414414
vt 0.974941 0.399266
vt 0.955758 0.399264
vt 0.955757 0.414412
vt 0.974943 0.353822
vt 0.974943 0.338675
vt 0.955761 0.338675
vt 0.955760 0.353822
vt 0.974938 0.444710
vt 0.974939 0.429562
vt 0.955756 0.429561
vt 0.955755 0.444709
vt 0.974938 0.490153
vt 0.955755 0.490154
vt 0.974937 0.459858
vt 0.955754 0.459858
vt 0.974937 0.475005
vt 0.955754 0.475006
vt 0.325539 0.928495
vt 0.331327 0.942343
vt 0.338282 0.940940
vt 0.331468 0.924550
vt 0.331320 0.957380
vt 0.338394 0.958787
vt 0.325541 0.971345
vt 0.331486 0.975380
vt 0.314843 0.917912
vt 0.318829 0.911970
vt 0.314827 0.981998
vt 0.318759 0.987999
vt 0.300863 0.912169
vt 0.302287 0.905130
vt 0.285712 0.912212
vt 0.284322 0.905130
vt 0.271736 0.917866
vt 0.267817 0.911939
vt 0.261054 0.928459
vt 0.255149 0.924432
vt 0.255273 0.942366
vt 0.248204 0.940951
vt 0.255234 0.957448
vt 0.248263 0.958843
vt 0.261043 0.971329
vt 0.255094 0.975279
vt 0.271735 0.981971
vt 0.267733 0.987910
vt 0.285706 0.987735
vt 0.284272 0.994762
vt 0.300836 0.987736
vt 0.302185 0.994784
vt 0.481513 0.679025
vt 0.478195 0.687027
vt 0.482621 0.687891
vt 0.485277 0.681516
vt 0.478195 0.695675
vt 0.482606 0.694784
vt 0.481499 0.703636
vt 0.485231 0.701146
vt 0.466030 0.907890
vt 0.462631 0.906937
vt 0.457200 0.920362
vt 0.460305 0.922040
vt 0.487582 0.709743
vt 0.490101 0.706013
vt 0.495569 0.713068
vt 0.496473 0.708649
vt 0.330825 0.887845
vt 0.334360 0.887917
vt 0.336259 0.873532
vt 0.332826 0.872683
vt 0.344727 0.930774
vt 0.347548 0.928644
vt 0.340148 0.916168
vt 0.336926 0.917623
vt 0.382173 0.955897
vt 0.383073 0.952481
vt 0.369553 0.947258
vt 0.367922 0.950392
vt 0.504232 0.713084
vt 0.503383 0.708652
vt 0.512248 0.709790
vt 0.509775 0.706019
vt 0.427104 0.952484
vt 0.425700 0.949245
vt 0.411853 0.953497
vt 0.412509 0.956966
vt 0.518400 0.703688
vt 0.514679 0.701150
vt 0.521754 0.695699
vt 0.517346 0.694781
vt 0.344531 0.779710
vt 0.326746 0.791680
vt 0.329370 0.797890
vt 0.350331 0.793625
vt 0.397408 0.954595
vt 0.397283 0.958124
vt 0.357514 0.939180
vt 0.355232 0.941879
vt 0.335678 0.902366
vt 0.332214 0.903075
vt 0.341282 0.859920
vt 0.338120 0.858335
vt 0.448944 0.932260
vt 0.451603 0.934581
vt 0.440352 0.944898
vt 0.438269 0.942048
vt 0.468494 0.892826
vt 0.464970 0.892646
vt 0.280321 0.779831
vt 0.298201 0.791637
vt 0.302966 0.786894
vt 0.290953 0.769159
vt 0.319957 0.763372
vt 0.315864 0.784341
vt 0.322046 0.786921
vt 0.333820 0.769074
vt 0.274557 0.808689
vt 0.295509 0.804518
vt 0.295568 0.797804
vt 0.274582 0.793718
vt 0.319924 0.839167
vt 0.315676 0.818067
vt 0.308965 0.818120
vt 0.304803 0.839132
vt 0.304923 0.763372
vt 0.309167 0.784343
vt 0.521795 0.687029
vt 0.517367 0.687877
vt 0.518497 0.678980
vt 0.514732 0.681491
vt 0.280248 0.822605
vt 0.298057 0.810719
vt 0.512333 0.672841
vt 0.509848 0.676604
vt 0.504311 0.669544
vt 0.503463 0.673969
vt 0.302767 0.815498
vt 0.290899 0.833339
vt 0.344646 0.822633
vt 0.326702 0.810817
vt 0.321910 0.815543
vt 0.333960 0.833363
vt 0.350378 0.808667
vt 0.329319 0.804617
vt 0.495643 0.669566
vt 0.496554 0.673980
vt 0.487640 0.672894
vt 0.490169 0.676631
vt 0.887399 0.581165
vt 0.896793 0.581165
vt 0.896793 0.527946
vt 0.887399 0.527946
vt 0.886825 0.524079
vt 0.887399 0.527946
vt 0.896793 0.527946
vt 0.897367 0.524279
vt 0.887399 0.581165
vt 0.886825 0.585031
vt 0.897367 0.584832
vt 0.896793 0.581165
vt 0.900308 0.526755
vt 0.896793 0.527946
vt 0.896793 0.581165
vt 0.900309 0.582356
vt 0.887399 0.527946
vt 0.883676 0.526755
vt 0.883676 0.582356
vt 0.887399 0.581165
vt 0.688988 0.835389
vt 0.686557 0.835873
vt 0.703936 0.820441
vt 0.704420 0.818010
vt 0.698492 0.818010
vt 0.698976 0.820441
vt 0.712026 0.839971
vt 0.714087 0.841349
vt 0.716355 0.835873
vt 0.713924 0.835389
vt 0.584614 0.881525
vt 0.582123 0.883628
vt 0.585470 0.887291
vt 0.587788 0.884999
vt 0.708518 0.843479
vt 0.709895 0.845540
vt 0.708518 0.822339
vt 0.709896 0.820278
vt 0.688988 0.830429
vt 0.686557 0.829945
vt 0.703936 0.845377
vt 0.704419 0.847808
vt 0.712026 0.825846
vt 0.714087 0.824469
vt 0.690886 0.825846
vt 0.688825 0.824469
vt 0.698976 0.845377
vt 0.698492 0.847808
vt 0.713924 0.830429
vt 0.716355 0.829945
vt 0.694394 0.822339
vt 0.693016 0.820278
vt 0.634743 0.902738
vt 0.634967 0.905988
vt 0.639896 0.905455
vt 0.639419 0.902232
vt 0.602888 0.896116
vt 0.601387 0.899010
vt 0.605878 0.901119
vt 0.607147 0.898117
vt 0.581720 0.877814
vt 0.579073 0.879716
vt 0.598798 0.893789
vt 0.597076 0.896557
vt 0.644769 0.904539
vt 0.644042 0.901363
vt 0.620676 0.902051
vt 0.620138 0.905266
vt 0.625058 0.905893
vt 0.625344 0.902647
vt 0.649555 0.903244
vt 0.648582 0.900135
vt 0.594902 0.891149
vt 0.592969 0.893774
vt 0.616069 0.901093
vt 0.615282 0.904257
vt 0.591224 0.888214
vt 0.589093 0.890679
vt 0.630011 0.906134
vt 0.630042 0.902876
vt 0.611550 0.899779
vt 0.610519 0.902872
vt 0.951902 0.619731
vt 0.963729 0.622084
vt 0.963729 0.617379
vt 0.945203 0.609705
vt 0.941876 0.613032
vt 0.941876 0.626431
vt 0.945203 0.629758
vt 0.961928 0.626431
vt 0.940076 0.617379
vt 0.940076 0.622084
vt 0.958601 0.629758
vt 0.958601 0.609705
vt 0.954255 0.607905
vt 0.954255 0.631558
vt 0.961928 0.613032
vt 0.949550 0.607905
vt 0.949550 0.631558
vt 0.627855 0.974300
vt 0.637379 0.974298
vt 0.637379 0.978321
vt 0.627855 0.978322
vt 0.578867 0.974301
vt 0.578867 0.978323
vt 0.570657 0.978324
vt 0.570657 0.974301
vt 0.625351 0.966092
vt 0.613147 0.974301
vt 0.587076 0.974301
vt 0.587076 0.966092
vt 0.670823 0.974294
vt 0.670824 0.978317
vt 0.637379 0.978321
vt 0.637379 0.974298
vt 0.613147 0.974301
vt 0.613147 0.978323
vt 0.587076 0.978323
vt 0.587076 0.974301
vt 0.625352 0.986532
vt 0.620522 0.994741
vt 0.587076 0.994742
vt 0.587076 0.986532
vt 0.627855 0.974300
vt 0.627855 0.978322
vt 0.587076 0.974301
vt 0.587076 0.978323
vt 0.620522 0.957882
vt 0.587076 0.957882
vt 0.613147 0.978323
vt 0.587076 0.978323
vt 0.753928 0.965179
vt 0.753928 0.961156
vt 0.762137 0.961156
vt 0.762137 0.965179
vt 0.670187 0.965203
vt 0.670185 0.961181
vt 0.703624 0.961163
vt 0.703626 0.965186
vt 0.715652 0.973389
vt 0.727857 0.965179
vt 0.753928 0.965179
vt 0.753928 0.973389
vt 0.727857 0.965179
vt 0.713149 0.965182
vt 0.713148 0.961160
vt 0.727856 0.961156
vt 0.715652 0.952947
vt 0.720481 0.944738
vt 0.753928 0.944738
vt 0.753928 0.952947
vt 0.770347 0.961156
vt 0.770347 0.965179
vt 0.753928 0.961156
vt 0.753928 0.965179
vt 0.713149 0.965182
vt 0.703626 0.965186
vt 0.703624 0.961163
vt 0.713148 0.961160
vt 0.720482 0.981598
vt 0.753928 0.981598
vt 0.727856 0.961156
vt 0.753928 0.961156
vt 0.834378 0.718499
vt 0.836444 0.709202
vt 0.832517 0.708328
vt 0.830451 0.717626
vt 0.823749 0.766320
vt 0.819822 0.765447
vt 0.818041 0.773461
vt 0.821968 0.774334
vt 0.841848 0.722725
vt 0.831187 0.732857
vt 0.825530 0.758307
vt 0.833543 0.760088
vt 0.843702 0.676552
vt 0.839775 0.675679
vt 0.832517 0.708328
vt 0.836444 0.709202
vt 0.831187 0.732857
vt 0.827260 0.731984
vt 0.821603 0.757434
vt 0.825530 0.758307
vt 0.821894 0.718289
vt 0.812833 0.721222
vt 0.805576 0.753871
vt 0.813589 0.755652
vt 0.834378 0.718499
vt 0.830451 0.717626
vt 0.825530 0.758307
vt 0.821603 0.757434
vt 0.848814 0.729220
vt 0.841556 0.761869
vt 0.827260 0.731984
vt 0.821603 0.757434
vt 0.819730 0.934251
vt 0.819730 0.938274
vt 0.827939 0.938274
vt 0.827939 0.934251
vt 0.735980 0.934251
vt 0.735980 0.938274
vt 0.769426 0.938274
vt 0.769426 0.934251
vt 0.781455 0.926042
vt 0.793659 0.934251
vt 0.819730 0.934251
vt 0.819730 0.926042
vt 0.793659 0.934251
vt 0.778951 0.934251
vt 0.778951 0.938274
vt 0.793659 0.938274
vt 0.781455 0.946483
vt 0.786284 0.954692
vt 0.819730 0.954692
vt 0.819730 0.946483
vt 0.836148 0.938274
vt 0.836148 0.934251
vt 0.819730 0.938274
vt 0.819730 0.934251
vt 0.778951 0.934251
vt 0.769426 0.934251
vt 0.769426 0.938274
vt 0.778951 0.938274
vt 0.786284 0.917833
vt 0.819730 0.917833
vt 0.793659 0.938274
vt 0.819730 0.938274
vt 0.887055 0.923940
vt 0.896580 0.923941
vt 0.896580 0.927964
vt 0.887055 0.927964
vt 0.838066 0.923940
vt 0.838066 0.927963
vt 0.829858 0.927964
vt 0.829857 0.923941
vt 0.884550 0.915730
vt 0.872346 0.923939
vt 0.846275 0.923939
vt 0.846275 0.915730
vt 0.930029 0.923944
vt 0.930029 0.927968
vt 0.896580 0.927964
vt 0.896580 0.923941
vt 0.872346 0.923939
vt 0.872346 0.927962
vt 0.846275 0.927962
vt 0.846275 0.923939
vt 0.884549 0.936171
vt 0.879720 0.944380
vt 0.846275 0.944380
vt 0.846275 0.936171
vt 0.887055 0.923940
vt 0.887055 0.927964
vt 0.846275 0.923939
vt 0.846275 0.927962
vt 0.879720 0.907521
vt 0.846275 0.907521
vt 0.872346 0.927962
vt 0.846275 0.927962
vt 0.884322 0.449530
vt 0.880299 0.449570
vt 0.880382 0.457779
vt 0.884404 0.457739
vt 0.883484 0.365786
vt 0.879461 0.365826
vt 0.879795 0.399270
vt 0.883818 0.399229
vt 0.892147 0.411174
vt 0.884060 0.423460
vt 0.884322 0.449530
vt 0.892531 0.449447
vt 0.884060 0.423460
vt 0.883913 0.408753
vt 0.879891 0.408793
vt 0.880038 0.423500
vt 0.871707 0.411379
vt 0.863546 0.416291
vt 0.863882 0.449735
vt 0.872091 0.449652
vt 0.880464 0.465988
vt 0.884486 0.465947
vt 0.880299 0.449570
vt 0.884322 0.449530
vt 0.883913 0.408753
vt 0.883818 0.399229
vt 0.879795 0.399270
vt 0.879891 0.408793
vt 0.900404 0.415921
vt 0.900740 0.449365
vt 0.880038 0.423500
vt 0.880299 0.449570
vt 0.189700 0.974966
vt 0.180175 0.974967
vt 0.180176 0.978990
vt 0.189700 0.978989
vt 0.238689 0.974965
vt 0.238689 0.978988
vt 0.246898 0.978988
vt 0.246898 0.974965
vt 0.192205 0.966756
vt 0.204409 0.974965
vt 0.230480 0.974965
vt 0.230480 0.966756
vt 0.146728 0.974969
vt 0.146729 0.978992
vt 0.180176 0.978990
vt 0.180175 0.974967
vt 0.204409 0.974965
vt 0.204409 0.978988
vt 0.230480 0.978988
vt 0.230480 0.974965
vt 0.192205 0.987198
vt 0.197035 0.995406
vt 0.230480 0.995406
vt 0.230480 0.987198
vt 0.189700 0.974966
vt 0.189700 0.978989
vt 0.230480 0.974965
vt 0.230480 0.978988
vt 0.197034 0.958547
vt 0.230480 0.958547
vt 0.204409 0.978988
vt 0.230480 0.978988
vt 0.669153 0.890063
vt 0.669902 0.886111
vt 0.661837 0.884582
vt 0.661088 0.888535
vt 0.751437 0.905654
vt 0.752186 0.901701
vt 0.719326 0.895477
vt 0.718577 0.899429
vt 0.705230 0.905257
vt 0.694769 0.894919
vt 0.669153 0.890063
vt 0.667624 0.898129
vt 0.694769 0.894919
vt 0.709220 0.897656
vt 0.709968 0.893704
vt 0.695518 0.890966
vt 0.709037 0.885174
vt 0.705821 0.876209
vt 0.672960 0.869980
vt 0.671431 0.878045
vt 0.653771 0.883053
vt 0.653022 0.887006
vt 0.669902 0.886111
vt 0.669153 0.890063
vt 0.709220 0.897656
vt 0.718577 0.899429
vt 0.719326 0.895477
vt 0.709968 0.893704
vt 0.698956 0.912423
vt 0.666096 0.906195
vt 0.695518 0.890966
vt 0.669902 0.886111
vt 0.484783 0.818191
vt 0.483003 0.815673
vt 0.470308 0.820845
vt 0.470892 0.823786
vt 0.472000 0.747841
vt 0.471375 0.750740
vt 0.483502 0.755819
vt 0.485169 0.753402
vt 0.458774 0.755388
vt 0.459431 0.758332
vt 0.469844 0.758017
vt 0.470305 0.755685
vt 0.492061 0.778779
vt 0.489101 0.779156
vt 0.488710 0.790691
vt 0.491537 0.791146
vt 0.447723 0.760333
vt 0.449347 0.762632
vt 0.478313 0.809175
vt 0.480068 0.811584
vt 0.487878 0.802599
vt 0.485447 0.801255
vt 0.468828 0.813512
vt 0.469323 0.815850
vt 0.434765 0.780067
vt 0.437510 0.780565
vt 0.441654 0.770432
vt 0.439294 0.768932
vt 0.426585 0.793588
vt 0.429619 0.793001
vt 0.429628 0.778996
vt 0.426585 0.778390
vt 0.439235 0.803091
vt 0.441515 0.801556
vt 0.437474 0.791493
vt 0.434756 0.792060
vt 0.442849 0.818175
vt 0.444548 0.815672
vt 0.434879 0.805883
vt 0.432317 0.807566
vt 0.495019 0.806803
vt 0.492359 0.805230
vt 0.457036 0.820901
vt 0.456442 0.823817
vt 0.443033 0.753323
vt 0.444805 0.755928
vt 0.457783 0.750396
vt 0.457203 0.747379
vt 0.492859 0.765462
vt 0.495266 0.763794
vt 0.479150 0.762040
vt 0.480609 0.759875
vt 0.434923 0.765989
vt 0.432339 0.764292
vt 0.458109 0.815994
vt 0.457036 0.820901
vt 0.470308 0.820845
vt 0.469323 0.815850
vt 0.480068 0.811584
vt 0.483003 0.815673
vt 0.492359 0.805230
vt 0.487878 0.802599
vt 0.439235 0.803091
vt 0.434879 0.805883
vt 0.444548 0.815672
vt 0.447465 0.811489
vt 0.499816 0.792606
vt 0.496807 0.792065
vt 0.491537 0.791146
vt 0.496807 0.792065
vt 0.497116 0.778121
vt 0.492061 0.778779
vt 0.458109 0.815994
vt 0.458611 0.813398
vt 0.448965 0.809234
vt 0.447465 0.811489
vt 0.486466 0.770240
vt 0.488608 0.768083
vt 0.500105 0.777678
vt 0.497116 0.778121
vt 0.488608 0.768083
vt 0.492859 0.765462
vt 0.483502 0.755819
vt 0.480609 0.759875
vt 0.447723 0.760333
vt 0.444805 0.755928
vt 0.434923 0.765989
vt 0.439294 0.768932
vt 0.434756 0.792060
vt 0.429619 0.793001
vt 0.495473 0.764058
vt 0.470305 0.755685
vt 0.471375 0.750740
vt 0.457783 0.750396
vt 0.458774 0.755388
vt 0.486552 0.770240
vt 0.434765 0.780067
vt 0.429628 0.778996
vt 0.028367 0.106724
vt 0.010365 0.089868
vt 0.010365 0.123581
vt 0.028367 0.137650
vt 0.035256 0.136579
vt 0.021478 0.076870
vt 0.028367 0.075799
vt 0.041097 0.133529
vt 0.015638 0.079920
vt 0.044999 0.084484
vt 0.046369 0.089868
vt 0.044999 0.128965
vt 0.011735 0.084484
vt 0.011735 0.128965
vt 0.041097 0.079920
vt 0.015638 0.133529
vt 0.021478 0.136579
vt 0.035256 0.076870
vt 0.046369 0.123581
vt 0.254651 0.302236
vt 0.326291 0.240933
vt 0.313992 0.234645
vt 0.225154 0.258343
vt 0.178103 0.281975
vt 0.298235 0.231741
vt 0.286122 0.233234
vt 0.264836 0.239816
vt 0.341859 0.257207
vt 0.368749 0.302236
vt 0.140552 0.302236
vt 0.756311 0.274118
vt 0.759745 0.222243
vt 0.781251 0.216789
vt 0.775923 0.273246
vt 0.562831 0.835837
vt 0.487368 0.865588
vt 0.477458 0.865667
vt 0.467489 0.861599
vt 0.460813 0.854754
vt 0.824415 0.199738
vt 0.894024 0.272007
vt 0.832290 0.274197
vt 0.696775 0.232243
vt 0.815899 0.273823
vt 0.639688 0.282573
vt 0.544616 0.302382
vt 0.553845 0.301945
vt 0.536826 0.303604
vt 0.533094 0.305200
vt 0.797848 0.210497
vt 0.634617 0.304122
vt 0.790519 0.273152
vt 0.802329 0.273449
vt 0.811135 0.204224
vt 0.711474 0.217641
vt 0.229414 0.845354
vt 0.233862 0.851967
vt 0.222151 0.852192
vt 0.228483 0.857031
vt 0.217462 0.860998
vt 0.225010 0.863552
vt 0.215842 0.870842
vt 0.223811 0.870842
vt 0.217462 0.880686
vt 0.225010 0.878132
vt 0.222151 0.889491
vt 0.228483 0.884653
vt 0.229415 0.896329
vt 0.233862 0.889717
vt 0.202727 0.537327
vt 0.195408 0.526862
vt 0.190350 0.529990
vt 0.196444 0.541213
vt 0.113074 0.793801
vt 0.070495 0.793716
vt 0.113027 0.783272
vt 0.070450 0.783741
vt 0.112843 0.772744
vt 0.070276 0.773766
vt 0.112521 0.762219
vt 0.069971 0.763794
vt 0.112064 0.751700
vt 0.069538 0.753828
vt 0.111469 0.741187
vt 0.068974 0.743867
vt 0.110738 0.730683
vt 0.068282 0.733915
vt 0.010418 0.326323
vt 0.017197 0.325948
vt 0.017625 0.354802
vt 0.010915 0.354847
vt 0.010958 0.369108
vt 0.017648 0.369090
vt 0.017512 0.397515
vt 0.010920 0.397427
vt 0.010621 0.411322
vt 0.017114 0.411668
vt 0.017524 0.340449
vt 0.121793 0.355866
vt 0.122019 0.341662
vt 0.425119 0.981707
vt 0.427182 0.984826
vt 0.437662 0.975736
vt 0.434865 0.973286
vt 0.122267 0.327428
vt 0.010796 0.340576
vt 0.363310 0.978276
vt 0.365935 0.975603
vt 0.017626 0.383329
vt 0.010971 0.383320
vt 0.374342 0.986616
vt 0.376148 0.983352
vt 0.121229 0.398316
vt 0.121396 0.384190
vt 0.388077 0.988057
vt 0.387216 0.991688
vt 0.400990 0.993108
vt 0.400842 0.989376
vt 0.121092 0.412428
vt 0.121585 0.370041
vt 0.414649 0.990764
vt 0.413500 0.987207
vt 0.208533 0.532758
vt 0.200082 0.523184
vt 0.175552 0.548326
vt 0.173532 0.535715
vt 0.213787 0.527564
vt 0.204311 0.519003
vt 0.182769 0.546748
vt 0.179342 0.534445
vt 0.189763 0.544367
vt 0.184972 0.532529
vt 0.943120 0.884547
vt 0.952052 0.884895
vt 0.942773 0.895244
vt 0.951708 0.895476
vt 0.942564 0.905945
vt 0.951502 0.906061
vt 0.942494 0.916648
vt 0.951433 0.916648
vt 0.942564 0.927351
vt 0.951502 0.927235
vt 0.942772 0.938053
vt 0.951709 0.937821
vt 0.943120 0.948751
vt 0.952053 0.948402
vt 0.276115 0.933026
vt 0.272547 0.930097
vt 0.267327 0.939308
vt 0.271673 0.940863
vt 0.967657 0.921503
vt 0.968013 0.931293
vt 0.968166 0.931289
vt 0.967829 0.921496
vt 0.968105 0.947709
vt 0.967911 0.954546
vt 0.968016 0.954550
vt 0.968225 0.947711
vt 0.271673 0.958614
vt 0.267327 0.960170
vt 0.272547 0.969380
vt 0.276115 0.966451
vt 0.270133 0.949739
vt 0.265516 0.949739
vt 0.967024 0.910488
vt 0.967216 0.910475
vt 0.282938 0.927145
vt 0.280566 0.923184
vt 0.282938 0.972332
vt 0.280566 0.976293
vt 0.970997 0.954883
vt 0.968016 0.954550
vt 0.971561 0.947988
vt 0.968225 0.947711
vt 0.966265 0.898131
vt 0.972341 0.897925
vt 0.966051 0.898147
vt 0.966265 0.898131
vt 0.968148 0.939988
vt 0.968284 0.939988
vt 0.972606 0.910475
vt 0.967216 0.910475
vt 0.967829 0.921496
vt 0.972606 0.921594
vt 0.972404 0.931464
vt 0.968166 0.931289
vt 0.968284 0.939988
vt 0.972042 0.940222
vt 0.578365 0.419966
vt 0.580140 0.424524
vt 0.609995 0.412896
vt 0.608220 0.408337
vt 0.650013 0.392078
vt 0.615923 0.405338
vt 0.617698 0.409899
vt 0.651788 0.396641
vt 0.608220 0.408337
vt 0.609942 0.400257
vt 0.575828 0.413358
vt 0.578365 0.419966
vt 0.615923 0.405338
vt 0.608220 0.408337
vt 0.609995 0.412896
vt 0.617698 0.409899
vt 0.578365 0.419966
vt 0.571770 0.422535
vt 0.573545 0.427092
vt 0.580140 0.424524
vt 0.580140 0.424524
vt 0.582741 0.431107
vt 0.616729 0.417682
vt 0.609995 0.412896
vt 0.712899 0.193522
vt 0.714221 0.198232
vt 0.745077 0.189573
vt 0.743753 0.184864
vt 0.786879 0.172697
vt 0.751705 0.182625
vt 0.753032 0.187334
vt 0.788208 0.177405
vt 0.743753 0.184864
vt 0.746257 0.176990
vt 0.711019 0.186696
vt 0.712899 0.193522
vt 0.751705 0.182625
vt 0.743753 0.184864
vt 0.745077 0.189573
vt 0.753032 0.187334
vt 0.712899 0.193522
vt 0.706082 0.195435
vt 0.707404 0.200146
vt 0.714221 0.198232
vt 0.714221 0.198232
vt 0.716166 0.205040
vt 0.751312 0.194996
vt 0.745077 0.189573
vt 0.894165 0.322276
vt 0.889274 0.322214
vt 0.888868 0.354254
vt 0.893760 0.354316
vt 0.893163 0.399146
vt 0.893653 0.362581
vt 0.888760 0.362516
vt 0.888269 0.399080
vt 0.893760 0.354316
vt 0.900607 0.358941
vt 0.901243 0.322400
vt 0.894165 0.322276
vt 0.893653 0.362581
vt 0.893760 0.354316
vt 0.888868 0.354254
vt 0.888760 0.362516
vt 0.894165 0.322276
vt 0.894254 0.315198
vt 0.889363 0.315136
vt 0.889274 0.322214
vt 0.889274 0.322214
vt 0.882195 0.322159
vt 0.881907 0.358703
vt 0.888868 0.354254
vt 0.865714 0.546418
vt 0.860822 0.546418
vt 0.860822 0.578462
vt 0.865714 0.578462
vt 0.865697 0.623285
vt 0.865713 0.586727
vt 0.860820 0.586725
vt 0.860804 0.623283
vt 0.865714 0.578462
vt 0.872619 0.583000
vt 0.872793 0.546452
vt 0.865714 0.546418
vt 0.865713 0.586727
vt 0.865714 0.578462
vt 0.860822 0.578462
vt 0.860820 0.586725
vt 0.865714 0.546418
vt 0.865714 0.539338
vt 0.860822 0.539338
vt 0.860822 0.546418
vt 0.860822 0.546418
vt 0.853743 0.546452
vt 0.853917 0.583000
vt 0.860822 0.578462
vt 0.367871 0.973663
vt 0.371202 0.970361
vt 0.377498 0.980951
vt 0.379802 0.976874
vt 0.411265 0.980094
vt 0.412669 0.984573
vt 0.423608 0.979391
vt 0.421046 0.975451
vt 0.389852 0.980828
vt 0.388731 0.985379
vt 0.400750 0.986618
vt 0.400604 0.981930
vt 0.429225 0.968334
vt 0.432774 0.971447
vt 0.880566 0.863656
vt 0.876098 0.861926
vt 0.871183 0.873059
vt 0.875473 0.875195
vt 0.884950 0.814328
vt 0.889742 0.814320
vt 0.865260 0.883689
vt 0.869333 0.886212
vt 0.884405 0.826484
vt 0.889177 0.826921
vt 0.882737 0.838538
vt 0.887448 0.839414
vt 0.879960 0.850386
vt 0.884569 0.851695
vt 0.164409 0.910189
vt 0.162863 0.911733
vt 0.169867 0.922229
vt 0.171886 0.921394
vt 0.153199 0.966468
vt 0.152365 0.964451
vt 0.174506 0.934604
vt 0.172322 0.934603
vt 0.169857 0.946972
vt 0.171874 0.947808
vt 0.153213 0.902695
vt 0.152375 0.904714
vt 0.164391 0.958996
vt 0.162848 0.957452
vt 0.032388 0.449470
vt 0.026714 0.451250
vt 0.036950 0.445654
vt 0.011703 0.443407
vt 0.039704 0.440383
vt 0.015519 0.447969
vt 0.020790 0.450723
vt 0.214519 0.567231
vt 0.215109 0.555076
vt 0.218626 0.578686
vt 0.226803 0.587698
vt 0.229317 0.535895
vt 0.240772 0.531788
vt 0.237807 0.592894
vt 0.220305 0.544073
vt 0.907897 0.768810
vt 0.896595 0.768810
vt 0.896596 0.775768
vt 0.907898 0.775767
vt 0.907898 0.782725
vt 0.896596 0.782725
vt 0.896597 0.789683
vt 0.907898 0.789683
vt 0.907899 0.803598
vt 0.896597 0.803598
vt 0.896597 0.810555
vt 0.907899 0.810555
vt 0.907896 0.852301
vt 0.896594 0.852300
vt 0.896594 0.859258
vt 0.907896 0.859258
vt 0.907897 0.845343
vt 0.896595 0.845342
vt 0.907899 0.796640
vt 0.896597 0.796640
vt 0.907897 0.761852
vt 0.896595 0.761853
vt 0.527211 0.910684
vt 0.520005 0.903477
vt 0.522643 0.913321
vt 0.633658 0.994627
vt 0.512799 0.910684
vt 0.510161 0.906115
vt 0.529849 0.906115
vt 0.510161 0.900839
vt 0.527211 0.896271
vt 0.529849 0.900839
vt 0.512799 0.896271
vt 0.517367 0.913321
vt 0.517367 0.893633
vt 0.522643 0.893633
vt 0.519901 0.942347
vt 0.523025 0.937106
vt 0.508341 0.945507
vt 0.514525 0.945421
vt 0.514573 0.923020
vt 0.508369 0.923108
vt 0.499921 0.931425
vt 0.503008 0.926184
vt 0.907898 0.824471
vt 0.896596 0.824470
vt 0.896597 0.817513
vt 0.907898 0.817513
vt 0.907896 0.747937
vt 0.896594 0.747938
vt 0.896594 0.754895
vt 0.907896 0.754895
vt 0.183306 0.253253
vt 0.186429 0.237551
vt 0.180183 0.237551
vt 0.199008 0.250130
vt 0.196618 0.244359
vt 0.174411 0.266566
vt 0.180183 0.268956
vt 0.174411 0.239942
vt 0.199008 0.256377
vt 0.186429 0.268956
vt 0.192201 0.266566
vt 0.169994 0.262148
vt 0.169994 0.244359
vt 0.167604 0.250130
vt 0.192201 0.239942
vt 0.167604 0.256377
vt 0.196618 0.262148
vt 0.954852 0.650982
vt 0.954726 0.670561
vt 0.957939 0.670769
vt 0.958098 0.651007
vt 0.971247 0.670637
vt 0.974309 0.670460
vt 0.973970 0.650852
vt 0.970911 0.650905
vt 0.968669 0.650943
vt 0.965471 0.650993
vt 0.965660 0.671044
vt 0.968975 0.670824
vt 0.963315 0.651011
vt 0.960306 0.651019
vt 0.960221 0.670940
vt 0.963402 0.671083
vt 0.952503 0.670512
vt 0.952610 0.650969
vt 0.952167 0.684670
vt 0.954409 0.684463
vt 0.971470 0.684904
vt 0.974468 0.684601
vt 0.974621 0.693530
vt 0.971630 0.693812
vt 0.971733 0.702824
vt 0.974741 0.702574
vt 0.954288 0.693416
vt 0.952026 0.693600
vt 0.951943 0.702640
vt 0.954235 0.702486
vt 0.969528 0.702904
vt 0.969424 0.693873
vt 0.969253 0.684950
vt 0.957792 0.684272
vt 0.960186 0.684275
vt 0.957728 0.693262
vt 0.957716 0.702399
vt 0.960148 0.693280
vt 0.960143 0.702447
vt 0.974786 0.711441
vt 0.971768 0.711640
vt 0.971637 0.720640
vt 0.974672 0.720485
vt 0.954245 0.711372
vt 0.951943 0.711507
vt 0.952161 0.720527
vt 0.954481 0.720401
vt 0.969456 0.720722
vt 0.969580 0.711732
vt 0.957771 0.711321
vt 0.957855 0.720337
vt 0.960170 0.711402
vt 0.960223 0.720411
vt 0.974559 0.729517
vt 0.971521 0.729630
vt 0.971251 0.738945
vt 0.974310 0.738863
vt 0.952634 0.738834
vt 0.954964 0.738584
vt 0.954632 0.729388
vt 0.952296 0.729525
vt 0.969149 0.738861
vt 0.969390 0.729681
vt 0.957982 0.729230
vt 0.958206 0.738155
vt 0.960288 0.729253
vt 0.960402 0.738047
vt 0.955174 0.747288
vt 0.955798 0.755452
vt 0.958778 0.755559
vt 0.958342 0.747022
vt 0.960714 0.755697
vt 0.960489 0.746989
vt 0.952871 0.747489
vt 0.953536 0.755478
vt 0.971039 0.747558
vt 0.970537 0.755611
vt 0.973640 0.755609
vt 0.974081 0.747538
vt 0.968982 0.747528
vt 0.968432 0.755720
vt 0.970308 0.796896
vt 0.970373 0.805106
vt 0.973314 0.805059
vt 0.973309 0.796864
vt 0.970559 0.822628
vt 0.970541 0.863095
vt 0.973430 0.863096
vt 0.973451 0.822609
vt 0.968457 0.822676
vt 0.968438 0.863094
vt 0.968193 0.796908
vt 0.968272 0.805180
vt 0.955625 0.805087
vt 0.955737 0.796780
vt 0.953593 0.796792
vt 0.953511 0.805028
vt 0.955242 0.863075
vt 0.955358 0.822622
vt 0.953247 0.822572
vt 0.953135 0.863070
vt 0.970418 0.780370
vt 0.970348 0.788745
vt 0.973380 0.788720
vt 0.973476 0.780333
vt 0.968290 0.780377
vt 0.968228 0.788750
vt 0.955720 0.788595
vt 0.955679 0.780186
vt 0.953485 0.780233
vt 0.953553 0.788631
vt 0.968349 0.763768
vt 0.965371 0.763797
vt 0.965344 0.772120
vt 0.968376 0.772132
vt 0.965316 0.780369
vt 0.965280 0.788752
vt 0.970495 0.772106
vt 0.970463 0.763702
vt 0.963360 0.780322
vt 0.963344 0.788717
vt 0.963379 0.763772
vt 0.963375 0.772070
vt 0.965262 0.796926
vt 0.965333 0.805308
vt 0.963338 0.796903
vt 0.963372 0.805345
vt 0.965427 0.822756
vt 0.965386 0.863094
vt 0.963386 0.822790
vt 0.963325 0.863092
vt 0.973552 0.772035
vt 0.973528 0.763626
vt 0.955637 0.771880
vt 0.955790 0.763469
vt 0.953560 0.763470
vt 0.953425 0.771908
vt 0.965819 0.747283
vt 0.965432 0.755821
vt 0.963590 0.747118
vt 0.963428 0.755841
vt 0.966047 0.729548
vt 0.965907 0.738451
vt 0.963596 0.738198
vt 0.963626 0.729419
vt 0.966069 0.711710
vt 0.966086 0.720688
vt 0.963592 0.711608
vt 0.963617 0.720596
vt 0.958686 0.771899
vt 0.958766 0.763539
vt 0.958674 0.788608
vt 0.958664 0.780193
vt 0.960652 0.771956
vt 0.960700 0.763637
vt 0.960638 0.788638
vt 0.960634 0.780229
vt 0.958572 0.805228
vt 0.958672 0.796806
vt 0.960592 0.805304
vt 0.960639 0.796838
vt 0.963558 0.693523
vt 0.963580 0.702675
vt 0.966056 0.702832
vt 0.965994 0.693728
vt 0.965896 0.684763
vt 0.963538 0.684528
vt 0.960492 0.822773
vt 0.960405 0.863089
vt 0.958391 0.822720
vt 0.958289 0.863084
vt 0.969096 0.864614
vt 0.971993 0.866135
vt 0.970541 0.863095
vt 0.973860 0.644414
vt 0.972395 0.647659
vt 0.975418 0.645998
vt 0.970911 0.650905
vt 0.973970 0.650852
vt 0.975473 0.649217
vt 0.970801 0.644466
vt 0.969353 0.649321
vt 0.974874 0.864616
vt 0.974873 0.867656
vt 0.969165 0.867654
vt 0.970539 0.869174
vt 0.973428 0.869175
vt 0.969372 0.646101
vt 0.973430 0.863096
vt 0.861409 0.129025
vt 0.772540 0.152173
vt 0.892403 0.120806
vt 0.019872 0.265080
vt 0.012321 0.261926
vt 0.368942 0.553197
vt 0.371987 0.577363
vt 0.017756 0.169133
vt 0.014434 0.172610
vt 0.029064 0.173219
vt 0.034038 0.170043
vt 0.371873 0.599401
vt 0.071874 0.181315
vt 0.067968 0.161134
vt 0.034750 0.191429
vt 0.384294 0.161929
vt 0.420338 0.166954
vt 0.451895 0.151801
vt 0.849607 0.118159
vt 0.757149 0.130702
vt 0.768438 0.143745
vt 0.858425 0.124639
vt 0.886724 0.115055
vt 0.890610 0.119067
vt 0.065028 0.131894
vt 0.072484 0.134219
vt 0.081366 0.113088
vt 0.071833 0.115050
vt 0.021175 0.156454
vt 0.035896 0.158929
vt 0.098580 0.170158
vt 0.093162 0.152155
vt 0.277045 0.041587
vt 0.378980 0.056821
vt 0.095066 0.128230
vt 0.072484 0.134219
vt 0.099158 0.108534
vt 0.081366 0.113088
vt 0.450969 0.176501
vt 0.439035 0.178494
vt 0.101880 0.173290
vt 0.451792 0.196436
vt 0.453615 0.123055
vt 0.472609 0.126647
vt 0.553070 0.210261
vt 0.415523 0.248624
vt 0.543566 0.172036
vt 0.413397 0.235104
vt 0.549388 0.195484
vt 0.669504 0.179646
vt 0.654791 0.148596
vt 0.665083 0.167503
vt 0.031517 0.462525
vt 0.122993 0.444712
vt 0.112672 0.464640
vt 0.117306 0.455875
vt 0.029514 0.467831
vt 0.027696 0.472071
vt 0.856498 0.107207
vt 0.869929 0.102141
vt 0.883828 0.094696
vt 0.897700 0.086567
vt 0.662512 0.568491
vt 0.674248 0.545553
vt 0.648365 0.557914
vt 0.633889 0.580948
vt 0.619696 0.525091
vt 0.598360 0.557532
vt 0.614811 0.561284
vt 0.633334 0.529821
vt 0.684942 0.521151
vt 0.662860 0.529519
vt 0.843038 0.431380
vt 0.780247 0.476827
vt 0.789019 0.489239
vt 0.852157 0.444072
vt 0.717118 0.537127
vt 0.716514 0.520011
vt 0.715090 0.502485
vt 0.833375 0.418075
vt 0.770873 0.463891
vt 0.014216 0.466558
vt 0.017009 0.469588
vt 0.020087 0.472572
vt 0.982577 0.823178
vt 0.982577 0.888968
vt 0.539579 0.268496
vt 0.587164 0.288783
vt 0.639492 0.214813
vt 0.666194 0.226197
vt 0.537761 0.240614
vt 0.639492 0.214813
vt 0.666194 0.226197
vt 0.625936 0.278206
vt 0.907513 0.088765
vt 0.907513 0.108814
vt 0.907514 0.269208
vt 0.907514 0.289258
vt 0.907513 0.128863
vt 0.907513 0.148913
vt 0.907514 0.309307
vt 0.907514 0.329356
vt 0.907514 0.168962
vt 0.907514 0.189011
vt 0.907513 0.028617
vt 0.907513 0.048666
vt 0.907514 0.209061
vt 0.907514 0.229110
vt 0.907513 0.008568
vt 0.907513 0.068715
vt 0.907514 0.249159
vt 0.355873 0.829367
vt 0.353386 0.827705
vt 0.340034 0.841057
vt 0.341696 0.843544
vt 0.262751 0.790794
vt 0.265684 0.791377
vt 0.272910 0.773932
vt 0.270423 0.772271
vt 0.363545 0.790794
vt 0.360612 0.791377
vt 0.360612 0.810260
vt 0.363545 0.810843
vt 0.270423 0.829366
vt 0.272910 0.827705
vt 0.265684 0.810260
vt 0.262751 0.810843
vt 0.341696 0.758094
vt 0.340034 0.760580
vt 0.353386 0.773932
vt 0.355873 0.772271
vt 0.303123 0.851216
vt 0.303707 0.848283
vt 0.286262 0.841057
vt 0.284600 0.843543
vt 0.303123 0.750421
vt 0.303707 0.753354
vt 0.322589 0.753354
vt 0.323172 0.750421
vt 0.322589 0.848283
vt 0.323172 0.851216
vt 0.286261 0.760580
vt 0.284600 0.758094
vt 0.813774 0.782389
vt 0.814279 0.778605
vt 0.800855 0.781234
vt 0.801602 0.784828
vt 0.824877 0.787933
vt 0.826555 0.784661
vt 0.329446 0.567028
vt 0.311637 0.562768
vt 0.311100 0.575586
vt 0.327226 0.578882
vt 0.306564 0.587589
vt 0.324618 0.590657
vt 0.317105 0.387395
vt 0.318431 0.393162
vt 0.331353 0.385713
vt 0.328980 0.380889
vt 0.284724 0.311083
vt 0.284555 0.316438
vt 0.294028 0.315080
vt 0.294289 0.309296
vt 0.396885 0.708550
vt 0.362913 0.661623
vt 0.345491 0.666118
vt 0.361335 0.687711
vt 0.424485 0.724558
vt 0.377558 0.657710
vt 0.442779 0.734788
vt 0.389111 0.653973
vt 0.451382 0.736921
vt 0.398109 0.649619
vt 0.331123 0.669856
vt 0.240055 0.513079
vt 0.232683 0.500591
vt 0.220567 0.505951
vt 0.226950 0.517302
vt 0.210751 0.596214
vt 0.200421 0.604164
vt 0.209477 0.613852
vt 0.221164 0.605243
vt 0.493795 0.478178
vt 0.414037 0.532659
vt 0.420752 0.540031
vt 0.502876 0.479492
vt 0.473045 0.480577
vt 0.404741 0.524893
vt 0.441586 0.485064
vt 0.392650 0.515810
vt 0.786322 0.766966
vt 0.782682 0.767280
vt 0.778860 0.778674
vt 0.782865 0.777424
vt 0.851821 0.766566
vt 0.854929 0.767402
vt 0.855991 0.733385
vt 0.852789 0.735621
vt 0.774701 0.874443
vt 0.778804 0.864577
vt 0.773346 0.847259
vt 0.768627 0.855343
vt 0.855871 0.693382
vt 0.852687 0.699201
vt 0.809888 0.892196
vt 0.810810 0.880726
vt 0.798617 0.881991
vt 0.796489 0.893587
vt 0.801351 0.721831
vt 0.803369 0.725184
vt 0.818264 0.691900
vt 0.817715 0.685286
vt 0.845059 0.846009
vt 0.842614 0.838819
vt 0.834556 0.858485
vt 0.836085 0.867715
vt 0.788380 0.753403
vt 0.791550 0.753942
vt 0.767969 0.831789
vt 0.772876 0.825880
vt 0.774564 0.808021
vt 0.769607 0.811872
vt 0.831263 0.657414
vt 0.830589 0.666566
vt 0.839748 0.650755
vt 0.841341 0.639707
vt 0.784457 0.887529
vt 0.787667 0.876475
vt 0.823651 0.883422
vt 0.823308 0.872747
vt 0.851701 0.671055
vt 0.854772 0.662470
vt 0.852377 0.642255
vt 0.849630 0.652956
vt 0.850512 0.827129
vt 0.847318 0.821853
vt 0.848135 0.634318
vt 0.845876 0.645945
vt 0.565457 0.843116
vt 0.574134 0.850849
vt 0.564141 0.858066
vt 0.553540 0.852993
vt 0.195546 0.487360
vt 0.198435 0.496751
vt 0.213375 0.492134
vt 0.212017 0.487739
vt 0.201347 0.506134
vt 0.214733 0.496529
vt 0.218485 0.490548
vt 0.667259 0.925943
vt 0.665003 0.917233
vt 0.693995 0.916995
vt 0.698406 0.925425
vt 0.559370 0.866781
vt 0.548084 0.864409
vt 0.768994 0.903452
vt 0.781845 0.903508
vt 0.786083 0.910804
vt 0.772836 0.908359
vt 0.548481 0.877057
vt 0.560205 0.876664
vt 0.566641 0.887273
vt 0.555472 0.890870
vt 0.621923 0.835293
vt 0.625644 0.844842
vt 0.608454 0.844207
vt 0.604269 0.834170
vt 0.275326 0.515792
vt 0.269770 0.506204
vt 0.253763 0.514172
vt 0.266008 0.519676
vt 0.779719 0.916075
vt 0.767636 0.911667
vt 0.772836 0.908359
vt 0.786083 0.910804
vt 0.733163 0.884648
vt 0.742979 0.879784
vt 0.767778 0.892340
vt 0.755866 0.895535
vt 0.248100 0.496133
vt 0.568798 0.904003
vt 0.578445 0.897968
vt 0.595473 0.908523
vt 0.587178 0.915857
vt 0.582989 0.836734
vt 0.589072 0.846141
vt 0.314032 0.537177
vt 0.299655 0.533960
vt 0.293404 0.541252
vt 0.306989 0.551061
vt 0.331632 0.553775
vt 0.675170 0.860966
vt 0.680394 0.853281
vt 0.709762 0.865302
vt 0.702536 0.871603
vt 0.727283 0.916035
vt 0.734654 0.924193
vt 0.267313 0.491869
vt 0.651626 0.916227
vt 0.653243 0.925194
vt 0.639804 0.925307
vt 0.641729 0.916216
vt 0.334185 0.538363
vt 0.762516 0.921603
vt 0.752508 0.914224
vt 0.611655 0.915447
vt 0.603938 0.922663
vt 0.259158 0.380998
vt 0.257506 0.385962
vt 0.270948 0.393220
vt 0.271632 0.387514
vt 0.273735 0.315825
vt 0.273949 0.320602
vt 0.283183 0.397700
vt 0.283302 0.391482
vt 0.854508 0.785552
vt 0.851278 0.783239
vt 0.850708 0.790305
vt 0.854010 0.793004
vt 0.851746 0.774216
vt 0.854901 0.775779
vt 0.333409 0.630317
vt 0.317731 0.618887
vt 0.313559 0.636181
vt 0.324526 0.644187
vt 0.350620 0.646641
vt 0.336734 0.655612
vt 0.323372 0.665206
vt 0.319324 0.661801
vt 0.309256 0.655555
vt 0.319098 0.663273
vt 0.785259 0.761457
vt 0.788624 0.761354
vt 0.786566 0.765664
vt 0.782827 0.765828
vt 0.782682 0.767280
vt 0.786322 0.766966
vt 0.662446 0.848099
vt 0.659794 0.857295
vt 0.653300 0.855624
vt 0.654151 0.846132
vt 0.668277 0.859269
vt 0.672538 0.851210
vt 0.659088 0.926383
vt 0.657198 0.917271
vt 0.652626 0.916943
vt 0.654225 0.926103
vt 0.653243 0.925194
vt 0.651626 0.916227
vt 0.358150 0.498981
vt 0.348393 0.500848
vt 0.350384 0.517534
vt 0.366105 0.511658
vt 0.786566 0.765664
vt 0.782827 0.765828
vt 0.652626 0.916943
vt 0.654225 0.926103
vt 0.314658 0.490479
vt 0.309380 0.488330
vt 0.289970 0.487685
vt 0.291388 0.497910
vt 0.322772 0.496776
vt 0.318460 0.493211
vt 0.294887 0.505733
vt 0.301475 0.513520
vt 0.851493 0.821301
vt 0.847750 0.816818
vt 0.853573 0.810919
vt 0.849312 0.807514
vt 0.848398 0.812625
vt 0.852508 0.816505
vt 0.286052 0.526044
vt 0.280888 0.530935
vt 0.247654 0.609347
vt 0.234218 0.609613
vt 0.245834 0.623229
vt 0.254711 0.616579
vt 0.833336 0.827642
vt 0.835725 0.828044
vt 0.836651 0.809327
vt 0.834181 0.810529
vt 0.265773 0.604817
vt 0.268608 0.611347
vt 0.237948 0.635466
vt 0.257171 0.648205
vt 0.262488 0.639345
vt 0.268778 0.633513
vt 0.277898 0.628925
vt 0.275300 0.655225
vt 0.281004 0.655316
vt 0.285576 0.654291
vt 0.290373 0.651808
vt 0.777500 0.794198
vt 0.772141 0.795629
vt 0.771661 0.801065
vt 0.776866 0.799065
vt 0.775947 0.803128
vt 0.770809 0.805967
vt 0.626026 0.915005
vt 0.618439 0.921484
vt 0.613464 0.922847
vt 0.621247 0.915914
vt 0.616876 0.916062
vt 0.609147 0.923193
vt 0.626716 0.837031
vt 0.630461 0.846431
vt 0.634805 0.841796
vt 0.637545 0.851154
vt 0.634050 0.848321
vt 0.630368 0.839174
vt 0.221927 0.624004
vt 0.327780 0.499809
vt 0.312615 0.518076
vt 0.854038 0.805274
vt 0.850039 0.802215
vt 0.850341 0.797085
vt 0.853863 0.800074
vt 0.297694 0.596534
vt 0.281343 0.600231
vt 0.284235 0.609395
vt 0.298729 0.612072
vt 0.289937 0.629095
vt 0.300268 0.631174
vt 0.296761 0.651864
vt 0.302226 0.652950
vt 0.776451 0.785246
vt 0.780746 0.783753
vt 0.779210 0.788515
vt 0.774539 0.789989
vt 0.631621 0.924056
vt 0.635737 0.915691
vt 0.631250 0.915295
vt 0.625549 0.922930
vt 0.640146 0.844005
vt 0.642545 0.852904
vt 0.647131 0.854120
vt 0.645961 0.844888
vt 0.333232 0.500946
vt 0.322932 0.520203
vt 0.321430 0.603707
vt 0.470142 0.523098
vt 0.455291 0.539027
vt 0.536996 0.587201
vt 0.548415 0.572854
vt 0.138915 0.370126
vt 0.134381 0.371364
vt 0.139059 0.349177
vt 0.142965 0.349978
vt 0.580544 0.619790
vt 0.559375 0.616760
vt 0.227162 0.362277
vt 0.223538 0.362122
vt 0.227839 0.346014
vt 0.231860 0.343844
vt 0.628735 0.594727
vt 0.619160 0.585009
vt 0.611894 0.597601
vt 0.663323 0.607287
vt 0.626723 0.617467
vt 0.659932 0.583290
vt 0.720845 0.550212
vt 0.731553 0.573115
vt 0.875578 0.477264
vt 0.811425 0.522106
vt 0.796778 0.500509
vt 0.860298 0.455501
vt 0.182039 0.406302
vt 0.181553 0.411112
vt 0.161952 0.415403
vt 0.164744 0.410168
vt 0.179666 0.319724
vt 0.179223 0.315435
vt 0.197832 0.313776
vt 0.196143 0.318231
vt 0.489738 0.168310
vt 0.508940 0.155506
vt 0.498248 0.144618
vt 0.527239 0.166478
vt 0.036754 0.632742
vt 0.036740 0.720801
vt 0.121558 0.707946
vt 0.121562 0.682247
vt 0.211073 0.632765
vt 0.126267 0.682249
vt 0.126266 0.707946
vt 0.211072 0.720813
vt 0.121562 0.793781
vt 0.126271 0.793781
vt 0.126266 0.707946
vt 0.121558 0.707946
vt 0.845713 0.979988
vt 0.839840 0.979985
vt 0.839838 0.984691
vt 0.845711 0.984694
vt 0.126267 0.682249
vt 0.121562 0.682247
vt 0.121558 0.707946
vt 0.126266 0.707946
vt 0.331223 0.140176
vt 0.293636 0.142063
vt 0.264376 0.171355
vt 0.308306 0.169475
vt 0.262960 0.142156
vt 0.227230 0.139559
vt 0.187509 0.167700
vt 0.228704 0.171161
vt 0.342811 0.594323
vt 0.336314 0.594666
vt 0.337135 0.613673
vt 0.343642 0.611803
vt 0.343642 0.611803
vt 0.337135 0.613673
vt 0.354707 0.557412
vt 0.347896 0.556493
vt 0.368942 0.553197
vt 0.366846 0.546838
vt 0.351467 0.551191
vt 0.354707 0.557412
vt 0.342811 0.594323
vt 0.343642 0.611803
vt 0.359781 0.600381
vt 0.359627 0.580371
vt 0.354707 0.557412
vt 0.359781 0.600381
vt 0.371873 0.599401
vt 0.343642 0.611803
vt 0.157239 0.923510
vt 0.145743 0.908963
vt 0.145743 0.958377
vt 0.157239 0.943830
vt 0.858329 0.398339
vt 0.862548 0.384818
vt 0.848008 0.410264
vt 0.833375 0.418075
vt 0.681953 0.380288
vt 0.865109 0.358213
vt 0.428054 0.367224
vt 0.410579 0.353204
vt 0.400265 0.335511
vt 0.526222 0.396949
vt 0.471457 0.382784
vt 0.687996 0.432650
vt 0.650106 0.531529
vt 0.599419 0.511245
vt 0.558758 0.474560
vt 0.681953 0.380288
vt 0.668764 0.767829
vt 0.660291 0.722777
vt 0.605113 0.739909
vt 0.607639 0.753342
vt 0.552714 0.789674
vt 0.604414 0.753950
vt 0.601886 0.740516
vt 0.544232 0.744606
vt 0.594401 0.683120
vt 0.591174 0.683728
vt 0.601886 0.740516
vt 0.605113 0.739909
vt 0.954487 0.979098
vt 0.938801 0.979097
vt 0.938801 0.982380
vt 0.954486 0.982381
vt 0.604414 0.753950
vt 0.607639 0.753342
vt 0.605113 0.739909
vt 0.601886 0.740516
vt 0.153070 0.157853
vt 0.154151 0.165430
vt 0.172683 0.166154
vt 0.198237 0.133153
vt 0.182704 0.124805
vt 0.125759 0.157124
vt 0.982994 0.629001
vt 0.983001 0.733958
vt 0.982564 0.781040
vt 0.982570 0.796272
vt 0.982574 0.805952
vt 0.982575 0.811341
vt 0.539579 0.268496
vt 0.529294 0.257247
vt 0.602401 0.288416
vt 0.587164 0.288783
vt 0.617225 0.285895
vt 0.612024 0.287314
vt 0.524995 0.250210
vt 0.524751 0.246469
vt 0.982577 0.817104
vt 0.528365 0.242997
vt 0.622217 0.283010
vt 0.982998 0.760655
vt 0.982994 0.775893
vt 0.983000 0.748662
vt 0.983000 0.752410
vt 0.983001 0.743651
vt 0.261657 0.063154
vt 0.209156 0.055973
vt 0.271373 0.102621
vt 0.222803 0.096338
vt 0.210068 0.069172
vt 0.261771 0.076182
vt 0.360513 0.136929
vt 0.331555 0.167772
vt 0.302009 0.069484
vt 0.308792 0.108065
vt 0.301500 0.082352
vt 0.367587 0.163967
vt 0.421583 0.128119
vt 0.348001 0.166136
vt 0.387006 0.133247
vt 0.330240 0.086977
vt 0.327063 0.110775
vt 0.331318 0.074307
vt 0.651712 0.112729
vt 0.617148 0.111423
vt 0.364843 0.092813
vt 0.344534 0.113665
vt 0.368027 0.080703
vt 0.173782 0.113300
vt 0.166629 0.098958
vt 0.117926 0.119833
vt 0.118948 0.141193
vt 0.155514 0.086939
vt 0.117650 0.101961
vt 0.136907 0.166060
vt 0.454647 0.308113
vt 0.481422 0.307829
vt 0.479426 0.293718
vt 0.451616 0.295710
vt 0.101880 0.173290
vt 0.477650 0.276376
vt 0.448731 0.282185
vt 0.423826 0.286275
vt 0.423929 0.296372
vt 0.108537 0.229398
vt 0.106969 0.229265
vt 0.116108 0.218786
vt 0.118680 0.217903
vt 0.017745 0.193869
vt 0.014657 0.191163
vt 0.029540 0.189170
vt 0.106969 0.229265
vt 0.105061 0.227260
vt 0.114503 0.218759
vt 0.116108 0.218786
vt 0.094502 0.212283
vt 0.094379 0.213756
vt 0.106372 0.208305
vt 0.107557 0.206362
vt 0.095865 0.216043
vt 0.105061 0.227260
vt 0.105662 0.209875
vt 0.106372 0.208305
vt 0.116108 0.218786
vt 0.114503 0.218759
vt 0.094379 0.213756
vt 0.095865 0.216043
vt 0.205500 0.431577
vt 0.257994 0.424115
vt 0.298018 0.419120
vt 0.200403 0.445282
vt 0.292883 0.434870
vt 0.253021 0.439097
vt 0.197215 0.455973
vt 0.290755 0.446947
vt 0.250548 0.450680
vt 0.430355 0.431586
vt 0.433922 0.414447
vt 0.390838 0.413036
vt 0.386698 0.429952
vt 0.330160 0.431652
vt 0.356280 0.430228
vt 0.360934 0.413574
vt 0.335143 0.415326
vt 0.430631 0.444322
vt 0.386484 0.442841
vt 0.328602 0.444128
vt 0.355366 0.442946
vt 0.026987 0.250963
vt 0.019279 0.246022
vt 0.105662 0.209875
vt 0.114503 0.218759
vt 0.106372 0.208305
vt 0.105662 0.209875
vt 0.103633 0.526044
vt 0.063886 0.501871
vt 0.060493 0.503786
vt 0.041949 0.513043
vt 0.056121 0.505590
vt 0.106246 0.492223
vt 0.098726 0.492672
vt 0.179457 0.520001
vt 0.062355 0.573688
vt 0.043513 0.575165
vt 0.015325 0.535006
vt 0.026047 0.523256
vt 0.169649 0.488259
vt 0.111887 0.560834
vt 0.119000 0.556556
vt 0.091071 0.569420
vt 0.096184 0.567996
vt 0.100507 0.566334
vt 0.106146 0.563712
vt 0.067405 0.499083
vt 0.027868 0.572287
vt 0.016606 0.566056
vt 0.135618 0.490253
vt 0.082722 0.569852
vt 0.086583 0.569325
vt 0.093079 0.492590
vt 0.082864 0.494517
vt 0.150234 0.537551
vt 0.094318 0.492616
vt 0.072339 0.497127
vt 0.076787 0.495837
vt 0.124871 0.552496
vt 0.078149 0.571058
vt 0.010562 0.557359
vt 0.010119 0.546778
vt 0.103633 0.526044
vt 0.094318 0.492616
vt 0.093079 0.492590
vt 0.340701 0.501273
vt 0.343594 0.519303
vt 0.335758 0.529295
vt 0.337502 0.524829
vt 0.251589 0.334005
vt 0.254786 0.331425
vt 0.252846 0.328054
vt 0.249119 0.331144
vt 0.340173 0.521420
vt 0.244529 0.373820
vt 0.246800 0.377533
vt 0.249499 0.373647
vt 0.247720 0.370570
vt 0.400920 0.491085
vt 0.385174 0.510317
vt 0.380747 0.508249
vt 0.372336 0.508330
vt 0.376362 0.507585
vt 0.366279 0.496368
vt 0.442229 0.554066
vt 0.505736 0.593112
vt 0.522840 0.608724
vt 0.595841 0.619298
vt 0.609206 0.622515
vt 0.601404 0.618035
vt 0.138614 0.390592
vt 0.133377 0.394283
vt 0.135447 0.409928
vt 0.133387 0.402902
vt 0.139266 0.398382
vt 0.142407 0.405239
vt 0.532148 0.608023
vt 0.539513 0.610068
vt 0.524156 0.598346
vt 0.529875 0.601198
vt 0.533288 0.606178
vt 0.148157 0.414311
vt 0.152579 0.409118
vt 0.530451 0.596952
vt 0.225088 0.382291
vt 0.221466 0.380005
vt 0.210005 0.396201
vt 0.216984 0.391459
vt 0.219550 0.394938
vt 0.212163 0.400418
vt 0.561935 0.555299
vt 0.567053 0.532735
vt 0.505642 0.495597
vt 0.568105 0.550275
vt 0.202198 0.399284
vt 0.203860 0.403490
vt 0.219888 0.314570
vt 0.215949 0.319394
vt 0.637870 0.557276
vt 0.629109 0.562764
vt 0.629652 0.566668
vt 0.226987 0.322152
vt 0.222584 0.320232
vt 0.226631 0.314597
vt 0.231240 0.316874
vt 0.626096 0.561355
vt 0.232211 0.334110
vt 0.237496 0.330278
vt 0.144289 0.334438
vt 0.147956 0.336534
vt 0.159454 0.323517
vt 0.153235 0.326415
vt 0.150615 0.322062
vt 0.157361 0.318826
vt 0.608846 0.610097
vt 0.606371 0.614554
vt 0.165207 0.322118
vt 0.163310 0.317738
vt 0.139235 0.413321
vt 0.145718 0.409314
vt 0.219772 0.386554
vt 0.223149 0.389367
vt 0.232785 0.330209
vt 0.237762 0.326256
vt 0.149959 0.331616
vt 0.146546 0.329132
vt 0.582693 0.549323
vt 0.576041 0.548008
vt 0.627569 0.571574
vt 0.361238 0.876929
vt 0.354065 0.875485
vt 0.353926 0.894015
vt 0.361064 0.892573
vt 0.367492 0.862648
vt 0.361425 0.858457
vt 0.364988 0.877702
vt 0.369225 0.878581
vt 0.374172 0.867203
vt 0.370629 0.864799
vt 0.364818 0.891834
vt 0.369066 0.891010
vt 0.360917 0.911107
vt 0.366931 0.907046
vt 0.370102 0.904924
vt 0.373698 0.902535
vt 0.382996 0.858518
vt 0.380611 0.854891
vt 0.378533 0.851688
vt 0.374685 0.845705
vt 0.373895 0.924165
vt 0.377884 0.918124
vt 0.379996 0.914953
vt 0.382399 0.911371
vt 0.394512 0.853984
vt 0.393716 0.849769
vt 0.393008 0.846051
vt 0.391644 0.839028
vt 0.406849 0.854164
vt 0.407717 0.849965
vt 0.408471 0.846254
vt 0.409869 0.839210
vt 0.418179 0.859038
vt 0.420608 0.855486
vt 0.422725 0.852333
vt 0.426717 0.846325
vt 0.426844 0.867848
vt 0.430444 0.865502
vt 0.433609 0.863400
vt 0.439615 0.859379
vt 0.420318 0.881417
vt 0.427517 0.880071
vt 0.423514 0.870018
vt 0.417364 0.874023
vt 0.431404 0.879342
vt 0.435631 0.878551
vt 0.439354 0.877822
vt 0.446396 0.876424
vt 0.420236 0.889374
vt 0.427425 0.890885
vt 0.431317 0.891701
vt 0.435525 0.892583
vt 0.439252 0.893333
vt 0.446368 0.894755
vt 0.426440 0.903059
vt 0.429995 0.905464
vt 0.433139 0.907578
vt 0.439117 0.911568
vt 0.417618 0.911694
vt 0.419990 0.915272
vt 0.422093 0.918425
vt 0.426111 0.924393
vt 0.406164 0.916315
vt 0.406992 0.920532
vt 0.407735 0.924254
vt 0.409175 0.931318
vt 0.393799 0.916210
vt 0.392951 0.920429
vt 0.392214 0.924159
vt 0.390843 0.931251
vt 0.377441 0.869441
vt 0.373124 0.879405
vt 0.372986 0.890270
vt 0.377034 0.900351
vt 0.385174 0.861859
vt 0.384635 0.908088
vt 0.395233 0.857880
vt 0.406031 0.858036
vt 0.415946 0.862298
vt 0.423166 0.900826
vt 0.415445 0.908383
vt 0.405419 0.912421
vt 0.394601 0.912322
vt 0.433508 0.935330
vt 0.450038 0.918834
vt 0.434020 0.835255
vt 0.412394 0.826279
vt 0.340777 0.872861
vt 0.340780 0.896715
vt 0.411846 0.944293
vt 0.450703 0.851890
vt 0.350139 0.850565
vt 0.388345 0.944293
vt 0.459843 0.873918
vt 0.367775 0.834738
vt 0.366583 0.935290
vt 0.459006 0.897484
vt 0.389134 0.826202
vt 0.349869 0.918608
vt 0.159111 0.873499
vt 0.023369 0.861607
vt 0.034338 0.873456
vt 0.159125 0.833262
vt 0.023375 0.845061
vt 0.034352 0.833219
vt 0.003629 0.843167
vt 0.003622 0.863487
vt 0.023369 0.861607
vt 0.023375 0.845061
vt 0.015024 0.908963
vt 0.003528 0.923510
vt 0.003528 0.943830
vt 0.015024 0.958377
vt 0.189833 0.863551
vt 0.189841 0.843232
vt 0.170094 0.845111
vt 0.170088 0.861657
vt 0.031358 0.893424
vt 0.162077 0.893469
vt 0.159111 0.873499
vt 0.034338 0.873456
vt 0.170088 0.861657
vt 0.170094 0.845111
vt 0.159125 0.833262
vt 0.185306 0.832381
vt 0.172954 0.818553
vt 0.020533 0.818501
vt 0.008171 0.832320
vt 0.034352 0.833219
vt 0.034338 0.873456
vt 0.008158 0.874337
vt 0.020509 0.888165
vt 0.172930 0.888217
vt 0.185291 0.874399
vt 0.159111 0.873499
vt 0.162105 0.813294
vt 0.031385 0.813250
vt 0.034352 0.833219
vt 0.159125 0.833262
vt 0.890378 0.883825
vt 0.905510 0.883825
vt 0.905510 0.878816
vt 0.890378 0.878816
vt 0.427672 0.658212
vt 0.429559 0.671926
vt 0.436146 0.671926
vt 0.436146 0.658212
vt 0.399719 0.612002
vt 0.394412 0.618608
vt 0.426766 0.644597
vt 0.432073 0.637990
vt 0.929619 0.886889
vt 0.931506 0.873174
vt 0.923032 0.873174
vt 0.923032 0.886889
vt 0.928277 0.897992
vt 0.928801 0.893162
vt 0.923032 0.893162
vt 0.923032 0.897992
vt 0.430377 0.678200
vt 0.430902 0.683029
vt 0.436146 0.683029
vt 0.436146 0.678200
vt 0.928042 0.902084
vt 0.923033 0.902085
vt 0.431137 0.687122
vt 0.436146 0.687122
vt 0.295689 0.935022
vt 0.301850 0.949796
vt 0.301592 0.932746
vt 0.290728 0.960579
vt 0.289253 0.956754
vt 0.313062 0.971118
vt 0.315090 0.929669
vt 0.299929 0.966739
vt 0.289993 0.941640
vt 0.294277 0.963897
vt 0.291834 0.937979
vt 0.794045 0.979971
vt 0.794044 0.984677
vt 0.839838 0.984691
vt 0.839840 0.979985
vt 0.794045 0.979971
vt 0.788172 0.979969
vt 0.788171 0.984676
vt 0.794044 0.984677
vt 0.009562 0.651524
vt 0.003689 0.651523
vt 0.003682 0.697321
vt 0.009555 0.697323
vt 0.244130 0.651549
vt 0.238258 0.651549
vt 0.238258 0.697342
vt 0.244130 0.697342
vt 0.607639 0.753342
vt 0.604414 0.753950
vt 0.616049 0.815678
vt 0.619275 0.815070
vt 0.687033 0.752856
vt 0.683319 0.733110
vt 0.673599 0.723491
vt 0.681471 0.765349
vt 0.889337 0.979100
vt 0.889338 0.982383
vt 0.903017 0.982381
vt 0.903016 0.979098
vt 0.954487 0.979098
vt 0.954486 0.982381
vt 0.968163 0.982383
vt 0.968163 0.979100
vt 0.530243 0.782362
vt 0.539969 0.791983
vt 0.532088 0.750109
vt 0.526526 0.762608
vt 0.918704 0.979096
vt 0.903016 0.979098
vt 0.903017 0.982381
vt 0.918705 0.982380
vt 0.702447 0.749957
vt 0.698733 0.730211
vt 0.514823 0.785264
vt 0.511105 0.765510
vt 0.918704 0.979096
vt 0.918705 0.982380
vt 0.938801 0.982380
vt 0.938801 0.979097
vt 0.673591 0.768973
vt 0.664648 0.721424
vt 0.677255 0.768258
vt 0.668486 0.721630
vt 0.616968 0.820553
vt 0.620193 0.819945
vt 0.884215 0.982384
vt 0.884214 0.979100
vt 0.593554 0.678635
vt 0.590328 0.679244
vt 0.973605 0.979101
vt 0.973605 0.982384
vt 0.548631 0.792495
vt 0.539679 0.744929
vt 0.544955 0.793161
vt 0.536177 0.746517
vt 0.620885 0.823614
vt 0.617660 0.824222
vt 0.589614 0.675466
vt 0.592841 0.674857
vt 0.121562 0.682247
vt 0.126267 0.682249
vt 0.126319 0.584089
vt 0.121614 0.584086
vt 0.022102 0.716628
vt 0.022115 0.632223
vt 0.765149 0.979963
vt 0.765147 0.984670
vt 0.788171 0.984676
vt 0.788172 0.979969
vt 0.845713 0.979988
vt 0.845711 0.984694
vt 0.868734 0.984705
vt 0.868736 0.979999
vt 0.225710 0.632249
vt 0.225710 0.716643
vt 0.030948 0.629353
vt 0.030933 0.721681
vt 0.026499 0.629195
vt 0.026484 0.720412
vt 0.126322 0.577368
vt 0.121618 0.577366
vt 0.759820 0.984668
vt 0.759821 0.979962
vt 0.121562 0.799658
vt 0.126271 0.799658
vt 0.874526 0.980002
vt 0.874524 0.984708
vt 0.216879 0.629378
vt 0.216878 0.721694
vt 0.221328 0.629221
vt 0.221327 0.720426
vt 0.121620 0.572915
vt 0.126325 0.572918
vt 0.126271 0.804287
vt 0.121562 0.804287
vt 0.453440 0.463036
vt 0.441780 0.450374
vt 0.328602 0.444128
vt 0.290755 0.446947
vt 0.112672 0.464640
vt 0.027696 0.472071
vt 0.250548 0.450680
vt 0.197215 0.455973
vt 0.386484 0.442841
vt 0.355366 0.442946
vt 0.430631 0.444322
vt 0.020087 0.472572
vt 0.430631 0.444322
vt 0.020087 0.472572
vt 0.016074 0.474186
vt 0.012557 0.476421
vt 0.585087 0.110161
vt 0.890610 0.119067
vt 0.892403 0.120806
vt 0.506404 0.075305
vt 0.491182 0.067517
vt 0.155514 0.086939
vt 0.100189 0.027013
vt 0.117650 0.101961
vt 0.099158 0.108534
vt 0.566860 0.104361
vt 0.538236 0.092521
vt 0.886724 0.115055
vt 0.810363 0.114894
vt 0.774911 0.115303
vt 0.148639 0.015833
vt 0.186219 0.024001
vt 0.744554 0.115144
vt 0.839529 0.111326
vt 0.081366 0.113088
vt 0.707314 0.114558
vt 0.678164 0.113679
vt 0.524946 0.085384
vt 0.696234 0.934718
vt 0.699261 0.945318
vt 0.708011 0.942572
vt 0.704439 0.932143
vt 0.602903 0.934090
vt 0.599734 0.944650
vt 0.608582 0.947057
vt 0.611201 0.936348
vt 0.645225 0.941011
vt 0.644866 0.952031
vt 0.654036 0.952092
vt 0.653825 0.941069
vt 0.687907 0.936864
vt 0.690381 0.947607
vt 0.594733 0.931406
vt 0.591021 0.941787
vt 0.636640 0.940508
vt 0.635710 0.951494
vt 0.679480 0.938576
vt 0.681395 0.949433
vt 0.586712 0.928302
vt 0.582469 0.938477
vt 0.628092 0.939561
vt 0.626595 0.950484
vt 0.670975 0.939850
vt 0.672326 0.950792
vt 0.578864 0.924788
vt 0.574099 0.934729
vt 0.619605 0.938173
vt 0.617544 0.949004
vt 0.662416 0.940682
vt 0.663198 0.951679
vt 0.571208 0.920872
vt 0.565935 0.930554
vt 0.720507 0.786314
vt 0.714069 0.802375
vt 0.709039 0.784634
vt 0.707494 0.801144
vt 0.672593 0.827751
vt 0.632655 0.814680
vt 0.626511 0.825578
vt 0.670495 0.834465
vt 0.723419 0.855676
vt 0.761365 0.879625
vt 0.764448 0.867501
vt 0.726538 0.849371
vt 0.314105 0.320260
vt 0.326101 0.343264
vt 0.326004 0.326507
vt 0.317105 0.387395
vt 0.328980 0.380889
vt 0.327204 0.364356
vt 0.259158 0.380998
vt 0.271632 0.387514
vt 0.261703 0.327086
vt 0.273949 0.320602
vt 0.283302 0.391482
vt 0.284555 0.316438
vt 0.294028 0.315080
vt 0.303498 0.316271
vt 0.248735 0.346302
vt 0.247906 0.361309
vt 0.761940 0.855260
vt 0.727935 0.843110
vt 0.728155 0.836543
vt 0.758279 0.843600
vt 0.687467 0.810993
vt 0.668683 0.793477
vt 0.653623 0.801655
vt 0.680284 0.817357
vt 0.675907 0.822258
vt 0.642923 0.807560
vt 0.697875 0.786840
vt 0.701060 0.802512
vt 0.695375 0.805354
vt 0.682463 0.789010
vt 0.279999 0.120818
vt 0.279730 0.125458
vt 0.232209 0.119722
vt 0.233910 0.115218
vt 0.165697 0.050071
vt 0.160565 0.050338
vt 0.359424 0.120044
vt 0.356095 0.115995
vt 0.399339 0.101418
vt 0.424413 0.304678
vt 0.421610 0.306537
vt 0.455267 0.310362
vt 0.454647 0.308113
vt 0.485071 0.310074
vt 0.481422 0.307829
vt 0.478589 0.261084
vt 0.479635 0.258520
vt 0.446602 0.269189
vt 0.446889 0.271153
vt 0.521314 0.303315
vt 0.515793 0.301335
vt 0.193857 0.115553
vt 0.196766 0.111186
vt 0.313720 0.125145
vt 0.314531 0.129931
vt 0.315062 0.129779
vt 0.416679 0.077892
vt 0.415380 0.074938
vt 0.434095 0.078174
vt 0.434529 0.080977
vt 0.416607 0.101993
vt 0.418581 0.099698
vt 0.487770 0.112030
vt 0.484573 0.112181
vt 0.468283 0.086800
vt 0.470657 0.085367
vt 0.413579 0.077059
vt 0.416679 0.077892
vt 0.418581 0.099698
vt 0.415577 0.099967
vt 0.469516 0.084313
vt 0.468283 0.086800
vt 0.059396 0.247768
vt 0.057321 0.251616
vt 0.077204 0.258706
vt 0.077996 0.254361
vt 0.088839 0.247187
vt 0.085158 0.244761
vt 0.077996 0.254361
vt 0.081157 0.257486
vt 0.052478 0.244705
vt 0.049920 0.248281
vt 0.070561 0.224649
vt 0.060219 0.233935
vt 0.063149 0.237171
vt 0.072928 0.228302
vt 0.049039 0.241880
vt 0.052478 0.244705
vt 0.020584 0.266220
vt 0.019872 0.265080
vt 0.514183 0.290336
vt 0.508471 0.290682
vt 0.515793 0.301335
vt 0.521514 0.302258
vt 0.479928 0.258670
vt 0.493263 0.275086
vt 0.498832 0.274269
vt 0.378590 0.285921
vt 0.390350 0.293540
vt 0.396316 0.292942
vt 0.410576 0.299761
vt 0.406197 0.301086
vt 0.379724 0.380909
vt 0.379102 0.384162
vt 0.410716 0.390052
vt 0.411338 0.386799
vt 0.345676 0.314967
vt 0.344589 0.318078
vt 0.380535 0.330203
vt 0.381622 0.327092
vt 0.199324 0.194431
vt 0.196969 0.196358
vt 0.344589 0.318078
vt 0.341719 0.319713
vt 0.411338 0.386799
vt 0.414178 0.385129
vt 0.502516 0.086325
vt 0.498835 0.086100
vt 0.496185 0.127342
vt 0.499865 0.127568
vt 0.504822 0.083602
vt 0.502516 0.086325
vt 0.567773 0.594607
vt 0.567145 0.596398
vt 0.587533 0.603555
vt 0.588160 0.601764
vt 0.597310 0.591412
vt 0.595701 0.590544
vt 0.588160 0.601764
vt 0.589673 0.602883
vt 0.026987 0.250963
vt 0.026865 0.253209
vt 0.688093 0.214924
vt 0.688749 0.217087
vt 0.566077 0.593801
vt 0.567773 0.594607
vt 0.674922 0.217768
vt 0.675282 0.220069
vt 0.252485 0.376416
vt 0.249499 0.373647
vt 0.247199 0.367332
vt 0.247720 0.370570
vt 0.254786 0.331425
vt 0.251589 0.334005
vt 0.249523 0.336956
vt 0.248649 0.340169
vt 0.373592 0.261699
vt 0.370371 0.258607
vt 0.055231 0.225145
vt 0.048646 0.220002
vt 0.418240 0.212901
vt 0.409699 0.215431
vt 0.376763 0.246215
vt 0.379614 0.249639
vt 0.075078 0.204284
vt 0.080833 0.209928
vt 0.398739 0.200537
vt 0.406696 0.194432
vt 0.111840 0.196852
vt 0.107508 0.190175
vt 0.388032 0.183064
vt 0.381238 0.189852
vt 0.352884 0.176881
vt 0.347906 0.184192
vt 0.801988 0.868255
vt 0.802532 0.864495
vt 0.792004 0.859820
vt 0.790319 0.863163
vt 0.260474 0.323109
vt 0.261703 0.327086
vt 0.314840 0.315325
vt 0.314105 0.320260
vt 0.326004 0.326507
vt 0.327837 0.322475
vt 0.305567 0.391425
vt 0.306355 0.397707
vt 0.303879 0.310810
vt 0.303498 0.316271
vt 0.294453 0.392677
vt 0.294781 0.399265
vt 0.814642 0.866688
vt 0.813952 0.862994
vt 0.328980 0.380889
vt 0.333076 0.384514
vt 0.331102 0.366099
vt 0.327204 0.364356
vt 0.329645 0.323889
vt 0.326004 0.326507
vt 0.326101 0.343264
vt 0.329752 0.342637
vt 0.245027 0.346026
vt 0.244066 0.362889
vt 0.247906 0.361309
vt 0.248735 0.346302
vt 0.831609 0.798545
vt 0.833890 0.796241
vt 0.790723 0.790400
vt 0.792307 0.793218
vt 0.786661 0.804091
vt 0.784603 0.802277
vt 0.780514 0.820502
vt 0.782916 0.820752
vt 0.824573 0.858997
vt 0.823081 0.855940
vt 0.829052 0.841418
vt 0.831008 0.843504
vt 0.785191 0.850583
vt 0.782946 0.853102
vt 0.780929 0.836599
vt 0.783356 0.835124
vt 0.223538 0.362122
vt 0.217088 0.361979
vt 0.221358 0.343677
vt 0.227839 0.346014
vt 0.181471 0.400122
vt 0.182039 0.406302
vt 0.164744 0.410168
vt 0.162846 0.403743
vt 0.178369 0.326525
vt 0.179666 0.319724
vt 0.196143 0.318231
vt 0.197363 0.325473
vt 0.145014 0.371297
vt 0.138915 0.370126
vt 0.142965 0.349978
vt 0.148937 0.350844
vt 0.275612 0.191124
vt 0.277669 0.184071
vt 0.234036 0.186620
vt 0.233634 0.193520
vt 0.199324 0.194431
vt 0.198501 0.187502
vt 0.157396 0.186128
vt 0.159685 0.193142
vt 0.233910 0.115218
vt 0.279999 0.120818
vt 0.165697 0.050071
vt 0.166874 0.063791
vt 0.183015 0.092132
vt 0.196766 0.111186
vt 0.300714 0.182203
vt 0.297831 0.189374
vt 0.313720 0.125145
vt 0.336406 0.178534
vt 0.313570 0.187902
vt 0.356095 0.115995
vt 0.345528 0.120477
vt 0.329998 0.123796
vt 0.394665 0.097997
vt 0.396010 0.085529
vt 0.317033 0.180607
vt 0.066463 0.012709
vt 0.058736 0.008205
vt 0.023356 0.062694
vt 0.007955 0.059235
vt 0.048691 0.010893
vt 0.040753 0.060199
vt 0.065417 0.044615
vt 0.086593 0.024316
vt 0.011990 0.020857
vt 0.434529 0.080977
vt 0.468283 0.086800
vt 0.484573 0.112181
vt 0.446444 0.105859
vt 0.416679 0.077892
vt 0.418581 0.099698
vt 0.072928 0.228302
vt 0.059396 0.247768
vt 0.077996 0.254361
vt 0.085158 0.244761
vt 0.063149 0.237171
vt 0.052478 0.244705
vt 0.142614 0.185329
vt 0.145364 0.192327
vt 0.127663 0.193649
vt 0.124193 0.186679
vt 0.385710 0.286078
vt 0.396316 0.292942
vt 0.424129 0.277132
vt 0.410576 0.299761
vt 0.424413 0.304678
vt 0.478589 0.261084
vt 0.493263 0.275086
vt 0.508471 0.290682
vt 0.515793 0.301335
vt 0.446889 0.271153
vt 0.397034 0.360598
vt 0.380535 0.330203
vt 0.344589 0.318078
vt 0.362592 0.352302
vt 0.379724 0.380909
vt 0.411338 0.386799
vt 0.542436 0.109832
vt 0.529576 0.155259
vt 0.502516 0.086325
vt 0.499865 0.127568
vt 0.517977 0.149007
vt 0.529323 0.102299
vt 0.574447 0.582093
vt 0.595701 0.590544
vt 0.368570 0.202925
vt 0.364079 0.223049
vt 0.377518 0.227496
vt 0.380911 0.208529
vt 0.683463 0.202753
vt 0.688093 0.214924
vt 0.379614 0.249639
vt 0.376763 0.246215
vt 0.567773 0.594607
vt 0.588160 0.601764
vt 0.670207 0.206941
vt 0.674922 0.217768
vt 0.252485 0.376416
vt 0.250225 0.380785
vt 0.243611 0.369835
vt 0.247199 0.367332
vt 0.249523 0.336956
vt 0.246461 0.334803
vt 0.248649 0.340169
vt 0.245148 0.338846
vt 0.144854 0.390899
vt 0.138614 0.390592
vt 0.142407 0.405239
vt 0.139266 0.398382
vt 0.145250 0.396820
vt 0.146811 0.400785
vt 0.152579 0.409118
vt 0.150100 0.403350
vt 0.221466 0.380005
vt 0.215252 0.379990
vt 0.208142 0.390516
vt 0.213395 0.385755
vt 0.216984 0.391459
vt 0.210005 0.396201
vt 0.201717 0.392978
vt 0.202198 0.399284
vt 0.215949 0.319394
vt 0.217556 0.326106
vt 0.222584 0.320232
vt 0.226987 0.322152
vt 0.226139 0.328826
vt 0.222869 0.326747
vt 0.225755 0.332192
vt 0.232211 0.334110
vt 0.147956 0.336534
vt 0.153864 0.337862
vt 0.153235 0.326415
vt 0.159454 0.323517
vt 0.159920 0.329621
vt 0.155801 0.333173
vt 0.163789 0.328359
vt 0.165207 0.322118
vt 0.145718 0.409314
vt 0.219772 0.386554
vt 0.226139 0.328826
vt 0.232785 0.330209
vt 0.149959 0.331616
vt 0.380326 0.880936
vt 0.380225 0.888919
vt 0.383486 0.873598
vt 0.389184 0.868033
vt 0.383191 0.896323
vt 0.388771 0.902016
vt 0.396568 0.865090
vt 0.404511 0.865195
vt 0.411810 0.868328
vt 0.417115 0.896690
vt 0.411434 0.902250
vt 0.404056 0.905217
vt 0.396098 0.905136
vn -0.0493 0.5010 0.8640
vn 0.0443 0.0025 0.9990
vn 0.0425 0.0130 0.9990
vn -0.0529 0.5191 0.8531
vn -0.0545 -0.0150 -0.9984
vn -0.1360 0.4977 -0.8566
vn -0.1348 0.4891 -0.8618
vn -0.0560 -0.0066 -0.9984
vn 0.1737 -0.9846 0.0181
vn 0.1272 -0.8730 -0.4708
vn 0.1231 -0.8585 -0.4978
vn 0.1723 -0.9850 -0.0091
vn 0.0437 -0.5244 -0.8503
vn 0.0393 -0.5036 -0.8630
vn 0.1265 -0.4934 0.8605
vn 0.1736 -0.8490 0.4990
vn 0.1744 -0.8574 0.4841
vn 0.1270 -0.4962 0.8589
vn -0.1280 0.8578 0.4978
vn -0.1314 0.8707 0.4739
vn -0.1776 0.8579 -0.4821
vn -0.1768 0.8466 -0.5020
vn -0.1738 0.9847 0.0088
vn -0.1751 0.9843 -0.0192
vn 0.8674 -0.1803 -0.4637
vn 0.8346 0.1292 -0.5355
vn 0.8363 0.1114 -0.5367
vn 0.8679 -0.1842 -0.4613
vn 0.8975 -0.3266 0.2963
vn 0.9026 -0.4281 0.0454
vn 0.9023 -0.4302 0.0257
vn 0.8985 -0.3407 0.2766
vn 0.8925 -0.3844 -0.2361
vn 0.8918 -0.3804 -0.2449
vn 0.7951 0.5721 -0.2012
vn 0.7971 0.6026 0.0399
vn 0.7965 0.6042 0.0229
vn 0.7954 0.5640 -0.2218
vn 0.8074 0.4122 -0.4221
vn 0.8089 0.3936 -0.4367
vn 0.8801 -0.1199 0.4594
vn 0.8819 -0.1395 0.4503
vn 0.8095 0.5275 0.2575
vn 0.8300 0.3634 0.4230
vn 0.8088 0.5327 0.2489
vn 0.8554 0.1321 0.5008
vn 0.8567 0.1200 0.5017
vn -0.1498 0.4959 -0.8553
vn -0.2025 0.4514 -0.8690
vn -0.0196 -0.0343 -0.9992
vn -0.0432 -0.0258 -0.9987
vn -0.2024 0.8554 -0.4767
vn -0.3175 0.8011 -0.5073
vn -0.2000 0.9797 0.0078
vn -0.3472 0.9376 -0.0201
vn -0.1537 0.8579 0.4902
vn -0.2911 0.8261 0.4825
vn -0.0677 0.5043 0.8608
vn -0.1528 0.4759 0.8661
vn 0.0455 -0.0007 0.9990
vn 0.0357 -0.0167 0.9992
vn 0.1518 -0.4984 0.8535
vn 0.2127 -0.4888 0.8461
vn 0.2170 -0.8437 0.4909
vn 0.3286 -0.8111 0.4838
vn 0.2266 -0.9737 0.0229
vn 0.3638 -0.9313 0.0188
vn 0.1797 -0.8723 -0.4546
vn 0.3125 -0.8320 -0.4583
vn 0.0819 -0.5372 -0.8394
vn 0.1747 -0.5119 -0.8411
vn -0.3065 0.3736 -0.8754
vn 0.0165 -0.0246 -0.9995
vn -0.5379 0.6555 -0.5300
vn -0.6354 0.7705 -0.0500
vn -0.5637 0.6818 0.4661
vn -0.3202 0.3868 0.8648
vn 0.0174 -0.0258 0.9995
vn 0.3288 -0.4117 0.8499
vn 0.5388 -0.6747 0.5045
vn 0.6236 -0.7799 0.0532
vn 0.5648 -0.7035 -0.4313
vn 0.3461 -0.4308 -0.8334
vn -0.3897 0.2835 -0.8762
vn 0.0204 -0.0175 -0.9996
vn -0.6832 0.4910 -0.5405
vn -0.8132 0.5773 -0.0734
vn -0.7344 0.5184 0.4381
vn -0.4289 0.3025 0.8512
vn 0.0084 -0.0102 0.9999
vn 0.4068 -0.3023 0.8620
vn 0.6767 -0.5057 0.5351
vn 0.7961 -0.5977 0.0942
vn 0.7323 -0.5499 -0.4017
vn 0.4494 -0.3373 -0.8272
vn -0.4355 0.2085 -0.8757
vn -0.0060 -0.0517 -0.9986
vn -0.7359 0.4004 -0.5460
vn -0.8641 0.4963 -0.0830
vn -0.7736 0.4684 0.4268
vn -0.4451 0.2999 0.8437
vn 0.0208 0.0397 0.9990
vn 0.4411 -0.2108 0.8723
vn 0.7280 -0.3960 0.5596
vn 0.8579 -0.4986 0.1238
vn 0.7850 -0.4859 -0.3842
vn 0.4642 -0.3211 -0.8255
vn -0.4693 0.1453 -0.8710
vn -0.0536 -0.1344 -0.9895
vn -0.7487 0.3730 -0.5479
vn -0.8535 0.5130 -0.0917
vn -0.7409 0.5281 0.4150
vn -0.4023 0.3895 0.8285
vn 0.0556 0.1360 0.9891
vn 0.4629 -0.1339 0.8762
vn 0.7369 -0.3553 0.5751
vn 0.8522 -0.5032 0.1433
vn 0.7583 -0.5356 -0.3715
vn 0.4172 -0.3996 -0.8162
vn -0.5016 0.0863 -0.8608
vn -0.1299 -0.2546 -0.9583
vn -0.7326 0.3894 -0.5582
vn -0.7892 0.6028 -0.1174
vn -0.6411 0.6691 0.3758
vn -0.3020 0.5477 0.7802
vn 0.1206 0.2723 0.9546
vn 0.4859 -0.0578 0.8721
vn 0.7192 -0.3594 0.5947
vn 0.7924 -0.5850 0.1725
vn 0.6595 -0.6711 -0.3386
vn 0.3095 -0.5481 -0.7769
vn -0.5320 0.0361 -0.8460
vn -0.2423 -0.3836 -0.8911
vn -0.6817 0.4323 -0.5902
vn -0.6640 0.7246 -0.1847
vn -0.4701 0.8363 0.2822
vn -0.1403 0.7199 0.6797
vn 0.2235 0.4089 0.8848
vn 0.5140 0.0055 0.8577
vn 0.6725 -0.3915 0.6280
vn 0.6688 -0.7054 0.2349
vn 0.4770 -0.8414 -0.2538
vn 0.1320 -0.7194 -0.6819
vn -0.5338 0.0048 -0.8456
vn -0.3328 -0.4640 -0.8209
vn -0.5985 0.4654 -0.6520
vn -0.5105 0.8099 -0.2888
vn -0.2846 0.9457 0.1568
vn 0.0210 0.8261 0.5631
vn 0.3168 0.4864 0.8142
vn 0.5229 0.0278 0.8519
vn 0.5936 -0.4378 0.6752
vn 0.5076 -0.8018 0.3152
vn 0.2747 -0.9502 -0.1472
vn -0.0381 -0.8211 -0.5695
vn -0.4698 0.0039 -0.8827
vn -0.3389 -0.4817 -0.8081
vn -0.4805 0.4860 -0.7300
vn -0.3662 0.8462 -0.3870
vn -0.1523 0.9863 0.0630
vn 0.1041 0.8602 0.4992
vn 0.3301 0.5028 0.7989
vn 0.4652 0.0158 0.8851
vn 0.4764 -0.4769 0.7386
vn 0.3580 -0.8489 0.3888
vn 0.1386 -0.9875 -0.0755
vn -0.1179 -0.8482 -0.5164
vn -0.3179 0.0142 -0.9480
vn -0.2454 -0.4759 -0.8445
vn -0.3095 0.4994 -0.8092
vn -0.2206 0.8599 -0.4603
vn -0.0712 0.9973 0.0150
vn 0.1000 0.8658 0.4902
vn 0.2446 0.4985 0.8317
vn 0.3215 -0.0024 0.9469
vn 0.3099 -0.5041 0.8061
vn 0.2129 -0.8712 0.4422
vn 0.0585 -0.9972 -0.0464
vn -0.1090 -0.8482 -0.5184
vn -0.2160 0.0174 -0.9762
vn -0.1732 -0.4651 -0.8681
vn -0.2065 0.4940 -0.8446
vn -0.1448 0.8545 -0.4988
vn -0.0418 0.9990 -0.0125
vn 0.0769 0.8705 0.4861
vn 0.1760 0.4970 0.8497
vn 0.2247 -0.0133 0.9743
vn 0.2095 -0.5193 0.8285
vn 0.1360 -0.8822 0.4508
vn 0.0269 -0.9982 -0.0533
vn -0.0860 -0.8395 -0.5365
vn -0.9995 -0.0250 0.0187
vn -0.9995 -0.0249 0.0187
vn -0.9995 -0.0248 0.0189
vn -0.9995 -0.0247 0.0188
vn -0.9995 -0.0247 0.0189
vn -0.9995 -0.0250 0.0189
vn -0.9995 -0.0251 0.0187
vn -0.9995 -0.0248 0.0187
vn -0.0244 0.9995 0.0204
vn -0.0115 0.8556 0.5174
vn -0.9890 -0.1448 -0.0314
vn -0.9893 -0.1432 -0.0262
vn -0.9892 -0.1442 -0.0263
vn 0.0192 -0.0200 0.9996
vn 0.0288 -0.5170 0.8555
vn 0.0115 -0.8556 -0.5175
vn -0.0045 -0.4825 -0.8759
vn 0.0115 -0.8556 -0.5174
vn 0.0045 0.4824 0.8759
vn -0.0192 0.0200 -0.9996
vn -0.0288 0.5171 -0.8554
vn 0.0307 -0.8755 0.4821
vn 0.0244 -0.9995 -0.0204
vn -0.0307 0.8755 -0.4821
vn 1.0000 0.0000 0.0000
vn 0.9239 -0.3827 0.0000
vn -0.2625 0.9649 0.0000
vn -0.2303 0.8816 -0.4120
vn -0.2909 0.8745 -0.3881
vn -0.3234 0.9462 0.0000
vn 0.0006 0.4578 0.8890
vn -0.0565 0.6806 0.7305
vn -0.1540 0.6868 0.7104
vn -0.0677 0.4642 0.8831
vn -0.1090 0.8943 0.4339
vn -0.2303 0.8816 0.4120
vn -0.1315 0.9913 0.0000
vn -0.1090 0.8943 -0.4338
vn -0.0565 0.6806 -0.7305
vn -0.1540 0.6867 -0.7104
vn -0.4719 -0.0726 0.8786
vn -0.4263 0.0790 0.9011
vn -0.4311 0.0391 0.9014
vn -0.4881 -0.0799 0.8691
vn -0.7291 -0.5980 0.3328
vn -0.6364 -0.2994 0.7108
vn -0.6304 -0.2860 0.7216
vn -0.7274 -0.5843 0.3597
vn -0.9644 0.0593 0.2578
vn -0.9743 0.0000 0.2251
vn -0.9001 0.3728 0.2251
vn -0.9137 0.3142 0.2578
vn 0.0000 0.0000 1.0000
vn 0.3142 0.9136 0.2578
vn 0.3728 0.9001 0.2251
vn 0.6889 0.6889 0.2251
vn 0.7239 0.6399 0.2578
vn 0.6400 -0.7238 0.2578
vn 0.6890 -0.6889 0.2251
vn 0.3728 -0.9002 0.2251
vn 0.4238 -0.8682 0.2578
vn -0.8682 -0.4239 0.2579
vn -0.9001 -0.3729 0.2251
vn 0.0593 0.9644 0.2579
vn 0.0000 0.9743 0.2251
vn 0.9136 -0.3142 0.2578
vn 0.9001 -0.3728 0.2251
vn -0.7238 -0.6399 0.2578
vn -0.6890 -0.6890 0.2251
vn -0.4239 0.8682 0.2578
vn -0.3728 0.9001 0.2251
vn 0.9644 -0.0593 0.2579
vn 0.9743 0.0000 0.2251
vn -0.3142 -0.9137 0.2578
vn -0.3728 -0.9002 0.2251
vn -0.6399 0.7239 0.2578
vn -0.6890 0.6890 0.2251
vn 0.8683 0.4238 0.2578
vn 0.9001 0.3728 0.2251
vn -0.0593 -0.9644 0.2578
vn 0.0000 -0.9743 0.2251
vn -1.0000 0.0000 0.0000
vn -0.0591 0.7829 0.6193
vn -0.0499 0.7495 0.6601
vn 0.0339 0.4105 0.9112
vn 0.0182 0.4784 0.8779
vn 0.1592 0.6644 0.7302
vn 0.1596 0.6178 0.7700
vn 0.1552 0.2808 0.9471
vn 0.1566 0.3424 0.9264
vn 0.0957 0.1345 -0.9863
vn 0.1057 0.0932 -0.9900
vn 0.0339 0.4105 -0.9112
vn 0.0182 0.4784 -0.8779
vn -0.1060 0.9439 0.3126
vn -0.1035 0.9359 0.3367
vn 0.1549 0.9012 0.4047
vn 0.1557 0.8827 0.4433
vn 0.1595 -0.0916 0.9829
vn 0.0957 0.1345 0.9863
vn 0.1057 0.0932 0.9900
vn 0.1804 -0.1498 0.9721
vn -0.9679 -0.2513 0.0000
vn -0.9494 -0.2181 -0.2260
vn -0.9528 -0.2242 -0.2048
vn 0.8814 -0.4559 -0.1233
vn 0.8835 -0.4685 0.0000
vn 0.8819 -0.4587 -0.1090
vn 0.1592 -0.1066 0.9814
vn 0.1493 0.0609 0.9869
vn 0.1491 0.0279 0.9884
vn 0.1698 -0.1650 0.9716
vn 0.3833 -0.8695 -0.3114
vn 0.3934 -0.9194 0.0000
vn 0.3847 -0.8759 -0.2910
vn 0.2779 -0.9606 -0.0014
vn 0.2711 -0.8800 0.3900
vn 0.2729 -0.8972 0.3471
vn 0.2780 -0.9606 0.0008
vn 0.2653 -0.8805 -0.3927
vn 0.2680 -0.8991 -0.3460
vn 0.3833 -0.8695 0.3114
vn 0.3847 -0.8759 0.2910
vn 0.3453 -0.7036 -0.6210
vn 0.3527 -0.7340 -0.5802
vn 0.2339 -0.6615 -0.7125
vn 0.2425 -0.7210 -0.6491
vn 0.1595 -0.0916 -0.9829
vn 0.2577 -0.3855 -0.8860
vn 0.2809 -0.4644 -0.8398
vn 0.1804 -0.1498 -0.9721
vn 0.1844 -0.3469 -0.9196
vn 0.2007 -0.4465 -0.8720
vn 0.1364 -0.1065 -0.9849
vn 0.1496 -0.1658 -0.9747
vn -0.1213 0.9926 0.0000
vn 0.1475 0.9890 -0.0022
vn 0.1476 0.9890 0.0046
vn -0.1060 0.9439 -0.3126
vn -0.1035 0.9359 -0.3367
vn 0.1399 0.9019 -0.4086
vn 0.1394 0.8884 -0.4374
vn 0.1197 0.0625 -0.9908
vn 0.1207 0.0293 -0.9922
vn 0.1233 0.2851 -0.9505
vn 0.1249 0.3449 -0.9303
vn 0.2452 -0.6604 0.7097
vn 0.2523 -0.7179 0.6488
vn 0.3453 -0.7036 0.6210
vn 0.3527 -0.7340 0.5802
vn 0.2006 -0.3460 0.9165
vn 0.2152 -0.4437 0.8699
vn 0.2577 -0.3855 0.8860
vn 0.2809 -0.4644 0.8398
vn 0.1322 0.6244 -0.7698
vn 0.1330 0.6663 -0.7337
vn -0.0499 0.7495 -0.6601
vn -0.0591 0.7829 -0.6193
vn -0.8706 0.4555 0.1859
vn -0.8761 0.4744 0.0853
vn -0.8754 0.4721 0.1039
vn -0.8664 0.4424 0.2317
vn -0.8088 0.3095 -0.5000
vn -0.7545 0.1453 -0.6399
vn -0.7497 0.1711 -0.6393
vn -0.7606 0.2422 -0.6023
vn -0.8553 0.4085 0.3189
vn -0.8357 0.3581 0.4163
vn -0.8760 0.4744 -0.0869
vn -0.8704 0.4558 -0.1858
vn -0.8663 0.4428 -0.2311
vn -0.8753 0.4720 -0.1050
vn -0.8553 0.4092 -0.3177
vn -0.8359 0.3588 -0.4152
vn 0.8455 -0.3018 0.4404
vn 0.7901 -0.1738 0.5878
vn 0.8159 -0.2268 0.5319
vn 0.8592 -0.3510 0.3720
vn -0.8063 0.0336 0.5905
vn -0.8948 -0.1212 0.4297
vn -0.9071 -0.1429 0.3959
vn -0.8301 -0.0078 0.5575
vn 0.8814 -0.4559 0.1233
vn 0.8729 -0.4107 0.2635
vn 0.8758 -0.4249 0.2288
vn 0.8819 -0.4587 0.1090
vn -0.8775 0.4795 -0.0011
vn -0.8948 -0.1212 -0.4296
vn -0.8063 0.0336 -0.5905
vn -0.8302 -0.0077 -0.5575
vn -0.9071 -0.1429 -0.3959
vn 0.7901 -0.1738 -0.5878
vn 0.8455 -0.3018 -0.4404
vn 0.8593 -0.3510 -0.3720
vn 0.8159 -0.2268 -0.5319
vn 0.7884 -0.1014 0.6067
vn 0.8053 -0.0605 0.5897
vn -0.8085 0.3089 0.5009
vn -0.7605 0.2420 0.6025
vn -0.9494 -0.2181 0.2260
vn -0.9528 -0.2242 0.2048
vn -0.0673 0.9977 0.0000
vn -0.0677 0.9977 0.0000
vn -0.0637 0.9980 0.0000
vn -0.0965 0.9953 0.0000
vn -0.0975 0.9952 0.0000
vn -0.0819 0.9966 0.0000
vn 0.1533 -0.2166 0.9641
vn 0.2033 -0.4814 0.8526
vn 0.0802 -0.3679 0.9264
vn 0.0426 -0.1476 0.9881
vn 0.2267 -0.7909 0.5683
vn 0.2051 -0.5090 0.8360
vn 0.0476 -0.5306 0.8462
vn 0.0571 -0.8185 0.5716
vn 0.1252 -0.6200 0.7746
vn 0.2817 -0.8727 0.3987
vn 0.0604 -0.9777 0.2009
vn 0.2296 -0.9518 0.2031
vn 0.0357 -0.1817 0.9827
vn 0.1670 -0.1729 0.9706
vn -0.0877 0.9961 0.0000
vn -0.0857 0.9963 0.0000
vn -0.0966 0.9953 0.0000
vn -0.0981 0.9951 0.0000
vn -0.0769 0.9970 0.0000
vn -0.0756 0.9971 0.0000
vn -0.1072 0.9942 0.0000
vn -0.1064 0.9943 0.0000
vn 0.4522 -0.5153 0.7280
vn 0.5142 -0.8010 0.3065
vn 0.3881 -0.2556 0.8854
vn 0.6890 -0.4942 0.5300
vn 0.6303 -0.2814 0.7236
vn 0.6574 -0.3303 0.6773
vn 0.7015 -0.5380 0.4673
vn 0.7159 -0.6682 0.2021
vn 0.7096 -0.6837 0.1703
vn 0.5160 -0.6785 0.5229
vn 0.4768 -0.4288 0.7673
vn 0.5198 -0.8334 0.1876
vn 0.7000 -0.7141 0.0000
vn 0.6863 -0.7273 0.0000
vn 0.4823 -0.8760 0.0000
vn 0.2747 -0.9615 0.0000
vn 0.2266 -0.9740 0.0000
vn 0.5119 -0.8590 0.0000
vn -0.1865 -0.1865 0.9646
vn -0.2437 -0.1009 0.9646
vn -0.4243 -0.1757 0.8883
vn -0.3247 -0.3247 0.8883
vn 0.5647 -0.6279 0.5355
vn 0.6510 -0.5401 0.5333
vn 0.4292 -0.3023 0.8511
vn 0.3571 -0.3236 0.8762
vn 0.7531 -0.2876 0.5917
vn 0.4625 -0.1148 0.8791
vn 0.7877 -0.1419 0.5995
vn 0.4768 -0.0231 0.8787
vn 0.2953 -0.0216 0.9551
vn 0.2788 -0.1349 0.9508
vn 0.7215 -0.6152 0.3175
vn 0.8592 -0.3506 0.3727
vn 0.9988 -0.0438 0.0219
vn 0.9873 -0.1576 0.0164
vn 0.9881 -0.1536 0.0000
vn 0.9990 -0.0438 0.0000
vn 0.8991 0.3724 0.2300
vn 0.9732 0.0000 0.2300
vn 0.9239 0.3827 0.0000
vn -0.8991 0.3724 0.2300
vn -0.6881 0.6881 0.2300
vn -0.7071 0.7071 0.0000
vn -0.9239 0.3827 0.0000
vn 0.6881 0.6881 0.2300
vn 0.7071 0.7071 0.0000
vn 0.3724 -0.8991 0.2300
vn 0.0000 -0.9732 0.2300
vn 0.0000 -1.0000 0.0000
vn 0.3827 -0.9239 0.0000
vn -0.9732 0.0000 0.2300
vn 0.3724 0.8991 0.2300
vn 0.3827 0.9239 0.0000
vn -0.3724 -0.8991 0.2300
vn -0.3827 -0.9239 0.0000
vn 0.6881 -0.6881 0.2300
vn 0.7071 -0.7071 0.0000
vn 0.0000 0.9732 0.2300
vn 0.0000 1.0000 0.0000
vn -0.6881 -0.6881 0.2300
vn -0.7071 -0.7071 0.0000
vn 0.8991 -0.3724 0.2300
vn -0.3724 0.8991 0.2300
vn -0.3827 0.9239 0.0000
vn -0.8991 -0.3724 0.2300
vn -0.9239 -0.3827 0.0000
vn 0.1261 -0.9920 -0.0002
vn 0.1261 -0.9920 0.0000
vn 0.2801 -0.9600 0.0000
vn 0.2797 -0.9601 -0.0008
vn -0.9885 -0.1469 -0.0368
vn -0.9886 -0.1455 -0.0368
vn 0.6913 -0.6258 0.3612
vn 0.3717 -0.8039 0.4642
vn 0.3608 -0.9008 0.2414
vn 0.6787 -0.7094 0.1900
vn -0.0965 -0.8620 0.4977
vn -0.3717 -0.8039 0.4642
vn -0.3608 -0.9008 0.2414
vn -0.0932 -0.9617 0.2577
vn -0.6913 -0.6257 0.3612
vn -0.9122 -0.3548 0.2048
vn -0.9068 -0.4072 0.1091
vn -0.6787 -0.7094 0.1900
vn 0.0965 -0.8620 0.4977
vn 0.0932 -0.9617 0.2577
vn 0.6913 -0.3613 0.6258
vn 0.3717 -0.4642 0.8039
vn -0.1287 -0.5727 0.8096
vn -0.3717 -0.4642 0.8039
vn -0.6913 -0.3612 0.6257
vn -0.9122 -0.2048 0.3548
vn 0.9122 -0.2048 0.3548
vn 0.9122 -0.3548 0.2048
vn 0.1287 -0.5727 0.8096
vn 0.6913 0.0000 0.7226
vn 0.3717 0.0000 0.9283
vn -0.1287 0.0912 0.9875
vn -0.3717 0.0000 0.9283
vn -0.6913 0.0000 0.7225
vn -0.9122 0.0000 0.4096
vn 0.9122 0.0000 0.4097
vn 0.1287 0.0912 0.9875
vn 0.6913 0.3613 0.6258
vn 0.3717 0.4642 0.8039
vn -0.0965 0.4976 0.8620
vn -0.3717 0.4642 0.8039
vn -0.6913 0.3612 0.6257
vn -0.9122 0.2048 0.3548
vn 0.9122 0.2048 0.3548
vn 0.0965 0.4976 0.8620
vn 0.0965 0.8620 0.4977
vn -0.0965 0.8620 0.4977
vn 0.6913 0.6258 0.3612
vn 0.3717 0.8039 0.4642
vn -0.3717 0.8039 0.4642
vn -0.6913 0.6257 0.3612
vn -0.9122 0.3548 0.2048
vn 0.9122 0.3548 0.2048
vn -0.3919 -0.9200 0.0000
vn -0.7169 -0.6971 0.0000
vn 0.3919 0.9200 0.0000
vn 0.1009 0.9949 0.0000
vn 0.9275 0.3736 0.0000
vn -0.9276 -0.3736 0.0000
vn -0.1009 0.9949 0.0000
vn -0.7169 0.6971 0.0000
vn -0.9276 0.3736 0.0000
vn 0.7169 -0.6971 0.0000
vn 0.3919 -0.9200 0.0000
vn -0.3919 0.9200 0.0000
vn 0.9275 -0.3736 0.0000
vn 0.1009 -0.9949 0.0000
vn -0.1009 -0.9949 0.0000
vn 0.7169 0.6971 0.0000
vn 0.9068 -0.4073 0.1091
vn 0.0932 0.9617 0.2577
vn -0.0932 0.9617 0.2577
vn 0.9913 0.0000 0.1315
vn -0.9913 0.0000 0.1315
vn 0.6787 0.7094 0.1900
vn 0.3608 0.9008 0.2414
vn -0.3608 0.9008 0.2414
vn -0.6787 0.7094 0.1900
vn -0.9068 0.4072 0.1091
vn 0.9067 0.4073 0.1091
vn 0.9053 -0.4247 0.0063
vn 0.9076 -0.4198 0.0000
vn 0.7317 -0.6816 0.0002
vn 0.7341 -0.6791 0.0000
vn 0.5005 -0.8657 -0.0011
vn 0.5019 -0.8649 0.0000
vn 0.0436 -0.9990 0.0000
vn 0.0147 -0.9999 0.0000
vn -0.4748 0.8801 0.0000
vn -0.8205 0.3399 0.4595
vn -0.6280 0.6280 0.4595
vn -0.8881 0.0000 0.4595
vn 0.0000 0.8881 0.4595
vn 0.3399 0.8206 0.4595
vn -0.3399 0.8206 0.4595
vn -0.8205 -0.3399 0.4595
vn 0.8205 0.3399 0.4595
vn 0.8881 0.0000 0.4595
vn 0.4243 -0.1758 0.8882
vn 0.4593 0.0000 0.8882
vn 0.2638 0.0000 0.9645
vn 0.2438 -0.1010 0.9645
vn 0.9644 0.0000 0.2643
vn 0.8910 -0.3691 0.2643
vn -0.6819 0.6819 0.2643
vn -0.3691 0.8910 0.2643
vn -0.3690 0.8910 0.2643
vn -0.8910 0.3691 0.2643
vn -0.8910 0.3690 0.2643
vn 0.1758 0.4243 0.8883
vn 0.0000 0.4593 0.8882
vn 0.0000 0.2638 0.9645
vn 0.1010 0.2438 0.9645
vn -0.8910 -0.3691 0.2643
vn -0.9644 0.0000 0.2643
vn 0.8205 -0.3399 0.4595
vn 0.6280 -0.6280 0.4595
vn 0.3248 -0.3248 0.8883
vn 0.1866 -0.1865 0.9645
vn 0.3691 0.8910 0.2643
vn 0.6820 0.6819 0.2643
vn 0.8910 0.3691 0.2643
vn 0.0000 0.9644 0.2643
vn 0.1758 -0.4243 0.8883
vn 0.1010 -0.2438 0.9645
vn 0.6820 -0.6820 0.2642
vn -0.6819 -0.6820 0.2643
vn 0.3248 0.3248 0.8882
vn 0.1866 0.1866 0.9645
vn 0.3691 -0.8910 0.2643
vn 0.0000 -0.9644 0.2643
vn -0.3691 -0.8910 0.2643
vn 0.6280 0.6280 0.4595
vn -0.1750 0.6776 0.7143
vn -0.2095 0.6813 0.7013
vn -0.2149 0.6802 0.7008
vn -0.1779 0.6797 0.7116
vn -0.2474 0.5900 0.7685
vn -0.2421 0.5913 0.7692
vn -0.2305 0.5836 0.7786
vn -0.2428 0.5953 0.7659
vn 0.0044 0.6684 0.7438
vn -0.0517 0.7239 0.6879
vn -0.0018 0.6906 0.7232
vn 0.0096 0.6852 0.7283
vn -0.4820 0.6419 0.5963
vn -0.3502 0.8013 0.4850
vn -0.3592 0.7551 0.5485
vn -0.3773 0.6397 0.6696
vn -0.4225 0.8577 0.2931
vn -0.3040 0.8758 0.3748
vn -0.3235 0.5957 0.7351
vn -0.2912 0.5706 0.7678
vn -0.2634 0.5753 0.7744
vn 0.2725 0.9615 -0.0343
vn 0.2846 0.9585 -0.0141
vn 0.2849 0.9584 -0.0136
vn 0.2729 0.9614 -0.0338
vn 0.2705 0.9620 -0.0364
vn -0.7966 0.5641 0.2172
vn -0.8019 0.5974 0.0000
vn -0.7935 0.5682 0.2176
vn -0.4490 0.2615 0.8544
vn -0.3988 0.3847 0.8325
vn -0.3925 0.4804 0.7843
vn -0.4110 0.1763 0.8944
vn -0.2216 -0.0918 0.9708
vn -0.2398 0.0000 0.9708
vn -0.2216 0.0918 0.9708
vn -0.1696 0.1696 0.9708
vn -0.0273 -0.0661 -0.9974
vn -0.0506 -0.0506 -0.9974
vn 0.0274 0.0661 -0.9974
vn 0.0506 0.0506 -0.9974
vn 0.1696 -0.1696 0.9708
vn 0.0918 -0.2216 0.9708
vn -0.0469 0.0469 0.9978
vn -0.0613 0.0254 0.9978
vn -0.2272 0.0941 0.9693
vn -0.1739 0.1739 0.9693
vn -0.9281 0.1845 0.3233
vn -0.1927 -0.4137 0.8898
vn -0.1958 -0.2930 0.9358
vn -0.3085 -0.3363 0.8898
vn 0.0613 -0.0254 0.9978
vn 0.0663 0.0000 0.9978
vn 0.2459 0.0000 0.9693
vn 0.2272 -0.0941 0.9693
vn -0.4288 -0.1563 0.8898
vn -0.3457 -0.0687 0.9358
vn -0.4560 -0.0197 0.8898
vn 0.2216 0.0918 0.9708
vn 0.2398 0.0000 0.9708
vn -0.0941 0.9624 0.2548
vn 0.1696 -0.1696 -0.9708
vn 0.0918 -0.2216 -0.9708
vn 0.0000 0.0663 0.9978
vn -0.0254 0.0613 0.9978
vn -0.0941 0.2272 0.9693
vn 0.0000 0.2459 0.9693
vn -0.4137 0.1927 0.8897
vn -0.2930 0.1958 0.9358
vn -0.3363 0.3085 0.8898
vn -0.1518 -0.7632 0.6280
vn -0.0661 -0.0273 -0.9974
vn 0.0000 0.2398 0.9708
vn 0.0918 0.2216 0.9708
vn 0.1563 -0.4288 0.8898
vn 0.0687 -0.3457 0.9358
vn 0.0197 -0.4560 0.8898
vn 0.0000 -0.0715 -0.9974
vn 0.0918 0.2216 -0.9708
vn 0.1696 0.1696 -0.9708
vn 0.0941 -0.9624 0.2548
vn -0.2216 -0.0918 -0.9708
vn -0.2399 0.0000 -0.9708
vn 0.4137 -0.1927 0.8898
vn 0.2930 -0.1958 0.9358
vn 0.3363 -0.3085 0.8898
vn 0.0661 0.0273 -0.9974
vn 0.0715 0.0000 -0.9974
vn 0.0661 0.0274 -0.9974
vn -0.1696 0.1696 -0.9708
vn -0.0918 0.2216 -0.9708
vn -0.9251 -0.2813 0.2548
vn -0.0663 0.0000 0.9978
vn -0.2459 0.0000 0.9693
vn 0.0000 -0.2399 -0.9708
vn -0.0918 -0.2216 -0.9708
vn 0.4288 0.1563 0.8897
vn 0.3457 0.0688 0.9358
vn 0.4560 0.0197 0.8897
vn 0.0254 -0.0613 0.9978
vn 0.0469 -0.0469 0.9978
vn 0.1739 -0.1739 0.9693
vn 0.0941 -0.2271 0.9693
vn 0.2216 0.0918 -0.9708
vn 0.2399 0.0000 -0.9708
vn -0.7867 -0.5257 0.3234
vn -0.0469 -0.0469 0.9978
vn -0.0254 -0.0613 0.9978
vn -0.0941 -0.2272 0.9693
vn -0.1739 -0.1739 0.9693
vn -0.2216 0.0918 -0.9708
vn 0.1927 0.4137 0.8897
vn 0.1958 0.2930 0.9358
vn 0.3085 0.3364 0.8897
vn 0.0469 0.0469 0.9978
vn 0.0254 0.0613 0.9978
vn 0.0941 0.2272 0.9693
vn 0.1739 0.1739 0.9693
vn 0.9281 -0.1846 0.3234
vn 0.0661 -0.0273 -0.9974
vn 0.0506 -0.0506 -0.9974
vn 0.0000 -0.2398 0.9708
vn -0.0918 -0.2216 0.9708
vn -0.1563 0.4288 0.8897
vn -0.0688 0.3457 0.9358
vn -0.0197 0.4560 0.8897
vn 0.0000 0.0715 -0.9974
vn 0.2216 -0.0918 0.9708
vn -0.6470 -0.4324 0.6280
vn -0.0661 0.0273 -0.9974
vn -0.0506 0.0506 -0.9974
vn -0.0661 0.0274 -0.9974
vn 0.1696 0.1696 0.9708
vn -0.7017 -0.7017 0.1227
vn -0.9169 -0.3798 0.1227
vn -0.9924 0.0000 0.1226
vn -0.4601 -0.1906 0.8672
vn -0.3521 -0.3521 0.8672
vn -0.4980 0.0000 0.8672
vn -0.9169 0.3798 0.1227
vn -0.4601 0.1906 0.8672
vn -0.1906 -0.4601 0.8672
vn -0.3798 -0.9169 0.1227
vn -0.7017 0.7017 0.1227
vn -0.3521 0.3521 0.8672
vn 0.0000 -0.4980 0.8672
vn 0.0000 -0.9924 0.1227
vn 0.1906 -0.4601 0.8672
vn 0.3798 -0.9169 0.1227
vn 0.3521 -0.3521 0.8672
vn 0.7017 -0.7017 0.1227
vn 0.4601 -0.1906 0.8672
vn 0.9169 -0.3798 0.1227
vn 0.4980 0.0000 0.8672
vn 0.9924 0.0000 0.1226
vn 0.4601 0.1906 0.8672
vn 0.9169 0.3798 0.1227
vn 0.3521 0.3521 0.8672
vn 0.7017 0.7017 0.1227
vn 0.1906 0.4601 0.8672
vn 0.3798 0.9169 0.1227
vn 0.0000 0.4980 0.8672
vn 0.0000 0.9924 0.1227
vn -0.1906 0.4601 0.8672
vn -0.3798 0.9169 0.1227
vn -0.2930 -0.1958 0.9358
vn -0.3457 0.0687 0.9358
vn -0.0687 -0.3457 0.9358
vn 0.1958 -0.2930 0.9358
vn 0.3457 -0.0688 0.9358
vn 0.2930 0.1958 0.9358
vn 0.0688 0.3457 0.9358
vn -0.1958 0.2930 0.9358
vn 0.6471 0.4324 0.6279
vn 0.7471 -0.6139 0.2548
vn 0.7868 0.5257 0.3233
vn 0.9252 0.2813 0.2548
vn -0.1845 -0.9281 0.3234
vn 0.1518 0.7633 0.6279
vn 0.6141 0.7470 0.2545
vn 0.7633 -0.1518 0.6279
vn 0.9624 0.0941 0.2548
vn 0.4552 0.8531 0.2547
vn -0.4324 0.6471 0.6279
vn 0.2813 -0.9251 0.2548
vn 0.1846 0.9281 0.3234
vn 0.5257 -0.7867 0.3234
vn 0.4324 -0.6471 0.6279
vn -0.2814 0.9252 0.2546
vn -0.9624 -0.0941 0.2548
vn -0.7632 0.1518 0.6280
vn -0.4552 -0.8531 0.2547
vn -0.8531 0.4552 0.2547
vn 0.8531 -0.4552 0.2547
vn -0.6139 -0.7471 0.2549
vn -0.5257 0.7868 0.3233
vn -0.7471 0.6140 0.2547
vn -0.2272 -0.0941 0.9693
vn -0.3268 -0.3268 0.8867
vn -0.4270 -0.1769 0.8867
vn -0.4622 0.0000 0.8867
vn -0.4270 0.1769 0.8867
vn -0.1769 -0.4270 0.8867
vn -0.3268 0.3269 0.8867
vn 0.0000 -0.2459 0.9693
vn 0.0000 -0.4622 0.8867
vn 0.1769 -0.4270 0.8868
vn 0.3268 -0.3268 0.8868
vn 0.4270 -0.1769 0.8867
vn 0.4622 0.0000 0.8867
vn 0.2272 0.0941 0.9693
vn 0.4270 0.1769 0.8867
vn 0.3268 0.3268 0.8867
vn 0.1769 0.4270 0.8867
vn 0.0000 0.4622 0.8867
vn -0.1769 0.4270 0.8867
vn 0.0273 -0.0661 -0.9974
vn 0.0613 0.0254 0.9978
vn 0.0000 -0.0663 0.9978
vn -0.0715 0.0000 -0.9974
vn -0.0274 0.0661 -0.9974
vn -0.0613 -0.0254 0.9978
vn 0.9212 -0.3891 0.0027
vn 0.9212 -0.3890 0.0012
vn 0.9213 -0.3889 0.0008
vn 0.9211 -0.3891 0.0024
vn 0.9205 -0.3907 -0.0000
vn 0.9207 -0.3903 0.0008
vn 0.9205 -0.3908 0.0000
vn 0.9208 -0.3900 0.0008
vn 0.9206 -0.3904 0.0079
vn 0.9209 -0.3898 0.0069
vn 0.9212 -0.3890 0.0060
vn 0.9206 -0.3903 0.0077
vn 0.9212 -0.3891 0.0031
vn 0.9214 -0.3885 0.0059
vn 0.9214 -0.3886 0.0054
vn 0.9210 -0.3895 0.0023
vn 0.9213 -0.3889 0.0042
vn 0.9213 -0.3888 0.0080
vn 0.9212 -0.3888 0.0080
vn 0.9214 -0.3885 0.0003
vn 0.9212 -0.3890 0.0009
vn 0.9215 -0.3883 0.0057
vn 0.9215 -0.3882 0.0060
vn 0.9209 -0.3896 0.0086
vn 0.9208 -0.3898 0.0086
vn 0.9220 -0.3872 0.0066
vn 0.9220 -0.3870 0.0070
vn 0.9221 -0.3868 0.0070
vn 0.9216 -0.3880 0.0058
vn 0.9214 -0.3885 0.0001
vn 0.9215 -0.3883 0.0000
vn 0.9218 -0.3876 0.0067
vn 0.9219 -0.3874 0.0068
vn 0.9207 -0.3902 0.0083
vn 0.9206 -0.3903 0.0082
vn -0.1861 0.5703 0.8001
vn -0.2081 0.5727 0.7929
vn -0.1768 0.5935 0.7851
vn -0.3064 0.7371 0.6023
vn -0.2555 0.7877 0.5606
vn -0.2738 0.7674 0.5798
vn -0.3063 0.7456 0.5917
vn 0.0057 0.7211 0.6928
vn -0.0708 0.7165 0.6939
vn -0.1177 0.7043 0.7000
vn -0.0943 0.7673 0.6342
vn -0.2821 0.7193 0.6348
vn -0.2825 0.7198 0.6341
vn -0.1527 0.7233 0.6735
vn -0.1606 0.7227 0.6722
vn -0.1574 0.7291 0.6661
vn 0.9264 0.2402 0.2898
vn 0.8448 -0.0119 0.5350
vn 0.8608 0.0196 0.5086
vn 0.9264 0.2393 0.2908
vn -0.4621 0.8057 -0.3705
vn -0.4818 0.7991 -0.3594
vn -0.6099 0.7466 -0.2657
vn -0.5856 0.7583 -0.2864
vn 0.6521 -0.2672 0.7095
vn 0.6529 -0.2665 0.7090
vn -0.1794 0.6904 0.7008
vn 0.6569 -0.2628 0.7067
vn 0.6569 -0.2628 0.7066
vn -0.1802 0.6554 0.7334
vn -0.1721 0.6540 0.7366
vn -0.2051 0.8254 0.5260
vn -0.2123 0.8251 0.5236
vn -0.1097 0.6979 0.7077
vn -0.1511 0.6951 0.7028
vn -0.8680 0.3602 -0.3416
vn -0.6207 0.5557 -0.5531
vn -0.6413 0.5434 -0.5416
vn -0.8851 0.3407 -0.3171
vn 0.9233 0.2027 0.3261
vn -0.3279 0.6940 -0.6409
vn -0.3423 0.6880 -0.6399
vn -0.9466 0.2494 -0.2041
vn -0.2082 0.7361 -0.6440
vn -0.4573 -0.4679 0.7562
vn 0.1927 -0.5733 0.7964
vn 0.2130 -0.5670 0.7957
vn 0.1934 -0.5730 0.7964
vn -0.2408 0.6348 0.7342
vn -0.1712 0.6304 0.7572
vn -0.1428 0.6721 0.7266
vn -0.1384 0.7016 0.6990
vn 0.8391 0.5267 -0.1356
vn -0.5141 0.8379 0.1832
vn -0.5762 0.8173 0.0000
vn -0.8048 0.5935 0.0000
vn -0.7546 0.6327 0.1737
vn -0.7529 0.5560 0.3521
vn -0.6478 0.6964 0.3086
vn -0.7082 0.6289 0.3207
vn -0.6885 0.6548 0.3117
vn -0.2894 0.5326 0.7953
vn -0.2837 0.5235 0.8033
vn -0.2772 0.5212 0.8072
vn 0.3140 -0.7197 0.6192
vn 0.3455 -0.7050 0.6193
vn 0.3457 -0.7049 0.6193
vn -0.3442 0.7055 -0.6195
vn -0.3751 0.6901 -0.6189
vn -0.3444 0.7054 -0.6195
vn -0.8549 -0.5097 0.0970
vn -0.8757 -0.4828 0.0000
vn -0.8572 -0.5074 0.0884
vn 0.8461 0.5145 -0.1392
vn 0.8726 0.4885 0.0000
vn 0.8430 0.5171 -0.1477
vn -0.6015 0.5777 0.5517
vn -0.6532 0.6278 0.4232
vn -0.2960 0.9460 0.1323
vn -0.2646 0.9643 0.0000
vn -0.7813 0.5937 0.1925
vn -0.8690 0.4948 0.0000
vn -0.7943 0.5799 0.1808
vn 0.6956 0.5905 -0.4091
vn 0.5555 0.6122 -0.5627
vn 0.7020 0.5887 -0.4007
vn -0.6188 0.7295 0.2915
vn -0.6012 0.7471 0.2835
vn -0.6857 0.6912 0.2280
vn -0.5389 0.8258 0.1661
vn -0.7502 -0.6507 0.1168
vn -0.7690 -0.6392 0.0000
vn -0.7494 -0.6511 0.1198
vn -0.2400 0.2202 -0.9455
vn -0.8566 0.4802 0.1885
vn -0.6232 0.7618 0.1765
vn -0.5815 0.8135 0.0000
vn -0.8079 0.5256 0.2662
vn -0.6522 -0.7487 0.1186
vn -0.6290 -0.7550 0.1849
vn -0.6529 -0.7484 0.1162
vn 0.6468 0.7492 -0.1421
vn 0.6718 0.7407 0.0000
vn 0.6477 0.7489 -0.1398
vn -0.3235 0.1772 -0.9295
vn -0.9985 -0.0539 0.0000
vn -0.9790 0.0499 0.1975
vn -0.4617 -0.8827 0.0877
vn -0.4794 -0.8775 0.0000
vn -0.4612 -0.8828 0.0893
vn -0.7546 0.6561 -0.0024
vn -0.7506 0.6606 -0.0137
vn -0.7345 -0.5820 0.3488
vn -0.7388 -0.5804 0.3425
vn -0.7438 0.6684 0.0000
vn -0.4991 0.8665 0.0000
vn -0.9062 0.4229 0.0000
vn -0.6736 -0.7391 0.0000
vn 0.6213 0.7557 -0.2069
vn -0.8337 0.4177 0.3611
vn -0.4426 -0.8862 0.1364
vn 0.3399 -0.8206 0.4595
vn -0.2638 0.0000 0.9646
vn -0.4593 0.0000 0.8883
vn 0.0000 -0.4593 0.8882
vn 0.0000 -0.2638 0.9645
vn -0.1010 -0.2438 0.9645
vn -0.1758 -0.4243 0.8882
vn -0.1758 0.4243 0.8882
vn -0.1010 0.2438 0.9645
vn -0.6280 -0.6280 0.4595
vn -0.3399 -0.8206 0.4595
vn 0.0000 -0.8881 0.4595
vn -0.2437 0.1010 0.9646
vn -0.4243 0.1758 0.8883
vn -0.3247 0.3248 0.8883
vn -0.1865 0.1865 0.9646
vn 0.2438 0.1010 0.9645
vn 0.4244 0.1758 0.8882
vn 0.8875 -0.1983 0.4158
vn 0.8800 -0.2129 0.4245
vn 0.8925 -0.2061 0.4013
vn 0.8944 -0.2149 0.3922
vn 0.2920 0.0458 0.9553
vn 0.2948 0.0376 0.9548
vn 0.2980 0.0398 0.9537
vn 0.3001 0.0422 0.9529
vn 0.2795 -0.1889 0.9413
vn 0.2868 -0.1881 0.9393
vn 0.2868 -0.1882 0.9393
vn 0.2871 -0.1874 0.9394
vn 0.6105 -0.7431 0.2741
vn 0.6146 -0.7407 0.2712
vn 0.6190 -0.7387 0.2668
vn 0.6222 -0.7375 0.2624
vn 0.5123 -0.8588 0.0000
vn -0.5462 -0.6950 0.4676
vn -0.6476 -0.7620 0.0000
vn -0.5453 -0.6944 0.4693
vn -0.5462 -0.6950 -0.4676
vn -0.5453 -0.6944 -0.4694
vn -0.3292 -0.5699 -0.7529
vn -0.3374 -0.5741 -0.7460
vn -0.0898 -0.4647 -0.8809
vn -0.1173 -0.4748 -0.8722
vn -0.0898 -0.4646 0.8809
vn -0.3292 -0.5699 0.7529
vn -0.3375 -0.5741 0.7460
vn -0.1173 -0.4748 0.8722
vn 0.5122 -0.8588 0.0000
vn 0.8863 0.0836 -0.4555
vn 0.9904 0.1383 0.0000
vn 0.8853 0.0831 -0.4575
vn 0.8863 0.0836 0.4555
vn 0.8853 0.0831 0.4575
vn 0.6779 -0.0457 0.7337
vn 0.6868 -0.0393 0.7257
vn 0.4770 -0.2086 0.8538
vn 0.5022 -0.1852 0.8447
vn 0.4770 -0.2085 -0.8538
vn 0.6779 -0.0457 -0.7337
vn 0.6868 -0.0393 -0.7257
vn 0.5022 -0.1852 -0.8447
vn 0.0000 -0.3132 -0.9496
vn 0.0000 -0.8069 -0.5907
vn 0.0000 -0.3131 0.9497
vn 0.0000 -0.8068 0.5908
vn 1.0000 0.0001 -0.0000
vn 1.0000 0.0009 0.0000
vn 0.5121 -0.8589 0.0000
vn 0.0000 -0.9983 0.0580
vn 0.0000 -0.9983 -0.0580
vn 0.0000 -0.9752 -0.2213
vn 0.0000 -0.9752 0.2213
vn -0.5924 -0.8056 0.0000
vn 0.9781 0.2078 0.0000
vn 0.0000 0.0000 -1.0000
vn 0.0114 -0.4238 -0.9057
vn 0.5122 -0.8589 0.0000
vn 0.9450 0.0826 -0.3164
vn 0.9162 0.0459 -0.3979
vn -0.5123 0.8588 0.0000
vn 0.0115 -0.4237 0.9057
vn 0.9450 0.0826 0.3164
vn 0.9162 0.0459 0.3980
vn 0.3981 -0.2769 -0.8746
vn -0.4573 -0.8396 -0.2930
vn -0.4013 -0.8313 -0.3845
vn -0.4573 -0.8396 0.2931
vn -0.4012 -0.8314 0.3845
vn 0.3981 -0.2769 0.8745
vn 0.5123 -0.8588 0.0001
vn 0.5123 -0.8588 -0.0001
vn 0.5122 -0.8588 -0.0003
vn 0.7513 -0.0849 -0.6544
vn 0.7513 -0.0849 0.6544
vn -0.2150 -0.7537 -0.6210
vn -0.2149 -0.7537 0.6210
vn 0.1972 -0.8967 -0.3962
vn 0.1647 -0.6812 -0.7133
vn 0.1536 -0.6044 -0.7817
vn 0.1923 -0.8645 -0.4643
vn 0.1702 0.5370 0.8262
vn 0.1188 0.2366 0.9643
vn 0.1255 0.2783 0.9522
vn 0.1764 0.5710 0.8018
vn 0.1724 0.5311 -0.8296
vn 0.2278 0.8277 -0.5128
vn 0.2307 0.8430 -0.4858
vn 0.1785 0.5651 -0.8054
vn 0.1249 -0.3986 -0.9086
vn 0.1120 -0.3011 -0.9470
vn 0.2255 0.8274 0.5144
vn 0.2286 0.8433 0.4863
vn 0.0916 -0.1260 0.9878
vn 0.1254 -0.3832 0.9151
vn 0.1122 -0.2840 0.9522
vn 0.0859 -0.0764 0.9933
vn 0.1659 -0.6729 0.7208
vn 0.1984 -0.8942 0.4012
vn 0.1938 -0.8632 0.4661
vn 0.1548 -0.5946 0.7889
vn 0.0876 0.0321 0.9956
vn 0.0907 0.0556 0.9943
vn 0.2542 0.9671 0.0029
vn 0.2542 0.9671 0.0019
vn 0.2104 -0.9776 0.0020
vn 0.2104 -0.9776 -0.0016
vn 0.0916 -0.1440 -0.9853
vn 0.0860 -0.0941 -0.9918
vn 0.0880 0.0163 -0.9960
vn 0.1200 0.2246 -0.9670
vn 0.1267 0.2662 -0.9555
vn 0.0912 0.0401 -0.9950
vn 0.9215 -0.3883 -0.0001
vn 0.9206 -0.3905 0.0001
vn 0.9212 -0.3890 0.0062
vn 0.9214 -0.3885 0.0085
vn 0.9213 -0.3889 0.0063
vn 0.9209 -0.3896 0.0124
vn 0.9218 -0.3875 0.0120
vn 0.9215 -0.3883 0.0002
vn 0.9207 -0.3902 0.0012
vn 0.9212 -0.3890 0.0045
vn 0.9210 -0.3895 0.0038
vn 0.9211 -0.3891 0.0066
vn 0.9213 -0.3887 0.0018
vn 0.9210 -0.3894 0.0118
vn 0.9212 -0.3890 0.0086
vn 0.9212 -0.3890 0.0097
vn 0.9216 -0.3880 0.0107
vn 0.9212 -0.3889 0.0032
vn 0.9211 -0.3890 0.0104
vn 0.1206 0.0560 -0.9911
vn 0.1168 0.0945 -0.9886
vn 0.1470 -0.1020 -0.9838
vn 0.1620 -0.1619 -0.9734
vn 0.0970 0.3422 -0.9346
vn 0.0914 0.4099 -0.9075
vn 0.0605 0.7311 0.6796
vn 0.0650 0.6902 0.7207
vn 0.0970 0.3425 0.9345
vn 0.0915 0.4100 0.9075
vn 0.0365 0.9323 0.3597
vn 0.0381 0.9203 0.3892
vn 0.1470 -0.1020 0.9838
vn 0.1168 0.0946 0.9886
vn 0.1206 0.0561 0.9911
vn 0.1620 -0.1619 0.9734
vn 0.3018 -0.8862 -0.3515
vn 0.3110 -0.9504 0.0000
vn 0.3035 -0.8976 -0.3196
vn 0.3035 -0.8976 0.3196
vn 0.3018 -0.8862 0.3515
vn 0.2705 -0.6919 -0.6694
vn 0.2781 -0.7366 -0.6165
vn 0.2094 -0.3707 -0.9048
vn 0.2279 -0.4624 -0.8568
vn 0.0276 0.9996 -0.0000
vn 0.0276 0.9996 0.0001
vn 0.0364 0.9323 -0.3597
vn 0.0380 0.9204 -0.3891
vn 0.2781 -0.7366 0.6165
vn 0.2705 -0.6919 0.6694
vn 0.2279 -0.4624 0.8568
vn 0.2094 -0.3707 0.9048
vn 0.0649 0.6901 -0.7208
vn 0.0603 0.7311 -0.6796
vn 0.8729 -0.4107 -0.2635
vn 0.8758 -0.4249 -0.2288
vn 0.9670 0.2548 0.0000
vn 0.9597 0.2373 0.1505
vn 0.9580 0.2335 0.1661
vn -0.7496 0.1710 0.6393
vn -0.7545 0.1453 0.6400
vn 0.8828 0.0786 -0.4631
vn 0.9350 0.1820 -0.3044
vn 0.9268 0.1647 -0.3376
vn 0.8562 0.0314 -0.5156
vn 0.9597 0.2373 -0.1505
vn 0.9580 0.2335 -0.1661
vn 0.9350 0.1820 0.3044
vn 0.8828 0.0786 0.4631
vn 0.8562 0.0314 0.5156
vn 0.9268 0.1647 0.3376
vn 0.8053 -0.0605 -0.5897
vn 0.7884 -0.1014 -0.6067
vn -0.1696 -0.1696 0.9708
vn 0.0000 0.2399 -0.9708
vn -0.3826 -0.9239 0.0000
vn -0.9239 0.3826 0.0000
vn 0.2216 -0.0918 -0.9708
vn 0.9239 -0.3826 0.0000
vn -0.0918 0.2216 0.9708
vn -0.1696 -0.1696 -0.9708
vn -0.9239 -0.3826 0.0000
vn 0.9239 0.3826 0.0000
vn 0.3826 -0.9239 0.0000
vn -0.3527 -0.3527 -0.8667
vn -0.4608 -0.1909 -0.8667
vn -0.4988 0.0000 -0.8667
vn -0.4608 0.1909 -0.8667
vn -0.1909 -0.4608 -0.8667
vn -0.3527 0.3527 -0.8667
vn 0.0000 -0.4988 -0.8667
vn 0.1909 -0.4608 -0.8667
vn 0.3527 -0.3527 -0.8667
vn 0.4608 -0.1909 -0.8667
vn 0.4988 0.0000 -0.8667
vn 0.4608 0.1909 -0.8667
vn 0.3527 0.3527 -0.8667
vn 0.1909 0.4608 -0.8667
vn 0.0000 0.4988 -0.8667
vn -0.1909 0.4608 -0.8667
vn -0.3529 0.0001 0.9356
vn -0.3529 -0.0001 0.9356
vn -0.3258 0.1349 0.9357
vn -0.3258 0.1350 0.9357
vn -0.2493 0.2492 0.9358
vn -0.2492 0.2493 0.9358
vn -0.1349 0.3256 0.9358
vn 0.3149 0.7601 -0.5683
vn 0.5818 0.5818 -0.5683
vn 0.0000 0.3525 0.9358
vn 0.1350 0.3258 0.9357
vn 0.1349 0.3259 0.9357
vn -0.5818 0.5818 -0.5683
vn -0.3149 0.7601 -0.5683
vn -0.7602 -0.3149 -0.5683
vn -0.8228 0.0000 -0.5683
vn 0.0000 -0.8227 -0.5683
vn -0.3149 -0.7601 -0.5683
vn 0.2497 0.2495 0.9356
vn 0.2495 0.2496 0.9356
vn 0.3264 0.1351 0.9355
vn 0.3263 0.1353 0.9355
vn 0.7601 -0.3148 -0.5683
vn 0.5818 -0.5818 -0.5683
vn 0.7601 -0.3149 -0.5683
vn 0.3536 -0.0001 0.9354
vn 0.3536 0.0001 0.9354
vn 0.3269 -0.1355 0.9353
vn 0.3269 -0.1353 0.9353
vn -0.4535 0.0000 -0.8912
vn -0.4190 0.1735 -0.8912
vn 0.3149 -0.7601 -0.5683
vn -0.5818 -0.5818 -0.5683
vn -0.7602 0.3149 -0.5683
vn 0.0000 0.8227 -0.5683
vn 0.7601 0.3148 -0.5683
vn 0.7601 0.3149 -0.5683
vn 0.8227 0.0000 -0.5683
vn 0.1735 -0.4190 -0.8912
vn 0.0000 -0.4535 -0.8912
vn -0.3207 -0.3207 -0.8912
vn -0.4190 -0.1735 -0.8912
vn 0.4190 -0.1735 -0.8912
vn 0.3207 -0.3207 -0.8912
vn 0.1735 0.4190 -0.8912
vn 0.3207 0.3207 -0.8912
vn -0.1735 -0.4190 -0.8912
vn 0.2503 -0.2503 0.9352
vn 0.1355 -0.3270 0.9352
vn 0.4535 0.0000 -0.8912
vn 0.0000 -0.3539 0.9352
vn -0.1353 -0.3269 0.9353
vn -0.1354 -0.3268 0.9353
vn 0.4190 0.1735 -0.8912
vn -0.1735 0.4190 -0.8912
vn 0.0000 0.4535 -0.8912
vn -0.3207 0.3207 -0.8912
vn -0.2499 -0.2500 0.9354
vn -0.2500 -0.2499 0.9354
vn -0.3262 -0.1353 0.9355
vn -0.3263 -0.1351 0.9355
vn 0.0000 -0.2780 0.9606
vn -0.9486 -0.0847 0.3048
vn 0.9486 -0.0847 0.3048
vn 0.0000 -0.9931 -0.1174
vn 0.0000 0.9062 0.4227
vn 0.6927 -0.6927 0.2005
vn 0.3749 -0.9051 0.2006
vn 0.6927 0.6927 0.2005
vn 0.9051 0.3749 0.2005
vn 0.9051 0.3750 0.2005
vn -0.9051 -0.3750 0.2006
vn -0.9796 0.0000 0.2006
vn -0.9051 -0.3749 0.2006
vn 0.9051 -0.3750 0.2004
vn -0.6927 -0.6927 0.2006
vn 0.9797 0.0000 0.2005
vn -0.3749 0.9051 0.2004
vn 0.0000 0.9797 0.2004
vn -0.3750 -0.9051 0.2006
vn -0.3749 -0.9051 0.2006
vn -0.6927 0.6927 0.2005
vn 0.0000 -0.9796 0.2006
vn 0.3749 0.9051 0.2004
vn -0.9051 0.3749 0.2007
vn 0.0000 -0.5071 0.8619
vn 0.0000 0.9565 0.2917
vn 0.0000 0.8297 0.5581
vn 0.0000 -0.9565 0.2917
vn 0.0000 -0.8297 0.5581
vn 0.0000 0.5070 0.8619
vn -0.5071 0.0000 0.8619
vn 0.9565 0.0000 0.2918
vn 0.8297 0.0000 0.5582
vn -0.9565 0.0000 0.2917
vn -0.8297 0.0000 0.5581
vn 0.5071 0.0000 0.8619
vn -0.3585 -0.3585 0.8619
vn 0.6763 0.6763 0.2917
vn 0.5867 0.5867 0.5581
vn -0.6763 -0.6763 0.2917
vn -0.5867 -0.5867 0.5581
vn 0.3585 0.3585 0.8619
vn -0.3585 0.3585 0.8619
vn 0.6763 -0.6763 0.2917
vn 0.5867 -0.5867 0.5581
vn -0.6763 0.6763 0.2917
vn -0.5867 0.5867 0.5581
vn 0.3585 -0.3585 0.8619
vn -0.4984 -0.2065 0.8419
vn -0.3815 -0.3815 0.8420
vn 0.2064 0.4984 0.8420
vn 0.0000 0.5394 0.8420
vn -0.4540 -0.4540 -0.7666
vn -0.2457 -0.5933 -0.7665
vn -0.4540 -0.4541 -0.7666
vn 0.4541 -0.4541 -0.7665
vn 0.5933 -0.2457 -0.7666
vn -0.5932 -0.2457 -0.7666
vn 0.5932 0.2457 -0.7666
vn 0.6421 0.0000 -0.7666
vn 0.5933 0.2457 -0.7666
vn 0.4541 0.4541 -0.7665
vn -0.5932 0.2457 -0.7666
vn -0.6421 0.0000 -0.7666
vn 0.3814 -0.3814 0.8420
vn 0.4984 -0.2064 0.8420
vn -0.2458 0.5933 -0.7665
vn -0.4540 0.4541 -0.7666
vn -0.2457 0.5933 -0.7665
vn 0.0000 -0.5394 0.8420
vn 0.2064 -0.4984 0.8420
vn -0.5394 0.0000 0.8420
vn -0.2064 -0.4984 0.8420
vn 0.4984 0.2064 0.8420
vn 0.3814 0.3815 0.8420
vn -0.2064 0.4984 0.8420
vn 0.0000 -0.6421 -0.7666
vn 0.5394 0.0000 0.8420
vn 0.3399 0.8205 0.4595
vn 0.8206 0.3398 0.4595
vn -0.3399 0.8205 0.4595
vn -0.4984 0.2065 0.8420
vn -0.4984 0.2064 0.8420
vn 0.8206 -0.3399 0.4595
vn 0.8206 -0.3398 0.4595
vn 0.2457 0.5933 -0.7665
vn 0.0000 0.6422 -0.7665
vn 0.2458 0.5933 -0.7665
vn 0.2457 -0.5933 -0.7666
vn 0.2457 -0.5932 -0.7666
vn -0.3815 0.3815 0.8420
vn 0.3398 -0.8206 0.4595
vn -0.8206 -0.3399 0.4595
vn 0.1023 0.0179 0.9946
vn 0.2965 0.0165 0.9549
vn 0.3308 -0.0621 0.9416
vn 0.1216 -0.0489 0.9914
vn -0.9993 0.0381 0.0000
vn -0.9993 0.0380 0.0000
vn -0.9993 0.0382 0.0000
vn 0.4022 -0.1393 0.9048
vn 0.0293 0.0093 0.9995
vn 0.1440 0.0125 0.9895
vn 0.0201 -0.0064 0.9998
vn 0.3531 0.0152 0.9355
vn 0.0594 -0.9982 0.0000
vn 0.0162 0.0181 0.9997
vn 0.4446 -0.8957 0.0000
vn 0.6686 -0.7436 0.0000
vn 0.4722 -0.8814 0.0000
vn 0.6686 -0.7436 0.0001
vn 0.6684 -0.7437 0.0015
vn 0.5506 -0.0780 0.8311
vn 0.4981 0.0143 0.8670
vn 0.5271 0.0141 0.8497
vn 0.5774 -0.1014 0.8101
vn 0.8324 -0.5542 0.0000
vn 0.8324 -0.5120 0.2120
vn 0.8324 -0.5120 0.2121
vn 0.8324 -0.3919 0.3919
vn 0.8324 -0.2121 0.5120
vn 0.8324 0.0000 0.5542
vn 0.8324 0.2121 0.5120
vn 0.8324 0.3919 0.3919
vn 0.8324 0.5120 0.2121
vn 0.8324 0.5542 0.0000
vn 0.2891 -0.3663 -0.8844
vn 0.2891 0.0000 -0.9573
vn 0.0333 -0.9994 0.0000
vn 0.0333 -0.9234 0.3824
vn 0.0333 -0.7067 0.7067
vn 0.0333 -0.3825 0.9233
vn 0.0333 0.0000 0.9994
vn 0.0333 0.3825 0.9233
vn 0.0333 0.7067 0.7067
vn 0.0333 0.9233 0.3825
vn 0.0333 0.9994 0.0000
vn -0.2230 -0.9748 0.0000
vn -0.2230 -0.9006 0.3730
vn -0.4669 -0.8170 0.3384
vn -0.4669 -0.8843 0.0000
vn -0.2230 -0.3730 0.9006
vn -0.2230 0.0000 0.9748
vn -0.4669 0.0000 0.8843
vn -0.4669 -0.3384 0.8170
vn -0.2230 0.6893 0.6893
vn -0.2230 0.9006 0.3730
vn -0.4669 0.8170 0.3384
vn -0.4669 0.6253 0.6253
vn -0.2230 -0.6893 0.6893
vn 0.2304 -0.6881 0.6881
vn 0.2304 -0.3724 0.8990
vn 0.6378 0.5446 0.5446
vn 0.6378 0.7116 0.2947
vn 0.2304 0.8990 0.3724
vn 0.2304 0.6881 0.6881
vn 0.2304 -0.8990 0.3724
vn -0.4669 -0.6253 0.6253
vn 0.6377 -0.7702 0.0000
vn 0.6378 -0.7116 0.2947
vn 0.2304 -0.9731 0.0000
vn -0.2230 0.3730 0.9006
vn -0.4669 0.3384 0.8169
vn 0.6378 -0.5446 0.5446
vn 0.2304 0.3724 0.8990
vn 0.2304 0.9731 0.0000
vn 0.6378 0.7702 0.0000
vn 0.6378 -0.2947 0.7115
vn 0.6378 0.0000 0.7702
vn 0.2304 0.0000 0.9731
vn -0.2230 0.9748 0.0000
vn -0.4669 0.8843 0.0000
vn 0.6378 0.2947 0.7116
vn 0.2891 -0.6769 -0.6769
vn 0.2891 0.8844 -0.3663
vn 0.2891 0.9573 0.0000
vn 0.2891 -0.8844 -0.3663
vn 0.2891 0.6769 -0.6769
vn 0.2891 -0.9573 0.0000
vn 0.2891 0.3663 -0.8844
vn 0.0333 -0.9233 0.3825
vn 0.9609 -0.1958 0.1958
vn 0.9609 -0.1059 0.2558
vn 0.8767 -0.1840 0.4444
vn 0.8767 -0.3401 0.3401
vn 0.9609 0.0000 0.2769
vn 0.9609 0.1958 0.1958
vn 0.9609 0.2558 0.1060
vn 0.9609 0.1060 0.2558
vn 0.8767 0.3401 0.3401
vn 0.8767 0.1840 0.4443
vn 0.8767 0.0000 0.4810
vn 0.9609 -0.2559 0.1060
vn 0.8767 -0.4444 0.1841
vn 0.9609 0.2769 0.0000
vn 0.8767 0.4810 0.0000
vn 0.8767 0.4444 0.1841
vn -0.8755 0.4464 0.1849
vn -0.8755 0.4831 0.0000
vn -0.8755 0.4463 0.1849
vn -0.8755 0.3417 0.3417
vn -0.8755 -0.4831 0.0000
vn -0.8755 -0.4464 0.1849
vn 0.9609 -0.2769 0.0000
vn 0.8767 -0.4810 0.0000
vn 1.0000 -0.0001 0.0000
vn -0.8755 -0.3416 0.3416
vn -0.8755 -0.1849 0.4464
vn -0.8755 -0.3416 0.3417
vn -0.8755 0.0000 0.4832
vn -0.8755 0.1849 0.4464
vn 0.0387 -0.9232 0.3824
vn -0.0339 0.9233 -0.3824
vn 0.0000 -0.3828 -0.9238
vn 0.8563 -0.4771 0.1976
vn -0.9994 -0.0315 0.0130
vn 0.0000 0.3827 0.9239
vn 0.0387 0.3824 0.9232
vn -0.0339 -0.3825 -0.9233
vn 0.0000 -0.9239 0.3826
vn 0.8563 0.1976 0.4771
vn -0.9994 0.0130 0.0315
vn 0.0000 0.9239 -0.3827
vn 0.0387 -0.3824 0.9232
vn -0.0339 0.3825 -0.9233
vn 0.0000 -0.9239 -0.3827
vn 0.8563 -0.1976 0.4771
vn -0.9994 -0.0130 0.0315
vn 0.0000 0.9239 0.3827
vn 0.0387 0.9232 0.3824
vn -0.0339 -0.9233 -0.3824
vn 0.0000 -0.3826 0.9239
vn 0.8563 0.4770 0.1976
vn -0.9994 0.0315 0.0130
vn 0.0000 0.3827 -0.9239
vn 0.8237 -0.5670 0.0000
vn 0.8237 -0.5239 0.2170
vn 0.8238 -0.5237 0.2169
vn 0.8238 -0.5669 0.0000
vn 0.8237 -0.4010 0.4009
vn 0.8238 -0.4008 0.4008
vn 0.8237 0.2170 0.5238
vn 0.8237 0.4010 0.4009
vn 0.8238 0.4008 0.4008
vn 0.8238 0.2169 0.5237
vn 0.8237 -0.2170 0.5238
vn 0.8237 0.0000 0.5670
vn 0.8238 0.0000 0.5669
vn 0.8238 -0.2169 0.5237
vn 0.8237 0.5239 0.2170
vn 0.8237 0.5670 0.0000
vn 0.8238 0.5669 0.0000
vn 0.8238 0.5237 0.2169
vn -0.2375 -0.3717 -0.8974
vn -0.2375 -0.6869 -0.6868
vn -0.2375 0.9714 0.0000
vn -0.2375 0.8974 -0.3717
vn -0.2375 -0.8974 -0.3717
vn -0.2375 0.6869 -0.6868
vn -0.2375 -0.9714 0.0000
vn -0.2375 0.3717 -0.8974
vn -0.2375 0.0000 -0.9714
vn 0.3826 0.9239 0.0000
vn -0.3826 0.9239 0.0000
vn 0.9995 0.0248 -0.0187
vn 0.9995 0.0247 -0.0187
vn 0.9995 0.0248 -0.0188
vn -0.9889 -0.1436 -0.0371
vn -0.9889 -0.1439 -0.0359
vn -0.9889 -0.1448 -0.0318
vn -0.9892 -0.1439 -0.0276
vn -0.9887 -0.1458 -0.0350
vn -0.9890 -0.1447 -0.0305
vn -0.9890 -0.1455 -0.0261
vn -0.9890 -0.1453 -0.0269
vn 0.0000 0.3709 -0.9286
vn 0.0000 -0.3709 -0.9286
vn -0.0222 -0.3574 -0.9337
vn -0.0582 0.3769 -0.9244
vn -0.0324 0.9241 0.3807
vn 0.0000 0.9189 0.3944
vn 0.0000 0.9189 -0.3944
vn -0.0633 0.9154 -0.3975
vn 0.0000 0.3603 0.9328
vn 0.0191 0.3751 0.9268
vn 0.0587 -0.3625 0.9301
vn 0.0000 -0.3701 0.9290
vn 0.0000 -0.9140 0.4056
vn 0.0650 -0.9141 0.4002
vn 0.0289 -0.9125 -0.4080
vn 0.0000 -0.9189 -0.3944
vn -0.1539 0.3776 -0.9131
vn -0.2220 0.8972 -0.3816
vn -0.1625 0.9062 0.3904
vn -0.4030 0.8322 -0.3808
vn -0.5675 0.7310 -0.3788
vn -0.5190 0.7551 0.4005
vn -0.3486 0.8493 0.3963
vn -0.2289 0.3454 -0.9101
vn -0.2978 0.2982 -0.9069
vn -0.1493 0.3187 0.9360
vn -0.0790 0.3539 0.9319
vn -0.0014 0.3761 0.9266
vn 0.1517 -0.8999 -0.4089
vn -0.0070 -0.3439 -0.9390
vn 0.0625 -0.3237 -0.9441
vn 0.1252 -0.2924 -0.9481
vn 0.3364 -0.8450 -0.4157
vn 0.5061 -0.7529 -0.4206
vn -0.7078 0.5982 -0.3757
vn -0.8099 0.4533 -0.3722
vn -0.7736 0.4844 0.4085
vn -0.6661 0.6272 0.4036
vn -0.3566 0.2374 -0.9036
vn -0.3958 0.1705 -0.9023
vn -0.2543 0.2158 0.9427
vn -0.2108 0.2710 0.9392
vn 0.1809 -0.2513 -0.9508
vn 0.2308 -0.2085 -0.9504
vn 0.6536 -0.6272 -0.4234
vn 0.7635 -0.4893 -0.4216
vn -0.8774 0.3095 -0.3664
vn -0.9084 0.2019 -0.3660
vn -0.8783 0.2336 0.4172
vn -0.8450 0.3406 0.4122
vn -0.4213 0.1064 -0.9006
vn -0.4235 0.0566 -0.9041
vn -0.2973 0.1217 0.9470
vn -0.2870 0.1623 0.9440
vn 0.2683 -0.1622 -0.9496
vn 0.3022 -0.1262 -0.9449
vn 0.8368 -0.3515 -0.4198
vn 0.8778 -0.2433 -0.4127
vn -0.4267 0.0268 -0.9040
vn 0.3147 -0.0997 -0.9439
vn 0.3424 -0.1261 -0.9310
vn -0.3843 0.0543 -0.9216
vn 0.8859 -0.2433 -0.3948
vn 0.8956 -0.1722 -0.4102
vn -0.9007 0.2011 -0.3849
vn -0.9213 0.1332 -0.3653
vn -0.8957 0.1646 0.4132
vn -0.8753 0.2320 0.4242
vn -0.2761 0.1129 0.9545
vn -0.3113 0.0958 0.9454
vn -0.2595 0.8782 0.4018
vn -0.2725 0.8758 -0.3984
vn -0.1147 0.9103 -0.3977
vn -0.1066 0.9103 0.4000
vn -0.0194 0.9180 0.3962
vn -0.0219 0.9185 -0.3948
vn 0.0000 0.9189 0.3943
vn -0.0051 0.3558 0.9345
vn -0.0836 0.3283 0.9409
vn -0.0320 0.3438 0.9385
vn -0.0523 0.3554 -0.9332
vn -0.1184 0.3377 -0.9337
vn 0.0000 0.3709 -0.9287
vn -0.0110 0.3673 -0.9300
vn -0.5716 0.7136 0.4050
vn -0.5905 0.7036 -0.3954
vn -0.4401 0.8054 -0.3971
vn -0.4238 0.8111 0.4031
vn -0.1399 0.3043 0.9422
vn -0.1895 0.2699 0.9440
vn -0.1879 0.3095 -0.9321
vn -0.2516 0.2682 -0.9299
vn -0.2564 0.1734 0.9509
vn -0.2294 0.2278 0.9463
vn 0.3335 -0.2389 0.9120
vn 0.3864 -0.1633 0.9077
vn 0.2053 -0.3431 0.9166
vn 0.2745 -0.2976 0.9144
vn -0.6963 0.5905 0.4080
vn -0.8009 0.4306 0.4162
vn 0.5911 -0.7061 0.3897
vn 0.4409 -0.8078 0.3913
vn 0.8242 -0.4154 0.3848
vn 0.7173 -0.5785 0.3882
vn 0.0568 -0.3835 0.9218
vn 0.1289 -0.3741 0.9183
vn 0.2729 -0.8782 0.3927
vn 0.1159 -0.9105 0.3968
vn 0.0000 -0.3702 0.9290
vn 0.0121 -0.3754 0.9268
vn 0.0236 -0.9149 0.4030
vn -0.8245 0.4082 -0.3917
vn -0.7173 0.5752 -0.3931
vn -0.3067 0.2150 -0.9272
vn -0.3503 0.1422 -0.9257
vn 0.4230 -0.0657 0.9037
vn 0.4054 -0.0227 0.9138
vn 0.9106 -0.1342 0.3909
vn 0.8995 -0.2139 0.3809
vn 0.3880 -0.0924 0.9170
vn 0.4033 -0.0500 0.9137
vn 0.8976 -0.2024 0.3916
vn 0.8644 -0.3081 0.3973
vn 0.3291 -0.2081 0.9210
vn 0.3675 -0.1511 0.9177
vn 0.7999 -0.4465 0.4009
vn 0.6999 -0.5871 0.4067
vn 0.3120 -0.2009 -0.9286
vn 0.2695 -0.2608 -0.9270
vn 0.2228 -0.3103 -0.9241
vn 0.1652 -0.3504 -0.9219
vn 0.7016 -0.5966 -0.3895
vn 0.8087 -0.4386 -0.3919
vn 0.4281 -0.8179 -0.3844
vn 0.5766 -0.7198 -0.3865
vn 0.0992 -0.3783 -0.9203
vn 0.0389 -0.3859 -0.9217
vn 0.2624 -0.8856 -0.3831
vn 0.1091 -0.9165 -0.3849
vn 0.3993 -0.8191 0.4119
vn 0.5614 -0.7189 0.4099
vn 0.2173 -0.3058 0.9270
vn 0.2777 -0.2630 0.9239
vn 0.1518 -0.3351 0.9299
vn 0.2211 -0.8834 0.4131
vn 0.0214 -0.9203 -0.3907
vn 0.0000 -0.3709 -0.9287
vn 0.0065 -0.3768 -0.9263
vn 0.0232 0.9593 0.2815
vn 0.0222 0.9997 0.0000
vn 0.0088 0.9999 0.0000
vn 0.0087 0.9704 0.2414
vn 0.0235 0.9522 0.3044
vn 0.0229 0.9997 0.0000
vn -0.4129 0.9016 0.1286
vn -0.4308 0.9024 0.0000
vn -0.4124 0.9017 0.1297
vn -0.7306 -0.6701 0.1314
vn -0.7357 -0.6772 0.0000
vn -0.5914 -0.8064 0.0000
vn -0.5984 -0.7935 0.1105
vn -0.6012 -0.7803 0.1722
vn -0.6330 -0.5880 0.5035
vn -0.8120 -0.4059 0.4193
vn -0.7962 -0.5827 0.1630
vn -0.4227 -0.9062 0.0000
vn -0.4278 -0.9005 0.0778
vn -0.5191 -0.1484 0.8417
vn -0.7521 -0.1022 0.6511
vn -0.4946 -0.3239 0.8065
vn -0.0645 0.4318 0.8996
vn -0.0340 0.5770 0.8160
vn -0.0359 0.5816 0.8127
vn 0.0846 0.6782 0.7299
vn 0.0656 0.8243 0.5623
vn 0.0366 0.8816 0.4705
vn 0.0478 0.7662 0.6408
vn 0.1068 0.5666 0.8170
vn 0.0499 0.8858 0.4614
vn -0.4688 -0.8828 0.0276
vn -0.3224 -0.9460 -0.0334
vn -0.2058 -0.9759 -0.0723
vn -0.4938 -0.8689 0.0340
vn -0.3499 -0.9326 0.0877
vn -0.3942 -0.9173 0.0567
vn -0.3915 -0.3021 0.8691
vn -0.4174 -0.0258 0.9083
vn 0.0548 -0.9878 0.1455
vn 0.0659 -0.9902 0.1230
vn 0.0657 -0.9978 0.0000
vn 0.0557 -0.9984 0.0000
vn -0.4006 -0.5191 0.7550
vn -0.3328 -0.5397 0.7733
vn -0.3225 -0.6755 0.6630
vn -0.2952 -0.6235 0.7239
vn -0.0790 0.7080 0.7017
vn -0.0803 0.6596 0.7473
vn -0.4530 0.1343 0.8813
vn -0.0961 0.8442 0.5273
vn -0.0116 0.5889 0.8081
vn -0.0161 0.5668 0.8237
vn -0.0804 0.9749 0.2075
vn -0.0822 0.9966 0.0000
vn -0.1053 0.9944 0.0000
vn -0.1042 0.9719 0.2111
vn -0.0636 0.8444 0.5318
vn -0.0717 0.9241 0.3753
vn -0.1039 0.9545 0.2794
vn -0.0313 0.9995 0.0000
vn -0.0305 0.9763 0.2142
vn -0.0118 0.9117 0.4105
vn -0.0029 0.8154 0.5789
vn 0.0970 0.8784 0.4679
vn 0.0897 0.9959 0.0000
vn 0.0361 0.9993 0.0000
vn 0.0528 0.8906 0.4517
vn 0.0777 0.4681 0.8802
vn 0.1132 0.4693 0.8757
vn 0.1016 0.5838 0.8055
vn 0.0637 0.6045 0.7940
vn 0.9169 -0.3928 0.0698
vn 0.9976 -0.0367 0.0579
vn 1.0000 0.0017 0.0000
vn 0.9355 -0.3532 0.0000
vn 0.9983 0.0131 0.0570
vn 0.9764 -0.2052 0.0673
vn 0.9786 -0.2057 0.0000
vn 0.9990 -0.0444 0.0000
vn 0.1186 -0.8111 0.5727
vn 0.2284 -0.6883 0.6886
vn 0.1627 -0.3758 0.9123
vn 0.0941 -0.5238 0.8466
vn 0.0686 0.0934 0.9933
vn 0.0681 0.0832 0.9942
vn 0.1622 0.0064 0.9867
vn 0.1657 0.0594 0.9843
vn 0.0650 -0.0096 0.9978
vn 0.0409 -0.1023 0.9939
vn 0.0000 -0.6248 0.7808
vn 0.0000 -0.8743 0.4854
vn 0.0145 -0.8744 0.4849
vn 0.0118 -0.6269 0.7790
vn 0.0473 -0.8659 0.4979
vn 0.0412 -0.6135 0.7886
vn 0.0188 -0.1239 0.9921
vn 0.0053 -0.1253 0.9921
vn -0.0120 -0.2095 0.9777
vn 0.1179 0.9013 0.4169
vn 0.1162 0.9932 0.0000
vn 0.1248 0.4686 0.8745
vn 0.1150 0.6145 0.7804
vn 0.9675 -0.2530 0.0000
vn 0.9675 -0.2529 0.0000
vn -0.2119 -0.9773 0.0000
vn 0.2119 -0.9773 0.0000
vn -0.3200 0.9474 0.0000
vn -0.9331 0.3597 0.0000
vn -0.9032 0.3731 -0.2121
vn -0.9099 0.3682 -0.1910
vn -0.9032 0.3731 0.2120
vn -0.9099 0.3682 0.1910
vn -0.6621 0.6233 0.4160
vn -0.7385 0.6743 0.0000
vn -0.6414 0.6096 0.4657
vn -0.6621 0.6233 -0.4161
vn -0.6414 0.6096 -0.4657
vn 0.3845 0.8369 -0.3895
vn 0.4093 0.7937 -0.4499
vn 0.3764 0.8491 -0.3705
vn -0.7124 0.6740 0.1953
vn -0.7224 0.6914 -0.0032
vn -0.7221 0.6918 0.0052
vn -0.7102 0.6628 0.2372
vn 0.0851 0.4273 -0.9001
vn 0.1148 0.2656 -0.9572
vn 0.0972 0.2372 -0.9666
vn 0.0892 0.3443 -0.9346
vn 0.0465 0.6428 -0.7646
vn 0.0654 0.5418 -0.8379
vn 0.0102 0.9142 -0.4050
vn 0.0254 0.8153 -0.5784
vn 0.0052 1.0000 -0.0012
vn 0.0052 1.0000 -0.0003
vn 0.1001 0.1613 -0.9818
vn -0.8473 -0.1139 0.5188
vn -0.9926 -0.1211 0.0000
vn -0.8868 -0.1157 0.4474
vn -0.8473 -0.1139 -0.5188
vn -0.8868 -0.1157 -0.4474
vn 0.0122 0.9151 0.4029
vn 0.0272 0.8196 0.5722
vn 0.0479 0.6511 0.7574
vn 0.0662 0.5464 0.8349
vn 0.0849 0.4275 0.9000
vn 0.0989 0.3458 0.9331
vn 0.4825 -0.7673 -0.4224
vn 0.5028 -0.7453 -0.4379
vn 0.5286 -0.7150 -0.4575
vn 0.3678 -0.8628 0.3466
vn 0.4313 -0.8330 0.3466
vn 0.4350 -0.8325 0.3429
vn 0.3450 -0.8728 0.3452
vn 0.4809 -0.8759 0.0391
vn 0.4752 -0.8776 0.0630
vn 0.4694 -0.8793 0.0801
vn 0.4787 -0.8766 0.0500
vn 0.4393 -0.8328 0.3368
vn 0.4451 -0.8350 0.3235
vn 0.4836 -0.8751 -0.0187
vn 0.4844 -0.8748 0.0000
vn 0.4830 -0.8752 -0.0247
vn 0.4351 -0.8325 -0.3429
vn 0.4447 -0.8358 -0.3219
vn 0.4393 -0.8329 -0.3365
vn 0.4313 -0.8330 -0.3466
vn 0.4942 -0.8688 -0.0307
vn 0.4752 -0.8776 -0.0630
vn 0.4694 -0.8793 -0.0801
vn 0.5620 -0.8162 0.1341
vn 0.4239 -0.8357 -0.3492
vn 0.4250 -0.8351 -0.3492
vn 0.4942 -0.8688 0.0307
vn 0.6277 -0.7216 -0.2920
vn 0.6933 -0.5188 -0.5002
vn 0.5620 -0.8162 -0.1341
vn 0.4530 -0.8502 -0.2681
vn 0.4682 -0.8740 -0.1299
vn 0.4583 -0.8589 -0.2286
vn 0.4472 -0.8388 -0.3103
vn 0.4836 -0.8751 0.0187
vn 0.4830 -0.8752 0.0247
vn 0.4809 -0.8759 -0.0391
vn 0.4787 -0.8766 -0.0500
vn 0.4483 -0.8375 0.3123
vn 0.4628 -0.8553 0.2330
vn 0.4720 -0.8708 0.1372
vn 0.4574 -0.8471 0.2704
vn 0.6277 -0.7216 0.2920
vn 0.6933 -0.5188 0.5001
vn 0.4746 -0.8802 0.0050
vn 0.4745 -0.8802 0.0022
vn 0.7159 -0.1803 -0.6745
vn 0.9054 -0.1781 -0.3854
vn 0.8815 -0.1781 -0.4372
vn 0.6682 -0.1823 -0.7213
vn 0.4509 -0.8918 -0.0353
vn 0.3954 -0.9185 0.0000
vn 0.3953 -0.9185 0.0000
vn 0.4454 -0.8953 0.0000
vn 0.4509 -0.8918 0.0353
vn 0.3949 -0.9187 0.0000
vn -0.0182 -0.3618 0.9320
vn -0.0393 -0.3827 0.9230
vn -0.0334 -0.3759 0.9261
vn -0.0156 -0.3600 0.9328
vn 0.9838 -0.1793 0.0000
vn -0.1155 -0.6054 -0.7875
vn -0.1686 -0.8138 -0.5561
vn -0.1528 -0.7532 -0.6398
vn 0.9054 -0.1781 0.3854
vn 0.7159 -0.1803 0.6745
vn 0.6682 -0.1823 0.7213
vn 0.8815 -0.1781 0.4372
vn 0.2877 -0.2214 -0.9317
vn 0.3305 -0.2090 -0.9203
vn 0.3248 -0.2102 -0.9221
vn 0.2565 -0.2315 -0.9384
vn -0.4862 0.0449 0.8727
vn -0.6660 0.0138 0.7458
vn -0.6486 -0.1014 0.7543
vn -0.4399 -0.0704 0.8953
vn -0.1460 -0.7557 0.6384
vn -0.1611 -0.8166 0.5543
vn -0.1104 -0.6073 0.7867
vn -0.0509 -0.3999 -0.9151
vn -0.0698 -0.4446 -0.8930
vn -0.0850 -0.4888 -0.8682
vn -0.0578 -0.4136 -0.9086
vn -0.6573 -0.1216 0.7437
vn 0.4874 -0.1943 0.8512
vn 0.3305 -0.2090 0.9203
vn 0.3248 -0.2102 0.9221
vn 0.4348 -0.1996 0.8781
vn 0.4874 -0.1943 -0.8512
vn 0.4348 -0.1996 -0.8781
vn -0.3233 0.3930 0.8608
vn -0.4989 0.5211 0.6925
vn -0.5674 0.4227 0.7067
vn -0.4096 0.3427 0.8454
vn -0.4907 0.5260 0.6945
vn -0.0461 -0.3813 -0.9233
vn -0.0334 -0.3759 -0.9261
vn -0.0393 -0.3827 -0.9230
vn -0.0399 -0.3770 -0.9253
vn -0.0578 -0.4136 0.9086
vn -0.0509 -0.3999 0.9151
vn -0.3800 -0.1110 0.9183
vn 0.0721 -0.3151 0.9463
vn 0.0839 -0.3094 0.9472
vn 0.0858 -0.3085 0.9473
vn -0.2728 0.3850 0.8816
vn -0.0818 -0.4895 0.8681
vn -0.0688 -0.4448 0.8930
vn 0.2877 -0.2215 0.9317
vn 0.2566 -0.2316 0.9383
vn 0.4140 0.7309 0.5425
vn 0.3517 0.8351 0.4229
vn 0.3422 0.8538 0.3923
vn 0.4032 0.7469 0.5287
vn -0.7038 0.6065 0.3699
vn -0.7038 0.5846 0.4036
vn 0.3138 0.9199 0.2351
vn 0.3109 0.9281 0.2047
vn 0.4524 -0.7936 0.4068
vn 0.5286 -0.7150 0.4575
vn 0.5028 -0.7453 0.4379
vn 0.4178 -0.8213 0.3883
vn 0.3200 -0.8796 0.3519
vn 0.3486 -0.8653 0.3603
vn -0.0248 0.3544 -0.9348
vn 0.0104 0.2701 -0.9628
vn -0.0491 0.2497 -0.9671
vn -0.2118 0.3783 -0.9011
vn 0.0536 0.2654 -0.9626
vn 0.0343 0.3443 -0.9382
vn 0.0776 0.1780 -0.9809
vn -0.0292 0.4273 -0.9037
vn 0.0069 0.1722 -0.9850
vn -0.1119 0.0000 0.9937
vn 0.3308 -0.8871 -0.3218
vn 0.3718 -0.8659 -0.3345
vn -0.8785 0.0000 0.4778
vn 0.0363 -0.3347 -0.9416
vn 0.0859 -0.3084 -0.9474
vn 0.0839 -0.3094 -0.9472
vn 0.0386 -0.3334 -0.9420
vn -0.0235 -0.3688 -0.9292
vn -0.0334 -0.3749 -0.9265
vn -0.0304 -0.3681 0.9293
vn -0.0380 -0.3727 0.9272
vn -0.5051 0.0000 -0.8630
vn 0.0765 0.1859 0.9796
vn 0.0833 0.1838 0.9794
vn 0.0363 0.1833 0.9824
vn 0.0386 0.1843 0.9821
vn 0.2791 -0.9105 -0.3050
vn -0.0613 -0.3865 0.9203
vn -0.1100 0.0494 0.9927
vn -0.1727 -0.0052 0.9850
vn -0.1742 -0.0275 0.9843
vn -0.1398 0.0351 0.9895
vn -0.0714 0.0970 0.9927
vn -0.1664 0.1114 0.9797
vn -0.1714 0.0465 0.9841
vn -0.0883 0.0638 0.9940
vn 0.7058 -0.3518 0.6149
vn 0.7028 -0.2473 0.6670
vn 0.6894 -0.1742 0.7031
vn 0.6944 -0.1731 0.6984
vn 0.6912 -0.1567 0.7054
vn 0.6898 -0.2068 0.6938
vn -0.4664 0.1860 0.8648
vn -0.6486 0.2213 0.7282
vn -0.6660 0.0138 -0.7458
vn -0.4862 0.0448 -0.8727
vn -0.4399 -0.0704 -0.8953
vn -0.6486 -0.1014 -0.7543
vn -0.9459 0.2959 0.1332
vn -0.9521 0.2734 0.1368
vn -0.9436 0.2947 0.1507
vn -0.9461 0.2953 0.1330
vn -0.6486 0.2213 -0.7282
vn -0.4664 0.1860 -0.8648
vn -0.1727 -0.0052 -0.9850
vn -0.1742 -0.0274 -0.9843
vn -0.3800 -0.1110 -0.9183
vn -0.1669 0.1108 -0.9797
vn -0.1717 0.0453 -0.9841
vn -0.1100 0.0493 -0.9927
vn -0.1398 0.0352 -0.9895
vn -0.0726 0.0968 -0.9926
vn -0.0897 0.0602 -0.9941
vn 0.6847 -0.2473 -0.6856
vn 0.6814 -0.0590 -0.7295
vn 0.6904 -0.1206 -0.7133
vn 0.6825 -0.1203 -0.7209
vn 0.7057 -0.3517 -0.6150
vn 0.7028 -0.2472 -0.6671
vn 0.2693 -0.2325 0.9346
vn 0.4745 -0.1403 0.8690
vn 0.3563 -0.1928 0.9142
vn 0.4391 -0.1583 0.8843
vn 0.2482 -0.2335 0.9401
vn 0.3010 -0.2145 0.9292
vn 0.2481 -0.2334 -0.9402
vn 0.3010 -0.2145 -0.9292
vn 0.3423 -0.1807 -0.9220
vn 0.3388 -0.1957 -0.9203
vn 0.3713 -0.1695 -0.9129
vn 0.2608 -0.2197 -0.9400
vn -0.6573 -0.1216 -0.7437
vn -0.0522 0.1303 0.9901
vn -0.1312 0.1732 0.9761
vn 0.6540 -0.4552 0.6042
vn 0.6787 -0.3344 0.6539
vn 0.6052 -0.5907 0.5336
vn 0.5717 -0.6524 0.4975
vn -0.4989 0.5211 -0.6925
vn -0.3231 0.3930 -0.8609
vn -0.4096 0.3427 -0.8454
vn -0.5674 0.4227 -0.7067
vn -0.1313 0.1747 -0.9758
vn -0.1004 0.2094 -0.9726
vn -0.0519 0.1328 -0.9898
vn -0.0291 0.1445 -0.9891
vn 0.5716 -0.6524 -0.4976
vn 0.6052 -0.5907 -0.5336
vn 0.6419 -0.5003 -0.5810
vn 0.6622 -0.4299 -0.6138
vn 0.1176 -0.2943 0.9485
vn 0.1273 -0.2901 0.9485
vn 0.1700 -0.2723 0.9471
vn 0.1930 -0.2629 0.9453
vn 0.1737 -0.2663 -0.9481
vn 0.2018 -0.2501 -0.9469
vn 0.1273 -0.2900 -0.9485
vn 0.1175 -0.2942 -0.9485
vn -0.0234 0.1677 0.9855
vn -0.0955 0.2109 0.9728
vn -0.4907 0.5260 -0.6945
vn 0.4613 0.0998 0.8816
vn 0.4366 0.1004 0.8940
vn 0.7476 0.0523 0.6620
vn 0.7462 0.0443 0.6642
vn 0.5051 -0.2098 0.8372
vn 0.4350 -0.3616 0.8246
vn 0.4400 -0.3556 0.8245
vn 0.5108 -0.1596 0.8447
vn 0.9073 -0.4205 0.0000
vn 0.9032 -0.4291 0.0034
vn 0.7196 -0.6943 -0.0094
vn 0.7279 -0.6856 0.0000
vn 0.6536 -0.1850 0.7339
vn 0.6071 -0.4923 0.6238
vn 0.6210 -0.3491 0.7017
vn 0.6591 -0.1649 0.7337
vn 0.2826 -0.9013 0.3283
vn 0.3596 -0.8834 0.3005
vn 0.3090 -0.7133 0.6291
vn 0.1315 -0.9895 0.0604
vn 0.2799 -0.9600 0.0000
vn 0.2897 -0.9536 0.0815
vn 0.1340 -0.9589 0.2500
vn 0.0464 -0.9778 0.2041
vn 0.0445 -0.9978 0.0492
vn 0.0000 -0.9989 0.0475
vn 0.0147 -0.9987 0.0476
vn 0.0150 -0.9802 0.1972
vn 0.0000 -0.9804 0.1969
vn 0.3709 -0.3804 0.8472
vn 0.5925 -0.5369 0.6005
vn 0.6460 -0.6138 0.4537
vn 0.4350 -0.4107 0.8012
vn 0.8370 -0.0779 0.5416
vn 0.5769 0.0491 0.8153
vn 0.5025 0.1079 0.8578
vn 0.8341 -0.0772 0.5461
vn -0.0196 0.6337 0.7732
vn -0.0562 0.7198 0.6918
vn -0.0375 0.5677 0.8224
vn -0.0659 0.8050 0.5896
vn 0.0000 0.9659 0.2588
vn 0.0000 -0.9659 -0.2589
vn 0.0000 -0.9659 -0.2588
vn 0.9887 -0.0388 0.1449
vn 0.0000 -0.2589 0.9659
vn -0.1224 0.4894 0.8634
vn -0.1393 0.4841 0.8639
vn -0.1694 0.4652 0.8688
vn -0.1556 0.4759 0.8656
vn -0.1831 0.4476 0.8753
vn -0.1989 0.4195 0.8857
vn -0.2196 0.3646 0.9049
vn -0.2133 0.3555 0.9100
vn -0.0513 -0.3067 -0.9504
vn -0.3311 -0.1974 -0.9227
vn -0.1084 -0.2868 -0.9518
vn -0.9669 0.2549 0.0000
vn -0.8551 0.2254 -0.4668
vn 0.1773 -0.3746 -0.9101
vn 0.9184 -0.3622 -0.1591
vn 0.8876 -0.3825 -0.2564
vn 0.9155 -0.3646 -0.1699
vn -0.3877 -0.7092 0.5888
vn -0.5410 -0.7208 0.4332
vn -0.3960 -0.8315 0.3896
vn -0.3564 -0.7573 0.5472
vn -0.6859 -0.6356 0.3543
vn 0.0874 -0.9960 0.0145
vn 0.0894 -0.9958 0.0204
vn 0.0894 -0.9960 0.0000
vn 0.0877 -0.9961 0.0000
vn 0.0855 -0.9963 0.0090
vn -0.9242 0.3818 0.0000
vn -0.9380 0.3464 0.0000
vn -0.5091 0.8602 0.0279
vn -0.5054 0.8629 0.0000
vn -0.2372 0.9681 -0.0807
vn -0.2318 0.9695 -0.0799
vn -0.2373 0.9714 0.0000
vn -0.2405 0.9702 -0.0273
vn -0.3129 0.9198 0.2365
vn -0.3396 0.9349 0.1033
vn -0.2433 0.9699 0.0000
vn -0.0616 0.2911 0.9547
vn 0.0709 0.0491 0.9962
vn 0.0562 0.1335 0.9894
vn 0.0464 0.1791 0.9827
vn -0.1012 0.3564 0.9288
vn 0.0000 0.9659 0.2587
vn 0.9933 -0.0297 0.1110
vn 0.0000 -0.2587 0.9659
vn -0.2702 0.0138 0.9627
vn -0.2364 0.1745 0.9558
vn -0.2572 0.0919 0.9620
vn -0.2451 0.0864 0.9656
vn -0.3322 -0.0750 0.9402
vn -0.2681 -0.1294 0.9546
vn -0.6063 0.7953 0.0000
vn 0.4547 -0.8906 0.0000
vn 0.7161 -0.6980 0.0000
vn 0.5590 -0.8292 0.0000
vn 0.9005 -0.4347 0.0000
vn -0.4997 -0.8662 0.0000
vn -0.7585 -0.6516 0.0000
vn -0.9995 -0.0329 0.0000
vn -0.7895 0.6138 0.0000
vn -0.3093 0.9346 0.1755
vn -0.3106 0.9505 0.0000
vn -0.3760 0.9266 0.0000
vn -0.3716 0.9115 0.1765
vn -0.2444 0.7661 0.5943
vn -0.2891 0.8789 0.3793
vn -0.3457 0.8512 0.3948
vn -0.2912 0.7325 0.6153
vn -0.0935 0.4913 0.8660
vn -0.1069 0.4921 0.8639
vn -0.2588 0.9496 0.1769
vn -0.2621 0.9650 0.0000
vn -0.2073 0.7877 0.5801
vn -0.2420 0.8972 0.3693
vn -0.0743 0.4675 0.8809
vn -0.0628 0.4956 0.8662
vn -0.0776 0.4775 0.8752
vn -0.0856 0.4878 0.8687
vn -0.1947 0.7920 0.5786
vn -0.2247 0.9029 0.3663
vn -0.2400 0.9539 0.1803
vn 0.2114 -0.9761 0.0501
vn 0.2116 -0.9773 0.0000
vn 0.2020 -0.9794 0.0000
vn 0.2019 -0.9781 0.0508
vn -0.1831 0.7939 0.5797
vn -0.2153 0.9025 0.3729
vn -0.2393 0.9509 0.1961
vn -0.2606 -0.2929 0.9199
vn -0.3043 -0.2961 0.9054
vn -0.2739 -0.4744 0.8366
vn -0.2496 -0.4257 0.8697
vn -0.2644 -0.5209 0.8116
vn -0.2532 -0.4707 0.8451
vn -0.3063 -0.2332 0.9229
vn -0.4447 0.3372 0.8298
vn -0.4476 0.3768 0.8110
vn -0.5108 0.4285 0.7453
vn -0.5143 0.3793 0.7691
vn -0.3545 0.0673 0.9326
vn -0.4541 0.4603 0.7628
vn -0.5066 0.4946 0.7062
vn -0.3609 0.4373 0.8237
vn -0.3851 0.3387 0.8585
vn -0.9615 -0.0022 0.2748
vn -0.9254 -0.1577 0.3445
vn -0.9293 -0.1181 0.3497
vn -0.9892 0.0670 0.1303
vn -0.9238 0.2510 0.2892
vn -0.9660 0.2586 0.0000
vn -0.9468 0.2549 0.1965
vn -0.8924 0.0564 0.4476
vn -0.2569 0.9656 0.0405
vn -0.2896 0.9534 0.0847
vn -0.2567 0.9656 0.0402
vn -0.8802 -0.4035 0.2500
vn -0.8705 -0.4920 0.0000
vn -0.8799 -0.4568 0.1307
vn -0.8941 -0.2962 0.3359
vn -0.9053 -0.2593 0.3365
vn -0.9669 -0.2205 0.1285
vn -0.9749 -0.2225 0.0000
vn -0.9665 -0.2204 0.1315
vn -0.6283 -0.1190 -0.7688
vn 0.2530 -0.9657 -0.0578
vn 0.2225 -0.9749 0.0000
vn 0.2529 -0.9658 -0.0577
vn 0.0001 1.0000 0.0000
vn 0.0140 0.8961 0.4436
vn -0.0170 0.8977 0.4402
vn -0.0350 0.9994 0.0000
vn -0.0842 0.9964 0.0000
vn -0.0585 0.8916 0.4490
vn 0.0307 0.6163 0.7869
vn -0.0269 0.6182 0.7855
vn 0.0051 0.6216 0.7833
vn 0.0410 0.4635 0.8851
vn -0.0085 0.4576 0.8891
vn 0.0184 0.4636 0.8858
vn -0.2229 0.5502 0.8047
vn -0.1906 0.5623 0.8046
vn -0.2798 0.8029 0.5264
vn -0.3297 0.7941 0.5106
vn -0.0707 0.6073 0.7913
vn -0.1181 0.8750 0.4694
vn -0.1973 0.8439 0.4989
vn -0.1291 0.5872 0.7990
vn -0.1585 0.9873 0.0000
vn -0.2554 0.9668 0.0000
vn -0.1635 0.4116 0.8965
vn -0.1399 0.4187 0.8973
vn -0.0897 0.4338 0.8965
vn -0.0429 0.4479 0.8931
vn -0.3530 0.9356 0.0000
vn -0.3217 0.9040 0.2815
vn -0.3281 0.9046 0.2719
vn -0.6167 -0.7872 0.0000
vn -0.8074 -0.5899 0.0000
vn -0.3374 -0.9413 0.0000
vn 0.9398 -0.3416 0.0000
vn -0.2435 0.9699 0.0000
vn -0.2514 0.9679 0.0000
vn -0.9942 0.1077 0.0000
vn -0.2242 0.9745 0.0000
vn -0.9460 -0.2155 0.2421
vn 0.2836 -0.9536 -0.1007
vn 0.5416 -0.8406 0.0007
vn 0.7743 -0.3957 -0.4939
vn 0.7885 -0.1527 -0.5958
vn 0.5018 -0.8634 0.0526
vn 0.6536 -0.7230 -0.2236
vn 0.3467 -0.8756 -0.3363
vn 0.4245 -0.8429 -0.3305
vn 0.4433 -0.8444 0.3006
vn 0.5018 -0.8634 -0.0526
vn 0.4808 -0.8732 -0.0793
vn 0.4889 -0.8708 0.0501
vn 0.4809 -0.8732 0.0793
vn 0.4433 -0.8444 -0.3007
vn 0.3384 -0.8661 0.3677
vn 0.4464 -0.8125 0.3749
vn 0.7113 -0.4904 0.5034
vn 0.7793 -0.1682 0.6037
vn 0.5338 -0.7467 0.3968
vn 0.6265 -0.6412 0.4430
vn 0.7793 -0.1683 -0.6037
vn 0.4889 -0.8708 -0.0501
vn 0.4928 -0.8698 -0.0241
vn 0.4346 -0.8415 -0.3208
vn 0.7885 -0.1526 0.5958
vn 0.7743 -0.3957 0.4939
vn 0.5338 -0.7466 -0.3969
vn 0.4880 -0.7853 -0.3809
vn 0.4346 -0.8415 0.3208
vn 0.2818 -0.8978 -0.3384
vn 0.7113 -0.4903 -0.5035
vn 0.6265 -0.6412 -0.4431
vn 0.3614 -0.8643 0.3496
vn 0.6536 -0.7231 0.2236
vn 0.4939 -0.8695 0.0000
vn 0.4928 -0.8698 0.0241
vn -0.9763 0.0000 0.2162
vn 0.0006 0.1738 0.9848
vn -0.0136 0.1592 0.9871
vn -0.1342 0.2813 0.9502
vn -0.0987 0.2636 0.9596
vn -0.5953 0.6933 0.4061
vn -0.6044 0.6816 0.4123
vn -0.6955 0.5269 0.4884
vn -0.6914 0.5366 0.4836
vn -0.0422 0.1834 0.9821
vn 0.1209 0.9173 0.3794
vn 0.0532 0.9386 0.3407
vn 0.2727 0.8407 0.4677
vn 0.3020 0.8203 0.4857
vn 0.1122 0.2642 0.9579
vn 0.1172 0.2855 0.9512
vn 0.1218 0.2223 0.9673
vn 0.1223 0.1723 0.9774
vn 0.1132 0.1797 0.9772
vn 0.1254 0.1821 0.9752
vn 0.9615 -0.0182 0.2742
vn 0.9883 -0.1527 0.0000
vn 0.9991 -0.0410 0.0000
vn 0.9700 -0.0145 0.2427
vn 0.9854 -0.1398 0.0964
vn 0.6020 -0.7739 -0.1963
vn 0.5640 -0.8253 0.0274
vn 0.4729 -0.8798 0.0472
vn 0.5257 -0.1127 0.8432
vn 0.5357 -0.1470 0.8315
vn 0.6376 -0.4608 0.6173
vn 0.6360 -0.4553 0.6230
vn 0.5674 -0.2405 0.7875
vn 0.5845 -0.2934 0.7564
vn 0.9699 -0.2053 0.1309
vn 0.9651 -0.2605 0.0258
vn 0.9402 -0.0463 0.3374
vn 0.9554 -0.0944 0.2796
vn 0.9601 -0.1609 0.2284
vn 0.6730 -0.6255 0.3947
vn 0.6680 -0.5950 0.4469
vn 0.9093 -0.0252 0.4154
vn 0.6353 -0.1276 0.7616
vn 0.6539 -0.1040 0.7494
vn 0.4020 -0.2952 0.8667
vn 0.4001 -0.2959 0.8674
vn 0.5271 -0.2257 0.8192
vn 0.5462 -0.2113 0.8106
vn 0.2763 0.1238 0.9530
vn 0.2208 0.1309 0.9665
vn 0.1971 0.1275 0.9720
vn 0.2611 0.1407 0.9550
vn 0.3011 -0.3235 0.8970
vn 0.2993 -0.3237 0.8975
vn 0.4109 0.1520 0.8989
vn 0.3942 0.1755 0.9021
vn 0.1853 -0.1884 0.9644
vn 0.1733 -0.3727 0.9116
vn 0.1931 -0.1938 0.9618
vn 0.5571 -0.1894 0.8085
vn 0.5417 -0.1357 0.8295
vn 0.4773 0.0319 0.8782
vn 0.4566 0.0724 0.8867
vn 0.1655 -0.0721 0.9836
vn 0.5912 -0.3616 0.7209
vn 0.5970 -0.5003 0.6271
vn 0.4317 -0.3978 0.8095
vn 0.4436 -0.3911 0.8064
vn 0.7933 -0.2021 0.5742
vn 0.7812 -0.2089 0.5882
vn 0.6039 -0.3064 0.7358
vn 0.5954 -0.3110 0.7408
vn 0.5115 -0.8592 0.0000
vn 0.3811 -0.9104 0.1607
vn 0.4654 -0.8766 0.1223
vn 0.9009 -0.1353 0.4124
vn 0.9125 -0.1281 0.3884
vn 0.1705 0.0927 0.9810
vn 0.1991 0.1097 0.9738
vn 0.2167 -0.3762 0.9008
vn -0.8261 -0.3422 0.4476
vn -0.8942 0.0000 0.4476
vn -0.9546 0.0000 0.2979
vn -0.8819 -0.3653 0.2979
vn -0.6323 -0.6323 0.4476
vn -0.6750 -0.6750 0.2979
vn -0.6402 -0.2652 0.7210
vn -0.4900 -0.4900 0.7210
vn -0.2971 -0.2971 0.9075
vn -0.3881 -0.1608 0.9075
vn -0.4201 0.0000 0.9074
vn -0.6929 0.0000 0.7210
vn -0.8261 0.3422 0.4476
vn -0.8819 0.3653 0.2979
vn -0.3881 0.1607 0.9075
vn -0.6402 0.2651 0.7210
vn -0.2652 -0.6402 0.7209
vn -0.1608 -0.3881 0.9075
vn -0.3422 -0.8261 0.4476
vn -0.3653 -0.8819 0.2979
vn -0.6323 0.6323 0.4476
vn -0.6750 0.6750 0.2979
vn -0.4900 0.4900 0.7210
vn -0.2971 0.2970 0.9075
vn 0.0000 -0.6930 0.7209
vn 0.0000 -0.4201 0.9074
vn 0.0000 -0.8942 0.4476
vn 0.0000 -0.9546 0.2979
vn 0.2652 -0.6402 0.7209
vn 0.1608 -0.3881 0.9074
vn 0.3422 -0.8261 0.4476
vn 0.3653 -0.8819 0.2979
vn 0.4900 -0.4900 0.7210
vn 0.2971 -0.2971 0.9074
vn 0.6323 -0.6323 0.4476
vn 0.6750 -0.6750 0.2979
vn 0.6402 -0.2652 0.7209
vn 0.3881 -0.1608 0.9074
vn 0.8261 -0.3422 0.4476
vn 0.8819 -0.3653 0.2979
vn 0.1334 -0.0553 0.9895
vn 0.1444 0.0000 0.9895
vn 0.6930 0.0000 0.7209
vn 0.4201 0.0000 0.9074
vn 0.8942 0.0000 0.4476
vn 0.9546 0.0000 0.2979
vn 0.1334 0.0553 0.9895
vn 0.6402 0.2652 0.7210
vn 0.3881 0.1608 0.9074
vn 0.8261 0.3422 0.4476
vn 0.8819 0.3653 0.2979
vn 0.4900 0.4900 0.7210
vn 0.2971 0.2970 0.9075
vn 0.6323 0.6323 0.4476
vn 0.6750 0.6750 0.2979
vn 0.2652 0.6402 0.7209
vn 0.1607 0.3881 0.9074
vn 0.3422 0.8261 0.4476
vn 0.3653 0.8819 0.2979
vn 0.0000 0.6930 0.7209
vn 0.0000 0.4201 0.9074
vn 0.0000 0.8942 0.4476
vn 0.0000 0.9546 0.2979
vn -0.2652 0.6402 0.7209
vn -0.1607 0.3881 0.9075
vn -0.3422 0.8261 0.4476
vn -0.3653 0.8819 0.2979
vn -0.1021 -0.1021 0.9895
vn -0.1334 -0.0553 0.9895
vn -0.1444 0.0000 0.9895
vn -0.1334 0.0553 0.9895
vn -0.0553 -0.1334 0.9895
vn -0.1021 0.1021 0.9895
vn 0.0000 -0.1444 0.9895
vn 0.0553 -0.1334 0.9895
vn 0.1021 -0.1021 0.9895
vn 0.1021 0.1021 0.9895
vn 0.0553 0.1334 0.9895
vn 0.0000 0.1444 0.9895
vn -0.0553 0.1334 0.9895
vn -0.9145 -0.2161 -0.3421
vn -0.9189 -0.2152 -0.3308
vn -0.9189 -0.2152 0.3308
vn -0.9145 -0.2161 0.3421
vn 0.9145 -0.2161 0.3421
vn 0.9188 -0.2152 0.3308
vn 0.9188 -0.2152 -0.3308
vn 0.9144 -0.2161 -0.3421
vn 0.0000 -0.2298 0.9732
vn 0.7413 -0.2285 -0.6311
vn -0.7413 -0.2285 -0.6311
vn -0.7413 -0.2285 0.6310
vn 0.7413 -0.2285 0.6311
vn 0.0000 -0.2298 -0.9732
vn -0.2052 0.9787 0.0000
vn -0.2088 0.9779 0.0000
vn 0.2088 0.9779 0.0000
vn 0.2052 0.9787 0.0000
vn 0.9622 0.2721 0.0000
vn 0.9400 0.3412 0.0000
vn 0.9421 0.3354 0.0000
vn -0.9421 0.3354 0.0000
vn -0.9400 0.3412 0.0000
vn -0.9622 0.2721 0.0000
vn -0.6050 0.7962 0.0000
vn -0.5956 0.8033 0.0000
vn -0.8449 0.5349 0.0000
vn -0.8506 0.5257 0.0000
vn 0.8506 0.5257 0.0000
vn 0.8449 0.5349 0.0000
vn 0.5956 0.8033 0.0000
vn 0.6050 0.7962 0.0000
vn 0.0000 0.1415 0.9899
vn 0.0000 0.1416 0.9899
vn 0.0001 0.1415 0.9899
vn -0.0001 0.1415 0.9899
vn 0.0000 0.2589 -0.9659
vn -0.9136 -0.1052 0.3927
vn 0.0000 0.9659 0.2589
vn -0.7699 0.1651 -0.6164
vn -0.5685 0.2128 -0.7946
vn 0.5685 0.2128 -0.7946
vn 0.7313 0.1765 -0.6588
vn 0.0000 0.2587 -0.9659
vn -0.9789 -0.0529 0.1975
vn -0.9775 0.0546 -0.2037
vn 0.9980 0.0161 -0.0599
vn 0.9260 0.0977 -0.3646
vn 0.9260 0.0977 -0.3647
vn -0.8637 -0.1304 0.4868
vn -0.6971 0.1856 -0.6925
vn -0.5450 0.2170 -0.8098
vn -0.6971 0.1856 -0.6926
vn 0.5451 0.2170 -0.8098
vn 0.6575 0.1950 -0.7277
vn 0.0000 -0.9659 -0.2586
vn -0.9605 -0.0720 0.2686
vn -0.9597 0.0726 -0.2712
vn 0.9980 0.0164 -0.0613
vn 0.8800 0.1229 -0.4588
vn 0.0000 -0.9659 -0.2587
vn -0.5548 -0.8320 0.0000
vn -0.8840 -0.4675 0.0000
vn -0.9142 -0.4053 0.0000
vn -0.7190 -0.6950 0.0000
vn 0.1552 -0.9879 0.0000
vn 0.0899 -0.9959 0.0000
vn 0.0905 -0.9959 0.0000
vn 0.1559 -0.9878 0.0000
vn 0.0132 -0.9999 0.0000
vn 0.0173 -0.9998 0.0000
vn 0.0165 -0.9998 0.0000
vn 0.0134 -0.9999 0.0000
vn 0.0507 -0.9987 0.0000
vn 0.0511 -0.9987 0.0000
vn 0.0275 -0.9996 0.0000
vn 0.0279 -0.9996 0.0000
vn 0.3388 -0.9408 0.0000
vn 0.2443 -0.9697 0.0000
vn 0.2449 -0.9695 0.0000
vn 0.3392 -0.9407 0.0000
vn 0.3834 -0.9236 0.0000
vn 0.0258 -0.9997 0.0000
vn -0.3858 0.9226 0.0000
vn -0.2439 -0.9698 0.0000
vn -0.9454 -0.3258 0.0000
vn 0.7464 -0.6655 0.0000
vn 0.7457 -0.6662 0.0000
vn 0.7471 -0.6647 0.0020
vn 0.7465 -0.6654 0.0000
vn 0.7458 -0.6662 0.0000
vn 0.2951 -0.9540 0.0519
vn 0.3085 -0.9512 0.0000
vn 0.7259 -0.6877 0.0000
vn 0.7497 -0.6617 0.0000
vn 0.7483 -0.6604 0.0631
vn 0.7300 -0.6759 0.1011
vn 0.5759 -0.8174 0.0000
vn 0.2771 -0.9608 0.0000
vn 0.2978 -0.9493 0.1008
vn 0.6016 -0.7958 0.0694
vn 0.0905 -0.9958 0.0059
vn 0.0903 -0.9959 0.0058
vn 0.0902 -0.9959 0.0057
vn 0.0899 -0.9959 0.0053
vn 0.5740 -0.8173 0.0506
vn 0.6207 -0.7841 0.0000
vn 0.8335 -0.5524 0.0000
vn 0.8227 -0.5671 0.0399
vn 0.7000 -0.6966 0.1574
vn 0.5431 -0.8397 0.0000
vn 0.4183 -0.9083 0.0000
vn 0.4191 -0.9055 0.0661
vn 0.5414 -0.8379 0.0693
vn 0.0973 -0.9727 0.2105
vn 0.0757 -0.9800 0.1837
vn 0.0789 -0.9969 0.0000
vn 0.0995 -0.9950 0.0000
vn 0.3493 -0.9370 0.0000
vn 0.3500 -0.9345 0.0645
vn 0.7225 -0.6875 0.0725
vn 0.7339 -0.6793 0.0000
vn 0.0897 -0.9959 0.0051
vn 0.2988 -0.9524 0.0599
vn 0.2977 -0.9546 0.0000
vn 0.2457 -0.9693 0.0000
vn 0.2457 -0.9679 0.0527
vn -0.0263 -0.9996 0.0000
vn 0.7895 -0.6137 0.0000
vn 0.8137 -0.5797 0.0416
vn 0.3793 -0.9157 0.1327
vn 0.0000 -0.9911 0.1327
vn -0.9911 0.0000 0.1327
vn -0.9157 0.3793 0.1327
vn 0.3793 0.9157 0.1327
vn 0.7008 0.7008 0.1327
vn 0.7009 -0.7008 0.1327
vn -0.9157 -0.3793 0.1327
vn 0.0000 0.9911 0.1327
vn 0.9157 -0.3793 0.1327
vn -0.7008 -0.7008 0.1327
vn -0.3793 0.9157 0.1327
vn 0.9911 0.0000 0.1327
vn -0.3793 -0.9157 0.1327
vn -0.7008 0.7009 0.1327
vn 0.9157 0.3793 0.1327
vn -0.7338 -0.6793 0.0000
vn -0.7291 -0.5980 -0.3328
vn -0.7274 -0.5843 -0.3597
vn -0.4523 0.8220 -0.3459
vn -0.4421 0.8969 0.0000
vn -0.4493 0.8497 -0.2759
vn -0.4523 0.8220 0.3459
vn -0.4493 0.8497 0.2759
vn -0.0122 0.6929 -0.7209
vn 0.0165 0.5397 -0.8416
vn -0.0291 0.5554 -0.8311
vn -0.1048 0.5659 -0.8177
vn -0.1484 0.5637 -0.8125
vn -0.2097 0.6975 -0.6851
vn -0.2096 0.6976 0.6851
vn -0.1105 0.4867 0.8665
vn 0.0292 0.4660 0.8843
vn -0.0122 0.6928 0.7209
vn -0.2909 0.8744 0.3881
vn -0.0516 0.9058 0.4205
vn -0.0678 0.9977 0.0000
vn -0.0516 0.9058 -0.4205
vn 0.0290 0.3468 0.9375
vn -0.0200 0.3550 0.9346
vn -0.4491 0.5744 0.6844
vn -0.4522 0.6534 0.6071
vn -0.4267 0.2740 0.8618
vn -0.4306 0.3425 0.8350
vn -0.4311 0.0391 -0.9014
vn -0.4267 0.2740 -0.8618
vn -0.4306 0.3425 -0.8350
vn -0.4263 0.0790 -0.9011
vn -0.4491 0.5744 -0.6844
vn -0.4522 0.6534 -0.6071
vn -0.6364 -0.2994 -0.7108
vn -0.6304 -0.2860 -0.7216
vn -0.4881 -0.0799 -0.8691
vn -0.4719 -0.0726 -0.8786
vn -0.2795 0.8480 -0.4503
vn -0.3283 0.8290 -0.4527
vn -0.3353 0.8252 -0.4544
vn -0.2768 0.8488 -0.4505
vn 0.2976 0.9539 0.0377
vn 0.3008 0.9537 0.0000
vn 0.2974 0.9541 0.0346
vn -0.6536 0.7219 -0.2272
vn -0.6561 0.7205 -0.2245
vn -0.4122 0.4725 0.7790
vn -0.4136 0.4893 0.7678
vn -0.4200 0.4903 0.7637
vn -0.4315 0.4462 0.7840
vn -0.4247 0.5603 0.7111
vn -0.3912 0.7222 0.5704
vn -0.4364 0.1512 0.8870
vn -0.5422 0.2116 0.8132
vn -0.5567 0.1957 0.8073
vn -0.3562 0.1644 0.9198
vn -0.3767 0.7667 0.5198
vn -0.3540 0.8149 -0.4588
vn -0.3189 0.8445 -0.4302
vn -0.3453 0.8386 -0.4214
vn -0.2731 0.8326 -0.4817
vn -0.2915 0.8297 -0.4760
vn -0.2852 0.8307 -0.4780
vn 0.1729 -0.5791 0.7967
vn 0.4112 0.8981 -0.1556
vn -0.8362 -0.0730 0.5435
vn -0.3035 0.8276 -0.4722
vn -0.9985 0.0531 -0.0123
vn -0.9965 0.0739 -0.0392
vn -0.9987 0.0497 -0.0079
vn -0.2404 0.8082 -0.5376
vn -0.9994 0.0291 0.0188
vn 0.3610 -0.5110 0.7801
vn 0.4279 -0.4855 0.7623
vn 0.4330 -0.4834 0.7608
vn 0.4973 -0.4551 0.7386
vn -0.6989 0.6928 0.1775
vn -0.6461 0.7632 0.0000
vn -0.7636 0.5919 0.2580
vn -0.1573 0.1071 0.9817
vn -0.1625 0.0953 0.9821
vn -0.1502 0.1227 0.9810
vn -0.1509 0.1502 0.9771
vn -0.1606 0.1734 0.9716
vn -0.3955 0.5476 0.7373
vn -0.3782 0.6065 0.6993
vn -0.4322 0.4550 0.7785
vn -0.4096 0.5080 0.7577
vn -0.5011 -0.7749 0.3851
vn 0.3401 0.8155 -0.4683
vn -0.2652 0.5358 0.8016
vn -0.2491 0.5789 0.7764
vn 0.3768 -0.6894 0.6187
vn -0.3131 0.7200 -0.6193
vn -0.2076 0.3769 -0.9027
vn -0.6169 -0.6102 0.4971
vn -0.1873 0.2268 -0.9557
vn 0.7448 0.6517 -0.1429
vn 0.7182 0.6598 -0.2209
vn 0.7440 0.6521 -0.1457
vn -0.8027 0.4844 0.3478
vn -0.8035 0.4601 0.3776
vn 0.4579 0.8829 -0.1041
vn 0.4781 0.8783 0.0000
vn 0.4585 0.8827 -0.1025
vn -0.7262 -0.6587 0.1965
vn 0.7674 0.6411 0.0000
vn 0.4379 0.8863 -0.1504
vn -0.0409 0.3702 0.9280
vn -0.0410 0.3720 0.9273
vn -0.0415 0.3804 0.9239
vn -0.0442 0.3664 0.9294
vn 0.0562 0.3328 0.9413
vn 0.0703 0.3224 0.9440
vn 0.0704 0.3221 0.9441
vn 0.0704 0.3222 0.9441
vn -0.9701 0.1824 0.1601
vn -0.9859 0.1670 0.0000
vn -0.9683 0.1905 0.1615
vn -0.2679 0.8875 0.3749
vn -0.2618 0.8880 0.3779
vn -0.4518 0.6738 0.5846
vn -0.3838 0.3518 0.8537
vn -0.4314 0.5431 0.7204
vn -0.2960 0.8940 0.3363
vn -0.3029 0.8977 0.3198
vn -0.4828 0.7651 0.4259
vn -0.4781 0.7644 0.4324
vn -0.3745 0.8971 0.2344
vn -0.3987 0.8924 0.2115
vn -0.4555 0.8273 0.3287
vn -0.4136 0.8688 0.2722
vn -0.2814 0.9521 0.1199
vn -0.3206 0.9336 0.1599
vn -0.9385 0.3452 0.0000
vn -0.9240 0.3218 -0.2064
vn -0.9221 0.3152 -0.2243
vn -0.7104 0.5133 0.4814
vn -0.7131 0.5005 0.4908
vn -0.7348 0.5862 -0.3413
vn -0.7402 0.5347 -0.4077
vn -0.7370 0.5708 -0.3620
vn 0.3334 0.9171 -0.2186
vn 0.3303 0.9219 -0.2025
vn -0.7281 0.6583 -0.1911
vn -0.7289 0.6498 -0.2155
vn 0.3076 0.9515 0.0043
vn 0.3079 0.9514 -0.0029
vn -0.9240 0.3218 0.2064
vn -0.9221 0.3152 0.2243
vn -0.3270 0.8803 0.3436
vn -0.2522 0.9170 0.3090
vn -0.2886 0.9002 0.3261
vn -0.0923 0.9445 0.3150
vn -0.1473 0.9412 0.3041
vn -0.1577 0.9402 0.3020
vn -0.1194 0.9776 0.1731
vn -0.1231 0.9771 0.1735
vn -0.2257 0.9598 0.1664
vn -0.2577 0.9539 0.1537
vn -0.9133 0.3500 0.2082
vn -0.9017 0.3647 0.2321
vn -0.9133 0.3499 -0.2082
vn -0.9017 0.3647 -0.2321
vn -0.9521 0.2734 -0.1368
vn -0.9459 0.2959 -0.1332
vn -0.9461 0.2953 -0.1330
vn -0.9436 0.2947 -0.1507
vn -0.9114 0.3539 0.2098
vn -0.9021 0.4082 0.1397
vn -0.9112 0.3950 0.1169
vn -0.8982 0.4310 0.0866
vn -0.9114 0.3539 -0.2097
vn -0.9021 0.4082 -0.1397
vn -0.8982 0.4310 -0.0866
vn -0.9112 0.3950 -0.1169
vn 0.6711 -0.3529 -0.6520
vn 0.5626 -0.5242 -0.6392
vn 0.5590 -0.5291 -0.6384
vn 0.6820 -0.3318 -0.6517
vn -0.1481 -0.9505 -0.2731
vn -0.2481 -0.9486 -0.1964
vn -0.2317 -0.9499 -0.2095
vn -0.1554 -0.9509 -0.2677
vn 0.3700 0.9242 0.0942
vn 0.3208 0.9372 0.1368
vn 0.3222 0.9369 0.1356
vn 0.3563 0.9283 0.1062
vn -0.6732 0.3488 0.6520
vn -0.5399 0.5537 0.6339
vn -0.5511 0.5394 0.6366
vn -0.6672 0.3601 0.6520
vn -0.3185 0.9393 0.1275
vn -0.3602 0.9228 0.1363
vn -0.3569 0.9242 0.1359
vn -0.3105 0.9424 0.1245
vn -0.4233 0.8959 0.1346
vn -0.4866 0.8645 0.1257
vn -0.4980 0.8583 0.1237
vn -0.4298 0.8929 0.1338
vn -0.2643 0.6958 0.6678
vn -0.2186 0.7313 0.6460
vn -0.3962 0.9017 0.1729
vn -0.3761 0.8597 0.3455
vn -0.3181 0.7346 0.5993
vn -0.2885 0.6743 0.6797
vn -0.2768 0.9546 0.1094
vn -0.2860 0.9514 0.1139
vn -0.1931 0.7472 0.6359
vn -0.2607 0.9602 0.1003
vn -0.2452 0.9658 0.0840
vn -0.1686 0.7572 0.6310
vn -0.1814 0.8121 0.5545
vn -0.1816 0.7521 0.6335
vn -0.2241 0.9246 0.3080
vn -0.2464 0.9461 0.2101
vn -0.2643 0.9644 0.0000
vn -0.2564 0.9615 0.0987
vn -0.1500 0.7240 0.6733
vn -0.1615 0.7716 0.6152
vn -0.1577 0.7688 0.6197
vn -0.1536 0.7437 0.6506
vn -0.1497 0.7112 0.6868
vn -0.1325 0.6666 0.7335
vn -0.1359 0.7120 0.6889
vn -0.1573 0.6841 0.7122
vn -0.1715 0.8137 0.5554
vn -0.1911 0.6427 0.7419
vn -0.2046 0.6280 0.7508
vn -0.2144 0.6172 0.7570
vn -0.1809 0.6535 0.7349
vn -0.1594 0.6833 0.7125
vn -0.1592 0.6783 0.7173
vn -0.1585 0.7099 0.6862
vn -0.1601 0.7159 0.6796
vn -0.1573 0.7364 0.6579
vn -0.5037 0.8537 0.1319
vn -0.4958 0.8572 0.1388
vn -0.4657 0.8715 0.1534
vn -0.4716 0.8686 0.1523
vn -0.3080 0.4854 0.8182
vn -0.3553 0.4841 0.7996
vn -0.3184 0.4637 0.8267
vn -0.3611 0.3662 0.8576
vn -0.3965 0.2830 0.8733
vn -0.5056 0.5097 0.6961
vn -0.5028 0.4986 0.7060
vn -0.5383 0.4203 0.7305
vn -0.5507 0.3877 0.7392
vn -0.4582 0.4972 0.7367
vn -0.2546 0.5737 0.7784
vn -0.2727 0.5466 0.7917
vn -0.2823 0.5316 0.7985
vn -0.2444 0.5886 0.7705
vn -0.4770 0.8636 0.1631
vn -0.4839 0.8751 0.0000
vn -0.4778 0.8648 0.1545
vn -0.3838 0.6996 0.6026
vn -0.4278 0.7779 0.4602
vn -0.4521 0.8206 0.3495
vn -0.6256 0.7570 0.1886
vn -0.6373 0.7706 0.0000
vn -0.6271 0.7586 0.1767
vn -0.7225 0.6640 0.1924
vn -0.7072 0.6500 0.2781
vn -0.7205 0.6622 0.2059
vn -0.8523 0.4702 0.2291
vn -0.8753 0.4836 0.0000
vn -0.8546 0.4716 0.2170
vn -0.9641 0.2080 0.1647
vn -0.4027 0.9153 0.0000
vn -0.6164 0.7462 0.2515
vn -0.7363 0.6766 0.0000
vn -0.8307 0.4578 0.3166
vn 0.3993 0.7345 0.5487
vn 0.4104 0.7221 0.5568
vn -0.1213 0.9630 0.2406
vn -0.2112 0.9589 0.1892
vn -0.4115 0.8581 0.3069
vn -0.4325 0.8441 0.3169
vn -0.1666 0.9641 0.2067
vn -0.1977 0.9557 0.2179
vn -0.7508 0.1698 0.6383
vn -0.7460 0.1834 0.6401
vn -0.7482 -0.5726 0.3351
vn -0.7758 -0.4993 0.3858
vn -0.8086 -0.0717 0.5840
vn -0.8074 -0.0634 0.5865
vn -0.5119 -0.8581 0.0402
vn -0.4294 -0.9022 -0.0402
vn 0.6781 -0.3395 -0.6518
vn 0.6622 -0.3695 -0.6519
vn 0.2009 -0.8453 -0.4951
vn 0.1672 -0.8630 -0.4767
vn 0.4759 -0.6281 -0.6156
vn 0.4718 -0.6325 -0.6142
vn -0.0573 -0.9395 -0.3375
vn -0.0266 -0.9332 -0.3582
vn 0.3635 0.9262 0.0999
vn 0.3923 0.9168 0.0742
vn 0.5816 0.8054 -0.1145
vn 0.6482 0.7367 -0.1928
vn 0.7421 0.5860 -0.3252
vn 0.6085 -0.4588 -0.6475
vn 0.6182 -0.4437 -0.6487
vn -0.4113 0.6925 0.5926
vn -0.4241 0.6804 0.5975
vn -0.2325 0.8271 0.5116
vn -0.2369 0.8244 0.5139
vn 0.0178 0.9312 0.3641
vn 0.0757 0.9427 0.3249
vn 0.3324 0.9345 0.1268
vn 0.2721 0.9458 0.1772
vn 0.7057 -0.2824 -0.6497
vn -0.0493 0.5011 -0.8640
vn -0.0529 0.5192 -0.8530
vn 0.0424 0.0130 -0.9990
vn 0.0443 0.0025 -0.9990
vn -0.1347 0.4891 0.8617
vn -0.1359 0.4978 0.8566
vn -0.0545 -0.0150 0.9984
vn -0.0559 -0.0067 0.9984
vn 0.1737 -0.9846 -0.0181
vn 0.1723 -0.9850 0.0092
vn 0.1231 -0.8585 0.4978
vn 0.1272 -0.8730 0.4708
vn 0.0437 -0.5244 0.8503
vn 0.0393 -0.5036 0.8630
vn 0.1265 -0.4935 -0.8605
vn 0.1269 -0.4962 -0.8589
vn 0.1743 -0.8574 -0.4841
vn 0.1735 -0.8491 -0.4990
vn -0.1280 0.8578 -0.4978
vn -0.1314 0.8707 -0.4739
vn -0.1768 0.8466 0.5020
vn -0.1776 0.8579 0.4821
vn -0.1738 0.9847 -0.0088
vn -0.1751 0.9843 0.0192
vn 0.8674 -0.1804 0.4638
vn 0.8679 -0.1843 0.4613
vn 0.8363 0.1114 0.5368
vn 0.8345 0.1292 0.5356
vn 0.8975 -0.3266 -0.2963
vn 0.8985 -0.3407 -0.2766
vn 0.9023 -0.4302 -0.0257
vn 0.9026 -0.4281 -0.0454
vn 0.8918 -0.3804 0.2448
vn 0.8925 -0.3844 0.2361
vn 0.7951 0.5721 0.2012
vn 0.7954 0.5640 0.2218
vn 0.7965 0.6042 -0.0229
vn 0.7971 0.6026 -0.0399
vn 0.8073 0.4122 0.4222
vn 0.8089 0.3936 0.4368
vn 0.8802 -0.1198 -0.4593
vn 0.8820 -0.1395 -0.4502
vn 0.8095 0.5275 -0.2575
vn 0.8088 0.5327 -0.2489
vn 0.8300 0.3634 -0.4230
vn 0.8567 0.1201 -0.5016
vn 0.8555 0.1321 -0.5007
vn -0.1497 0.4960 0.8553
vn -0.0432 -0.0258 0.9987
vn -0.0196 -0.0344 0.9992
vn -0.2025 0.4514 0.8690
vn -0.2023 0.8554 0.4768
vn -0.3175 0.8011 0.5073
vn -0.2000 0.9798 -0.0077
vn -0.3472 0.9375 0.0201
vn -0.1537 0.8579 -0.4902
vn -0.2912 0.8261 -0.4824
vn -0.0677 0.5043 -0.8609
vn -0.1529 0.4758 -0.8661
vn 0.0455 -0.0007 -0.9990
vn 0.0356 -0.0168 -0.9992
vn 0.1518 -0.4983 -0.8536
vn 0.2127 -0.4887 -0.8461
vn 0.2170 -0.8437 -0.4910
vn 0.3286 -0.8111 -0.4839
vn 0.2266 -0.9737 -0.0229
vn 0.3638 -0.9313 -0.0188
vn 0.1797 -0.8724 0.4546
vn 0.3124 -0.8320 0.4584
vn 0.0820 -0.5372 0.8394
vn 0.1747 -0.5119 0.8411
vn 0.0165 -0.0247 0.9995
vn -0.3066 0.3736 0.8754
vn -0.5379 0.6555 0.5300
vn -0.6354 0.7705 0.0500
vn -0.5637 0.6818 -0.4662
vn -0.3202 0.3867 -0.8648
vn 0.0174 -0.0259 -0.9995
vn 0.3287 -0.4118 -0.8499
vn 0.5388 -0.6747 -0.5045
vn 0.6236 -0.7799 -0.0532
vn 0.5648 -0.7035 0.4313
vn 0.3460 -0.4308 0.8335
vn 0.0205 -0.0175 0.9996
vn -0.3897 0.2835 0.8762
vn -0.6831 0.4911 0.5405
vn -0.8132 0.5773 0.0734
vn -0.7344 0.5184 -0.4380
vn -0.4289 0.3025 -0.8512
vn 0.0083 -0.0103 -0.9999
vn 0.4068 -0.3024 -0.8620
vn 0.6767 -0.5057 -0.5351
vn 0.7961 -0.5977 -0.0942
vn 0.7323 -0.5499 0.4018
vn 0.4494 -0.3373 0.8272
vn -0.0059 -0.0517 0.9986
vn -0.4355 0.2085 0.8757
vn -0.7359 0.4004 0.5460
vn -0.8642 0.4963 0.0831
vn -0.7736 0.4683 -0.4268
vn -0.4451 0.3000 -0.8437
vn 0.0208 0.0398 -0.9990
vn 0.4411 -0.2108 -0.8723
vn 0.7280 -0.3960 -0.5596
vn 0.8579 -0.4986 -0.1238
vn 0.7850 -0.4859 0.3842
vn 0.4642 -0.3211 0.8254
vn -0.0536 -0.1343 0.9895
vn -0.4692 0.1453 0.8710
vn -0.7487 0.3730 0.5480
vn -0.8535 0.5130 0.0917
vn -0.7409 0.5281 -0.4150
vn -0.4023 0.3895 -0.8285
vn 0.0556 0.1360 -0.9891
vn 0.4629 -0.1339 -0.8762
vn 0.7369 -0.3553 -0.5750
vn 0.8522 -0.5032 -0.1433
vn 0.7583 -0.5356 0.3715
vn 0.4172 -0.3996 0.8162
vn -0.1299 -0.2546 0.9583
vn -0.5016 0.0863 0.8608
vn -0.7326 0.3894 0.5583
vn -0.7892 0.6028 0.1174
vn -0.6411 0.6691 -0.3758
vn -0.3020 0.5477 -0.7802
vn 0.1205 0.2723 -0.9546
vn 0.4859 -0.0578 -0.8721
vn 0.7192 -0.3594 -0.5946
vn 0.7924 -0.5850 -0.1725
vn 0.6595 -0.6711 0.3386
vn 0.3095 -0.5481 0.7770
vn -0.2424 -0.3837 0.8910
vn -0.5320 0.0360 0.8460
vn -0.6817 0.4323 0.5902
vn -0.6640 0.7245 0.1847
vn -0.4701 0.8363 -0.2822
vn -0.1404 0.7200 -0.6796
vn 0.2235 0.4089 -0.8848
vn 0.5140 0.0055 -0.8577
vn 0.6725 -0.3915 -0.6281
vn 0.6687 -0.7054 -0.2348
vn 0.4770 -0.8414 0.2538
vn 0.1319 -0.7194 0.6819
vn -0.3329 -0.4640 0.8209
vn -0.5338 0.0048 0.8456
vn -0.5985 0.4655 0.6520
vn -0.5105 0.8099 0.2888
vn -0.2846 0.9457 -0.1568
vn 0.0210 0.8262 -0.5630
vn 0.3168 0.4865 -0.8142
vn 0.5229 0.0278 -0.8519
vn 0.5936 -0.4378 -0.6752
vn 0.5076 -0.8018 -0.3151
vn 0.2747 -0.9502 0.1472
vn -0.0381 -0.8211 0.5695
vn -0.3389 -0.4817 0.8081
vn -0.4698 0.0040 0.8827
vn -0.4805 0.4861 0.7300
vn -0.3662 0.8462 0.3870
vn -0.1523 0.9863 -0.0630
vn 0.1040 0.8602 -0.4992
vn 0.3301 0.5028 -0.7989
vn 0.4652 0.0157 -0.8850
vn 0.4764 -0.4769 -0.7386
vn 0.3580 -0.8489 -0.3888
vn 0.1386 -0.9875 0.0755
vn -0.1179 -0.8482 0.5164
vn -0.2454 -0.4759 0.8445
vn -0.3179 0.0142 0.9480
vn -0.3095 0.4994 0.8092
vn -0.2206 0.8599 0.4603
vn -0.0712 0.9973 -0.0149
vn 0.1000 0.8659 -0.4901
vn 0.2447 0.4985 -0.8317
vn 0.3215 -0.0025 -0.9469
vn 0.3099 -0.5041 -0.8061
vn 0.2129 -0.8712 -0.4422
vn 0.0585 -0.9972 0.0464
vn -0.1090 -0.8482 0.5184
vn -0.1731 -0.4651 0.8681
vn -0.2160 0.0174 0.9762
vn -0.2066 0.4939 0.8446
vn -0.1449 0.8545 0.4988
vn -0.0418 0.9990 0.0125
vn 0.0769 0.8705 -0.4860
vn 0.1760 0.4970 -0.8497
vn 0.2247 -0.0134 -0.9743
vn 0.2095 -0.5193 -0.8285
vn 0.1360 -0.8822 -0.4508
vn 0.0269 -0.9982 0.0533
vn -0.0859 -0.8394 0.5365
vn -0.9995 -0.0250 -0.0187
vn -0.9995 -0.0249 -0.0187
vn -0.9995 -0.0248 -0.0189
vn -0.9995 -0.0247 -0.0188
vn -0.9995 -0.0247 -0.0189
vn -0.9995 -0.0250 -0.0189
vn -0.9995 -0.0251 -0.0187
vn -0.9995 -0.0248 -0.0187
vn -0.0244 0.9995 -0.0204
vn -0.0115 0.8556 -0.5175
vn -0.9890 -0.1448 0.0314
vn -0.9892 -0.1442 0.0263
vn -0.9893 -0.1432 0.0262
vn 0.0192 -0.0199 -0.9996
vn 0.0288 -0.5171 -0.8554
vn 0.0115 -0.8556 0.5174
vn -0.0045 -0.4824 0.8759
vn 0.0045 0.4825 -0.8759
vn 0.0045 0.4824 -0.8759
vn -0.0192 0.0200 0.9996
vn -0.0288 0.5170 0.8555
vn 0.0307 -0.8756 -0.4821
vn 0.0244 -0.9995 0.0204
vn -0.0307 0.8755 0.4821
vn 0.0006 0.4578 -0.8890
vn -0.0677 0.4642 -0.8831
vn -0.1090 0.8943 -0.4339
vn -0.1090 0.8944 0.4338
vn -0.4311 0.0392 -0.9014
vn -0.9644 0.0593 -0.2578
vn -0.9137 0.3142 -0.2578
vn -0.9001 0.3728 -0.2251
vn -0.9743 0.0000 -0.2251
vn 0.3142 0.9136 -0.2579
vn 0.7239 0.6399 -0.2578
vn 0.6889 0.6889 -0.2251
vn 0.3728 0.9001 -0.2251
vn 0.6400 -0.7238 -0.2578
vn 0.4238 -0.8682 -0.2578
vn 0.3728 -0.9002 -0.2251
vn 0.6890 -0.6889 -0.2251
vn -0.8682 -0.4239 -0.2579
vn -0.9001 -0.3729 -0.2251
vn 0.0593 0.9644 -0.2579
vn 0.0000 0.9743 -0.2251
vn 0.9136 -0.3142 -0.2579
vn 0.9001 -0.3728 -0.2251
vn -0.7238 -0.6399 -0.2579
vn -0.6890 -0.6890 -0.2251
vn -0.4239 0.8682 -0.2579
vn -0.3728 0.9001 -0.2251
vn 0.9644 -0.0593 -0.2579
vn 0.9743 0.0000 -0.2251
vn -0.3142 -0.9137 -0.2578
vn -0.3728 -0.9001 -0.2251
vn -0.6399 0.7239 -0.2578
vn -0.6889 0.6889 -0.2251
vn 0.8683 0.4238 -0.2578
vn 0.9001 0.3728 -0.2251
vn -0.0593 -0.9644 -0.2578
vn 0.0000 -0.9743 -0.2251
vn 0.0339 0.4104 -0.9112
vn 0.1592 0.6643 -0.7302
vn 0.1566 0.3425 -0.9264
vn 0.1552 0.2809 -0.9471
vn 0.1596 0.6178 -0.7700
vn 0.0958 0.1344 0.9863
vn 0.0182 0.4783 0.8780
vn 0.0339 0.4104 0.9113
vn 0.1057 0.0931 0.9900
vn 0.1549 0.9012 -0.4048
vn 0.1557 0.8827 -0.4433
vn 0.1595 -0.0915 -0.9829
vn 0.1804 -0.1497 -0.9721
vn 0.1057 0.0931 -0.9900
vn 0.0958 0.1344 -0.9863
vn 0.8814 -0.4559 0.1232
vn 0.1593 -0.1066 -0.9814
vn 0.1699 -0.1650 -0.9715
vn 0.1491 0.0279 -0.9884
vn 0.1494 0.0609 -0.9869
vn 0.2779 -0.9606 0.0014
vn 0.2780 -0.9606 -0.0008
vn 0.2729 -0.8972 -0.3471
vn 0.2711 -0.8800 -0.3900
vn 0.2653 -0.8805 0.3927
vn 0.2680 -0.8991 0.3460
vn 0.3847 -0.8759 -0.2911
vn 0.2339 -0.6616 0.7124
vn 0.2425 -0.7210 0.6491
vn 0.1595 -0.0915 0.9829
vn 0.1804 -0.1497 0.9721
vn 0.2809 -0.4644 0.8399
vn 0.2577 -0.3854 0.8860
vn 0.1844 -0.3470 0.9195
vn 0.2007 -0.4465 0.8719
vn 0.1364 -0.1065 0.9849
vn 0.1496 -0.1659 0.9747
vn 0.1475 0.9890 0.0022
vn 0.1476 0.9890 -0.0046
vn 0.1399 0.9019 0.4086
vn 0.1394 0.8884 0.4373
vn 0.1197 0.0626 0.9908
vn 0.1249 0.3449 0.9303
vn 0.1233 0.2851 0.9505
vn 0.1207 0.0294 0.9922
vn 0.2523 -0.7179 -0.6488
vn 0.2452 -0.6605 -0.7096
vn 0.3528 -0.7341 -0.5802
vn 0.3453 -0.7037 -0.6210
vn 0.2153 -0.4438 -0.8699
vn 0.2006 -0.3461 -0.9165
vn 0.2809 -0.4645 -0.8398
vn 0.2577 -0.3854 -0.8860
vn 0.1330 0.6662 0.7337
vn 0.1322 0.6244 0.7698
vn -0.0499 0.7494 0.6601
vn -0.8706 0.4555 -0.1859
vn -0.8664 0.4424 -0.2317
vn -0.8754 0.4721 -0.1039
vn -0.8761 0.4744 -0.0853
vn -0.8087 0.3095 0.5001
vn -0.7607 0.2422 0.6022
vn -0.7497 0.1711 0.6392
vn -0.7546 0.1453 0.6399
vn -0.8553 0.4085 -0.3188
vn -0.8357 0.3581 -0.4162
vn -0.8760 0.4744 0.0869
vn -0.8753 0.4721 0.1050
vn -0.8663 0.4428 0.2312
vn -0.8704 0.4558 0.1858
vn -0.8359 0.3587 0.4154
vn -0.8553 0.4092 0.3178
vn 0.8592 -0.3510 -0.3720
vn 0.8158 -0.2267 -0.5320
vn 0.7900 -0.1737 -0.5880
vn -0.8064 0.0336 -0.5904
vn -0.8302 -0.0077 -0.5574
vn 0.8729 -0.4107 -0.2634
vn -0.8775 0.4795 0.0011
vn -0.8948 -0.1212 0.4296
vn -0.8302 -0.0078 0.5575
vn 0.7900 -0.1737 0.5880
vn 0.8158 -0.2267 0.5320
vn 0.8592 -0.3510 0.3721
vn 0.8455 -0.3018 0.4405
vn 0.8052 -0.0606 -0.5898
vn 0.7883 -0.1014 -0.6068
vn -0.8086 0.3089 -0.5008
vn -0.7606 0.2421 -0.6023
vn 0.1533 -0.2166 -0.9641
vn 0.0425 -0.1476 -0.9881
vn 0.0802 -0.3679 -0.9264
vn 0.2033 -0.4814 -0.8526
vn 0.2267 -0.7909 -0.5683
vn 0.0571 -0.8185 -0.5716
vn 0.0476 -0.5306 -0.8462
vn 0.2051 -0.5090 -0.8360
vn 0.1251 -0.6198 -0.7747
vn 0.2817 -0.8727 -0.3987
vn 0.2296 -0.9518 -0.2031
vn 0.0604 -0.9777 -0.2009
vn 0.0357 -0.1817 -0.9827
vn 0.1670 -0.1729 -0.9706
vn 0.5142 -0.8010 -0.3065
vn 0.4522 -0.5153 -0.7280
vn 0.3881 -0.2557 -0.8854
vn 0.6890 -0.4942 -0.5300
vn 0.7015 -0.5380 -0.4673
vn 0.6574 -0.3302 -0.6773
vn 0.6303 -0.2814 -0.7236
vn 0.7159 -0.6683 -0.2021
vn 0.7096 -0.6837 -0.1703
vn 0.4768 -0.4288 -0.7673
vn 0.5160 -0.6785 -0.5229
vn 0.5198 -0.8334 -0.1876
vn -0.1865 -0.1865 -0.9646
vn -0.3247 -0.3247 -0.8883
vn -0.4242 -0.1757 -0.8883
vn -0.2437 -0.1009 -0.9646
vn 0.5647 -0.6279 -0.5355
vn 0.3571 -0.3236 -0.8762
vn 0.4292 -0.3023 -0.8511
vn 0.6510 -0.5393 -0.5342
vn 0.4625 -0.1148 -0.8791
vn 0.7531 -0.2876 -0.5917
vn 0.4768 -0.0231 -0.8787
vn 0.7877 -0.1419 -0.5995
vn 0.2954 -0.0217 -0.9551
vn 0.2788 -0.1350 -0.9508
vn 0.8592 -0.3506 -0.3727
vn 0.7232 -0.6140 -0.3160
vn 0.9988 -0.0438 -0.0219
vn 0.9873 -0.1576 -0.0164
vn 0.8991 0.3724 -0.2300
vn 0.9732 0.0000 -0.2300
vn -0.8991 0.3724 -0.2300
vn -0.6881 0.6881 -0.2300
vn 0.6881 0.6881 -0.2300
vn 0.3724 -0.8991 -0.2300
vn 0.0000 -0.9732 -0.2300
vn -0.9732 0.0000 -0.2300
vn 0.3724 0.8991 -0.2300
vn -0.3724 -0.8991 -0.2300
vn 0.6881 -0.6881 -0.2300
vn 0.0000 0.9732 -0.2300
vn -0.6881 -0.6881 -0.2300
vn 0.8991 -0.3724 -0.2300
vn -0.3724 0.8991 -0.2300
vn -0.8991 -0.3724 -0.2300
vn 0.1261 -0.9920 0.0002
vn 0.2797 -0.9601 0.0008
vn -0.9885 -0.1469 0.0368
vn -0.9886 -0.1455 0.0368
vn 0.6913 -0.6258 -0.3612
vn 0.6787 -0.7094 -0.1901
vn 0.3608 -0.9008 -0.2414
vn 0.3717 -0.8039 -0.4642
vn -0.0965 -0.8620 -0.4977
vn -0.0932 -0.9617 -0.2577
vn -0.3608 -0.9008 -0.2414
vn -0.3717 -0.8039 -0.4642
vn -0.6913 -0.6257 -0.3612
vn -0.6787 -0.7094 -0.1901
vn -0.9068 -0.4072 -0.1091
vn -0.9122 -0.3548 -0.2048
vn 0.0932 -0.9617 -0.2577
vn 0.0965 -0.8620 -0.4977
vn 0.6913 -0.3612 -0.6258
vn 0.3717 -0.4642 -0.8039
vn -0.1287 -0.5727 -0.8096
vn -0.3717 -0.4642 -0.8039
vn -0.6913 -0.3612 -0.6257
vn -0.9122 -0.2048 -0.3548
vn 0.9122 -0.2048 -0.3548
vn 0.9122 -0.3548 -0.2048
vn 0.1287 -0.5727 -0.8096
vn 0.6913 0.0000 -0.7226
vn 0.3718 0.0000 -0.9283
vn -0.1287 0.0912 -0.9875
vn -0.3717 0.0000 -0.9283
vn -0.6913 0.0000 -0.7225
vn -0.9122 0.0000 -0.4097
vn 0.9122 0.0000 -0.4097
vn 0.1287 0.0912 -0.9875
vn 0.6913 0.3613 -0.6257
vn 0.3717 0.4642 -0.8039
vn -0.0964 0.4977 -0.8620
vn -0.3717 0.4642 -0.8039
vn -0.6913 0.3612 -0.6257
vn -0.9122 0.2048 -0.3548
vn 0.9122 0.2048 -0.3548
vn 0.0965 0.4977 -0.8620
vn -0.0965 0.8620 -0.4977
vn 0.0965 0.8620 -0.4977
vn 0.6913 0.6258 -0.3612
vn 0.3717 0.8039 -0.4642
vn -0.3717 0.8039 -0.4642
vn -0.6913 0.6257 -0.3612
vn -0.9122 0.3548 -0.2048
vn 0.9122 0.3548 -0.2048
vn 0.9067 -0.4073 -0.1091
vn -0.0932 0.9617 -0.2577
vn 0.0932 0.9617 -0.2577
vn 0.9913 0.0000 -0.1315
vn -0.9913 0.0000 -0.1315
vn 0.6787 0.7094 -0.1901
vn 0.3608 0.9008 -0.2414
vn -0.3608 0.9008 -0.2414
vn -0.6787 0.7093 -0.1901
vn -0.9068 0.4072 -0.1091
vn 0.9067 0.4073 -0.1091
vn 0.9053 -0.4247 -0.0063
vn 0.7317 -0.6816 -0.0002
vn 0.5005 -0.8657 0.0011
vn -0.8205 0.3399 -0.4595
vn -0.6280 0.6280 -0.4595
vn -0.8881 0.0000 -0.4595
vn 0.0000 0.8881 -0.4595
vn 0.3399 0.8206 -0.4595
vn -0.3399 0.8206 -0.4595
vn -0.8205 -0.3399 -0.4595
vn 0.8205 0.3399 -0.4595
vn 0.8881 0.0000 -0.4595
vn 0.4242 -0.1757 -0.8883
vn 0.2437 -0.1009 -0.9646
vn 0.2638 0.0000 -0.9646
vn 0.4592 0.0000 -0.8883
vn 0.9644 0.0000 -0.2643
vn 0.8910 -0.3691 -0.2643
vn -0.6819 0.6819 -0.2643
vn -0.3690 0.8910 -0.2643
vn -0.3691 0.8910 -0.2643
vn -0.8910 0.3691 -0.2643
vn -0.8910 0.3690 -0.2643
vn 0.1757 0.4242 -0.8883
vn 0.1009 0.2437 -0.9646
vn 0.0000 0.2638 -0.9646
vn 0.0000 0.4592 -0.8883
vn -0.8910 -0.3691 -0.2643
vn -0.9644 0.0000 -0.2643
vn 0.8205 -0.3399 -0.4595
vn 0.6280 -0.6280 -0.4595
vn 0.3247 -0.3247 -0.8883
vn 0.1865 -0.1865 -0.9646
vn 0.3691 0.8910 -0.2643
vn 0.6820 0.6819 -0.2643
vn 0.8910 0.3691 -0.2643
vn 0.0000 0.9644 -0.2643
vn 0.1757 -0.4242 -0.8883
vn 0.1009 -0.2437 -0.9646
vn 0.6819 -0.6820 -0.2643
vn -0.6819 -0.6820 -0.2643
vn 0.3247 0.3247 -0.8883
vn 0.1865 0.1865 -0.9646
vn 0.3691 -0.8910 -0.2643
vn 0.0000 -0.9644 -0.2643
vn -0.3691 -0.8910 -0.2643
vn 0.6280 0.6280 -0.4595
vn -0.1750 0.6775 -0.7143
vn -0.1778 0.6796 -0.7117
vn -0.2148 0.6800 -0.7010
vn -0.2094 0.6811 -0.7016
vn -0.2474 0.5900 -0.7685
vn -0.2427 0.5953 -0.7659
vn -0.2305 0.5836 -0.7786
vn -0.2420 0.5912 -0.7693
vn 0.0044 0.6684 -0.7438
vn 0.0095 0.6852 -0.7282
vn -0.0019 0.6907 -0.7232
vn -0.0517 0.7239 -0.6879
vn -0.4819 0.6420 -0.5963
vn -0.3773 0.6397 -0.6696
vn -0.3592 0.7550 -0.5485
vn -0.3502 0.8013 -0.4851
vn -0.4224 0.8577 -0.2931
vn -0.3040 0.8758 -0.3748
vn -0.3235 0.5958 -0.7351
vn -0.2911 0.5705 -0.7679
vn -0.2634 0.5752 -0.7744
vn 0.2725 0.9615 0.0343
vn 0.2729 0.9614 0.0338
vn 0.2849 0.9584 0.0136
vn 0.2846 0.9585 0.0141
vn 0.2705 0.9620 0.0364
vn -0.7966 0.5641 -0.2172
vn -0.7936 0.5682 -0.2176
vn -0.4491 0.2613 -0.8544
vn -0.4110 0.1761 -0.8944
vn -0.3926 0.4802 -0.7844
vn -0.3988 0.3845 -0.8325
vn -0.2215 -0.0917 -0.9708
vn -0.2398 0.0000 -0.9708
vn -0.2215 0.0917 -0.9708
vn -0.1695 0.1695 -0.9708
vn -0.0275 -0.0664 0.9974
vn -0.0508 -0.0508 0.9974
vn 0.0275 0.0665 0.9974
vn 0.0508 0.0508 0.9974
vn 0.0509 0.0508 0.9974
vn 0.1695 -0.1696 -0.9708
vn 0.0917 -0.2216 -0.9708
vn -0.0467 0.0467 -0.9978
vn -0.1737 0.1737 -0.9693
vn -0.2270 0.0940 -0.9693
vn -0.0610 0.0253 -0.9978
vn -0.9281 0.1845 -0.3233
vn -0.1927 -0.4137 -0.8898
vn -0.3085 -0.3363 -0.8898
vn -0.1958 -0.2930 -0.9358
vn 0.0610 -0.0253 -0.9978
vn 0.2270 -0.0940 -0.9693
vn 0.2457 0.0000 -0.9693
vn 0.0660 0.0000 -0.9978
vn -0.4288 -0.1563 -0.8898
vn -0.4559 -0.0197 -0.8898
vn -0.3457 -0.0687 -0.9358
vn 0.2215 0.0917 -0.9708
vn 0.2398 0.0000 -0.9708
vn -0.0941 0.9624 -0.2548
vn 0.0000 0.0660 -0.9978
vn 0.0000 0.2457 -0.9693
vn -0.0940 0.2270 -0.9693
vn -0.0253 0.0610 -0.9978
vn -0.4137 0.1927 -0.8898
vn -0.3363 0.3085 -0.8898
vn -0.2930 0.1958 -0.9358
vn -0.1518 -0.7632 -0.6280
vn -0.0664 -0.0275 0.9974
vn 0.0000 0.2398 -0.9708
vn 0.0917 0.2215 -0.9708
vn 0.1563 -0.4288 -0.8898
vn 0.0197 -0.4559 -0.8898
vn 0.0687 -0.3457 -0.9358
vn 0.0000 -0.0719 0.9974
vn 0.0941 -0.9624 -0.2548
vn -0.2399 0.0000 0.9708
vn 0.4137 -0.1927 -0.8898
vn 0.3363 -0.3085 -0.8898
vn 0.2930 -0.1958 -0.9358
vn 0.0665 0.0275 0.9974
vn 0.0719 0.0000 0.9974
vn -0.9252 -0.2813 -0.2548
vn -0.2457 0.0000 -0.9693
vn -0.0660 0.0000 -0.9978
vn 0.4288 0.1563 -0.8898
vn 0.4560 0.0197 -0.8898
vn 0.3457 0.0688 -0.9358
vn 0.0253 -0.0610 -0.9978
vn 0.0940 -0.2270 -0.9693
vn 0.1737 -0.1737 -0.9693
vn 0.0467 -0.0467 -0.9978
vn 0.2399 0.0000 0.9708
vn -0.7867 -0.5257 -0.3235
vn -0.0467 -0.0467 -0.9978
vn -0.1737 -0.1737 -0.9693
vn -0.0940 -0.2270 -0.9693
vn -0.0253 -0.0610 -0.9978
vn 0.1927 0.4137 -0.8898
vn 0.3085 0.3364 -0.8898
vn 0.1958 0.2930 -0.9358
vn 0.0467 0.0467 -0.9978
vn 0.1737 0.1737 -0.9693
vn 0.0940 0.2270 -0.9693
vn 0.0253 0.0610 -0.9978
vn 0.9281 -0.1846 -0.3234
vn 0.0664 -0.0275 0.9974
vn 0.0508 -0.0508 0.9974
vn -0.0917 -0.2216 -0.9708
vn -0.1563 0.4288 -0.8898
vn -0.0197 0.4560 -0.8897
vn -0.0688 0.3457 -0.9358
vn 0.0000 0.0719 0.9974
vn 0.2215 -0.0917 -0.9708
vn -0.6470 -0.4324 -0.6280
vn -0.0665 0.0275 0.9974
vn -0.0508 0.0509 0.9974
vn -0.0508 0.0508 0.9974
vn 0.1695 0.1695 -0.9708
vn -0.7017 -0.7017 -0.1227
vn -0.9169 -0.3798 -0.1227
vn -0.9924 0.0000 -0.1226
vn -0.3521 -0.3521 -0.8672
vn -0.4601 -0.1906 -0.8672
vn -0.4980 0.0000 -0.8672
vn -0.9169 0.3798 -0.1226
vn -0.4601 0.1906 -0.8672
vn -0.1906 -0.4600 -0.8672
vn -0.3798 -0.9169 -0.1227
vn -0.7017 0.7017 -0.1227
vn -0.3521 0.3521 -0.8672
vn 0.0000 -0.4980 -0.8672
vn 0.0000 -0.9924 -0.1226
vn 0.1906 -0.4600 -0.8672
vn 0.3798 -0.9169 -0.1227
vn 0.3521 -0.3521 -0.8672
vn 0.7017 -0.7017 -0.1227
vn 0.4601 -0.1906 -0.8672
vn 0.9169 -0.3798 -0.1227
vn 0.4980 0.0000 -0.8672
vn 0.9924 0.0000 -0.1226
vn 0.4601 0.1906 -0.8672
vn 0.9169 0.3798 -0.1226
vn 0.3521 0.3521 -0.8672
vn 0.7017 0.7017 -0.1227
vn 0.1906 0.4601 -0.8672
vn 0.3798 0.9169 -0.1227
vn 0.0000 0.4980 -0.8672
vn 0.0000 0.9924 -0.1227
vn -0.1906 0.4601 -0.8672
vn -0.3798 0.9169 -0.1227
vn -0.2930 -0.1958 -0.9358
vn -0.3457 0.0687 -0.9358
vn -0.0687 -0.3457 -0.9358
vn 0.1958 -0.2930 -0.9358
vn 0.3457 -0.0688 -0.9358
vn 0.2930 0.1958 -0.9358
vn 0.0688 0.3457 -0.9358
vn -0.1958 0.2930 -0.9358
vn 0.6471 0.4324 -0.6279
vn 0.7471 -0.6139 -0.2548
vn 0.7868 0.5257 -0.3233
vn 0.9251 0.2813 -0.2548
vn -0.1845 -0.9281 -0.3234
vn 0.1518 0.7633 -0.6279
vn 0.6141 0.7470 -0.2545
vn 0.7633 -0.1518 -0.6279
vn 0.9624 0.0941 -0.2548
vn 0.4552 0.8531 -0.2547
vn -0.4324 0.6471 -0.6279
vn 0.2813 -0.9251 -0.2548
vn 0.1846 0.9281 -0.3234
vn 0.5257 -0.7867 -0.3234
vn 0.4324 -0.6471 -0.6279
vn -0.2814 0.9252 -0.2546
vn -0.9624 -0.0941 -0.2548
vn -0.7632 0.1518 -0.6280
vn -0.4552 -0.8531 -0.2547
vn -0.8531 0.4552 -0.2547
vn 0.8531 -0.4552 -0.2547
vn -0.6139 -0.7471 -0.2549
vn -0.5257 0.7868 -0.3233
vn -0.7471 0.6140 -0.2548
vn -0.2270 -0.0940 -0.9693
vn -0.4270 -0.1769 -0.8868
vn -0.3268 -0.3268 -0.8868
vn -0.4622 0.0000 -0.8868
vn -0.4270 0.1769 -0.8868
vn -0.1769 -0.4270 -0.8868
vn -0.3268 0.3268 -0.8868
vn 0.0000 -0.4621 -0.8868
vn 0.0000 -0.2457 -0.9693
vn 0.1768 -0.4270 -0.8868
vn 0.3268 -0.3268 -0.8868
vn 0.4270 -0.1769 -0.8868
vn 0.4622 0.0000 -0.8867
vn 0.4270 0.1769 -0.8868
vn 0.2270 0.0940 -0.9693
vn 0.3268 0.3268 -0.8868
vn 0.1769 0.4270 -0.8868
vn 0.0000 0.4622 -0.8867
vn -0.1769 0.4270 -0.8867
vn 0.0275 -0.0664 0.9974
vn 0.0610 0.0253 -0.9978
vn 0.0000 -0.0660 -0.9978
vn -0.0719 0.0000 0.9974
vn -0.0275 0.0665 0.9974
vn -0.0610 -0.0253 -0.9978
vn 0.9212 -0.3891 -0.0027
vn 0.9211 -0.3891 -0.0024
vn 0.9213 -0.3889 -0.0008
vn 0.9212 -0.3890 -0.0012
vn 0.9208 -0.3899 -0.0008
vn 0.9207 -0.3903 -0.0008
vn 0.9206 -0.3904 -0.0079
vn 0.9206 -0.3903 -0.0077
vn 0.9212 -0.3890 -0.0060
vn 0.9209 -0.3898 -0.0069
vn 0.9212 -0.3891 -0.0031
vn 0.9210 -0.3895 -0.0023
vn 0.9214 -0.3886 -0.0054
vn 0.9214 -0.3885 -0.0059
vn 0.9213 -0.3889 -0.0042
vn 0.9212 -0.3888 -0.0080
vn 0.9213 -0.3888 -0.0080
vn 0.9214 -0.3885 -0.0003
vn 0.9212 -0.3890 -0.0009
vn 0.9215 -0.3883 -0.0057
vn 0.9215 -0.3882 -0.0060
vn 0.9208 -0.3898 -0.0086
vn 0.9209 -0.3896 -0.0086
vn 0.9220 -0.3872 -0.0066
vn 0.9216 -0.3880 -0.0058
vn 0.9221 -0.3868 -0.0070
vn 0.9220 -0.3870 -0.0070
vn 0.9214 -0.3885 -0.0001
vn 0.9219 -0.3874 -0.0068
vn 0.9218 -0.3876 -0.0067
vn 0.9206 -0.3903 -0.0082
vn 0.9207 -0.3902 -0.0083
vn -0.1861 0.5702 -0.8001
vn -0.1767 0.5934 -0.7852
vn -0.2081 0.5726 -0.7929
vn -0.3065 0.7371 -0.6023
vn -0.3064 0.7456 -0.5917
vn -0.2738 0.7674 -0.5797
vn -0.2556 0.7877 -0.5605
vn 0.0056 0.7211 -0.6928
vn -0.0708 0.7166 -0.6939
vn -0.0944 0.7673 -0.6343
vn -0.1177 0.7043 -0.7001
vn -0.2821 0.7193 -0.6348
vn -0.2825 0.7198 -0.6340
vn -0.1573 0.7291 -0.6661
vn -0.1605 0.7227 -0.6722
vn -0.1527 0.7233 -0.6735
vn 0.9264 0.2402 -0.2899
vn 0.9264 0.2393 -0.2908
vn 0.8608 0.0196 -0.5086
vn 0.8448 -0.0119 -0.5350
vn -0.4621 0.8057 0.3706
vn -0.5856 0.7583 0.2864
vn -0.6099 0.7466 0.2658
vn -0.4819 0.7991 0.3595
vn 0.6521 -0.2672 -0.7095
vn 0.6529 -0.2665 -0.7090
vn -0.1794 0.6904 -0.7008
vn 0.6569 -0.2629 -0.7066
vn -0.1802 0.6554 -0.7335
vn -0.1721 0.6540 -0.7366
vn -0.2123 0.8251 -0.5236
vn -0.2051 0.8253 -0.5260
vn -0.1511 0.6952 -0.7027
vn -0.1097 0.6980 -0.7076
vn -0.8680 0.3602 0.3417
vn -0.8851 0.3407 0.3171
vn -0.6413 0.5433 0.5417
vn -0.6207 0.5556 0.5532
vn 0.9233 0.2027 -0.3261
vn -0.3279 0.6940 0.6410
vn -0.3423 0.6880 0.6399
vn -0.9466 0.2495 0.2041
vn -0.2082 0.7361 0.6440
vn -0.4573 -0.4680 -0.7562
vn 0.1926 -0.5733 -0.7964
vn 0.1934 -0.5730 -0.7964
vn 0.2130 -0.5670 -0.7957
vn -0.2408 0.6347 -0.7343
vn -0.1711 0.6303 -0.7572
vn -0.1427 0.6721 -0.7266
vn -0.1383 0.7016 -0.6990
vn 0.8391 0.5267 0.1356
vn -0.5141 0.8379 -0.1832
vn -0.7545 0.6328 -0.1738
vn -0.7529 0.5560 -0.3521
vn -0.6885 0.6548 -0.3117
vn -0.7082 0.6289 -0.3208
vn -0.6478 0.6964 -0.3087
vn -0.2893 0.5326 -0.7953
vn -0.2771 0.5212 -0.8072
vn -0.2836 0.5236 -0.8033
vn 0.3140 -0.7196 -0.6193
vn 0.3457 -0.7049 -0.6194
vn 0.3455 -0.7049 -0.6194
vn -0.3442 0.7055 0.6195
vn -0.3444 0.7054 0.6195
vn -0.3751 0.6901 0.6189
vn -0.8549 -0.5097 -0.0970
vn -0.8571 -0.5074 -0.0884
vn 0.8461 0.5145 0.1392
vn 0.8430 0.5171 0.1477
vn -0.6531 0.6279 -0.4232
vn -0.6014 0.5780 -0.5516
vn -0.2960 0.9460 -0.1323
vn -0.7813 0.5937 -0.1925
vn -0.7943 0.5799 -0.1808
vn 0.6956 0.5905 0.4091
vn 0.7020 0.5887 0.4007
vn 0.5554 0.6123 0.5626
vn -0.6187 0.7295 -0.2915
vn -0.6012 0.7471 -0.2835
vn -0.6857 0.6912 -0.2280
vn -0.5388 0.8259 -0.1660
vn -0.7502 -0.6507 -0.1168
vn -0.7494 -0.6511 -0.1198
vn -0.2398 0.2200 0.9456
vn -0.8566 0.4802 -0.1885
vn -0.6232 0.7619 -0.1765
vn -0.8079 0.5257 -0.2662
vn -0.6522 -0.7487 -0.1186
vn -0.6530 -0.7484 -0.1162
vn -0.6291 -0.7550 -0.1849
vn 0.6469 0.7492 0.1421
vn 0.6477 0.7489 0.1398
vn -0.3235 0.1773 0.9295
vn -0.9790 0.0499 -0.1976
vn -0.4617 -0.8827 -0.0877
vn -0.4612 -0.8828 -0.0893
vn -0.7546 0.6561 0.0024
vn -0.7506 0.6606 0.0137
vn -0.7345 -0.5821 -0.3488
vn -0.7387 -0.5805 -0.3424
vn 0.6213 0.7557 0.2069
vn -0.8337 0.4177 -0.3611
vn -0.4426 -0.8862 -0.1364
vn 0.3399 -0.8206 -0.4595
vn -0.4592 0.0000 -0.8883
vn -0.2637 0.0000 -0.9646
vn 0.0000 -0.4592 -0.8883
vn 0.0000 -0.2638 -0.9646
vn -0.1009 -0.2437 -0.9646
vn -0.1757 -0.4243 -0.8883
vn -0.1009 0.2437 -0.9646
vn -0.1757 0.4243 -0.8883
vn -0.6280 -0.6280 -0.4595
vn -0.3399 -0.8206 -0.4595
vn 0.0000 -0.8881 -0.4595
vn -0.4242 0.1757 -0.8883
vn -0.2437 0.1009 -0.9646
vn -0.1865 0.1865 -0.9646
vn -0.3247 0.3247 -0.8883
vn 0.2437 0.1010 -0.9646
vn 0.4243 0.1757 -0.8883
vn 0.8800 -0.2132 -0.4245
vn 0.8875 -0.1983 -0.4159
vn 0.8924 -0.2061 -0.4013
vn 0.8944 -0.2149 -0.3921
vn 0.2948 0.0376 -0.9548
vn 0.2920 0.0458 -0.9553
vn 0.2981 0.0398 -0.9537
vn 0.3002 0.0423 -0.9529
vn 0.2795 -0.1890 -0.9413
vn 0.2867 -0.1883 -0.9393
vn 0.2869 -0.1877 -0.9394
vn 0.6174 -0.7409 -0.2643
vn 0.6113 -0.7485 -0.2571
vn 0.6113 -0.7484 -0.2571
vn 0.6112 -0.7483 -0.2577
vn -0.3374 -0.5741 0.7460
vn -0.1172 -0.4748 0.8722
vn -0.0898 -0.4647 0.8809
vn -0.3375 -0.5741 -0.7460
vn 0.8863 0.0837 0.4555
vn 0.8863 0.0837 -0.4555
vn 0.4770 -0.2086 -0.8538
vn 0.4770 -0.2087 0.8538
vn 0.5022 -0.1853 0.8447
vn 0.0000 -0.8068 0.5907
vn 0.9450 0.0825 0.3164
vn 0.0115 -0.4237 -0.9057
vn 0.9450 0.0825 -0.3164
vn 0.9162 0.0459 -0.3980
vn 0.3981 -0.2770 0.8745
vn -0.4573 -0.8396 0.2930
vn -0.4013 -0.8314 0.3844
vn -0.4012 -0.8314 -0.3845
vn -0.4573 -0.8397 -0.2930
vn 0.3981 -0.2769 -0.8745
vn 0.5122 -0.8588 0.0003
vn 0.7513 -0.0850 0.6544
vn 0.7513 -0.0850 -0.6544
vn -0.2150 -0.7538 0.6209
vn -0.2149 -0.7538 -0.6209
vn 0.1972 -0.8967 0.3962
vn 0.1923 -0.8644 0.4645
vn 0.1536 -0.6043 0.7818
vn 0.1646 -0.6811 0.7134
vn 0.1702 0.5371 -0.8261
vn 0.1764 0.5711 -0.8017
vn 0.1255 0.2781 -0.9523
vn 0.1188 0.2365 -0.9643
vn 0.1724 0.5312 0.8295
vn 0.1785 0.5651 0.8054
vn 0.2307 0.8430 0.4859
vn 0.2278 0.8276 0.5129
vn 0.1120 -0.3012 0.9469
vn 0.1249 -0.3987 0.9085
vn 0.2255 0.8274 -0.5143
vn 0.2286 0.8433 -0.4863
vn 0.0916 -0.1259 -0.9878
vn 0.0859 -0.0763 -0.9933
vn 0.1123 -0.2839 -0.9522
vn 0.1254 -0.3832 -0.9151
vn 0.1659 -0.6730 -0.7208
vn 0.1548 -0.5947 -0.7888
vn 0.1938 -0.8632 -0.4661
vn 0.1984 -0.8942 -0.4012
vn 0.0876 0.0319 -0.9956
vn 0.0907 0.0554 -0.9943
vn 0.2542 0.9671 -0.0030
vn 0.2542 0.9671 -0.0019
vn 0.2104 -0.9776 0.0015
vn 0.2104 -0.9776 -0.0021
vn 0.0860 -0.0941 0.9918
vn 0.0916 -0.1442 0.9853
vn 0.0879 0.0163 0.9960
vn 0.0911 0.0400 0.9950
vn 0.1267 0.2663 0.9555
vn 0.1199 0.2246 0.9670
vn 0.9215 -0.3883 0.0001
vn 0.9212 -0.3890 -0.0062
vn 0.9206 -0.3905 -0.0001
vn 0.9214 -0.3885 -0.0085
vn 0.9213 -0.3889 -0.0063
vn 0.9209 -0.3895 -0.0124
vn 0.9218 -0.3875 -0.0120
vn 0.9215 -0.3883 -0.0002
vn 0.9207 -0.3902 -0.0012
vn 0.9212 -0.3890 -0.0045
vn 0.9210 -0.3895 -0.0038
vn 0.9211 -0.3891 -0.0066
vn 0.9213 -0.3887 -0.0018
vn 0.9210 -0.3894 -0.0118
vn 0.9212 -0.3889 -0.0086
vn 0.9212 -0.3890 -0.0097
vn 0.9216 -0.3880 -0.0107
vn 0.9212 -0.3889 -0.0032
vn 0.9211 -0.3890 -0.0104
vn 0.1207 0.0559 0.9911
vn 0.1620 -0.1618 0.9734
vn 0.1471 -0.1019 0.9838
vn 0.1168 0.0944 0.9886
vn 0.0970 0.3421 0.9346
vn 0.0914 0.4098 0.9076
vn 0.0605 0.7311 -0.6796
vn 0.0915 0.4100 -0.9074
vn 0.0971 0.3426 -0.9344
vn 0.0650 0.6902 -0.7206
vn 0.0365 0.9323 -0.3597
vn 0.0381 0.9203 -0.3892
vn 0.1471 -0.1020 -0.9838
vn 0.1621 -0.1619 -0.9734
vn 0.1207 0.0561 -0.9911
vn 0.1168 0.0946 -0.9886
vn 0.2705 -0.6919 0.6693
vn 0.2280 -0.4624 0.8568
vn 0.2095 -0.3706 0.9048
vn 0.0276 0.9996 -0.0002
vn 0.0364 0.9323 0.3597
vn 0.0380 0.9204 0.3890
vn 0.2280 -0.4624 -0.8568
vn 0.2095 -0.3707 -0.9048
vn 0.0649 0.6901 0.7207
vn 0.0603 0.7311 0.6796
vn 0.8729 -0.4107 0.2634
vn -0.7497 0.1711 -0.6392
vn -0.7546 0.1453 -0.6399
vn 0.8562 0.0313 0.5157
vn 0.9268 0.1647 -0.3375
vn 0.8052 -0.0605 0.5898
vn 0.7883 -0.1014 0.6068
vn -0.1695 -0.1696 -0.9708
vn 0.0000 0.2399 0.9708
vn -0.0917 0.2215 -0.9708
vn -0.3527 -0.3527 0.8667
vn -0.4609 -0.1909 0.8667
vn -0.4988 0.0000 0.8667
vn -0.4609 0.1909 0.8667
vn -0.1909 -0.4609 0.8667
vn -0.3527 0.3527 0.8667
vn 0.0000 -0.4988 0.8667
vn 0.1909 -0.4609 0.8667
vn 0.3527 -0.3527 0.8667
vn 0.4609 -0.1909 0.8667
vn 0.4988 0.0000 0.8667
vn 0.4609 0.1909 0.8667
vn 0.3527 0.3527 0.8667
vn 0.1909 0.4608 0.8667
vn 0.0000 0.4988 0.8667
vn -0.1909 0.4608 0.8667
vn -0.3531 0.0001 -0.9356
vn -0.3259 0.1351 -0.9357
vn -0.3260 0.1350 -0.9357
vn -0.3531 -0.0001 -0.9356
vn -0.2494 0.2494 -0.9357
vn -0.1350 0.3258 -0.9357
vn 0.3149 0.7602 0.5683
vn 0.5818 0.5818 0.5683
vn -0.0000 0.3527 -0.9357
vn 0.1350 0.3261 -0.9356
vn 0.1351 0.3260 -0.9356
vn -0.5818 0.5818 0.5683
vn -0.3149 0.7602 0.5683
vn -0.7602 -0.3149 0.5683
vn -0.8228 0.0000 0.5683
vn 0.0000 -0.8228 0.5683
vn -0.3149 -0.7602 0.5683
vn 0.2497 0.2498 -0.9355
vn 0.2498 0.2497 -0.9355
vn 0.3265 0.1353 -0.9354
vn 0.3266 0.1351 -0.9354
vn 0.7602 -0.3149 0.5683
vn 0.5818 -0.5818 0.5683
vn 0.3538 0.0001 -0.9353
vn 0.3538 -0.0001 -0.9353
vn 0.3271 -0.1354 -0.9352
vn 0.3270 -0.1356 -0.9352
vn -0.4535 0.0000 0.8912
vn -0.4190 0.1735 0.8912
vn 0.3149 -0.7602 0.5683
vn -0.5818 -0.5818 0.5683
vn -0.7602 0.3149 0.5683
vn 0.0000 0.8228 0.5683
vn 0.7602 0.3149 0.5683
vn 0.8228 0.0000 0.5683
vn 0.1735 -0.4190 0.8912
vn 0.0000 -0.4535 0.8912
vn -0.3207 -0.3207 0.8912
vn -0.4190 -0.1735 0.8912
vn 0.4190 -0.1735 0.8912
vn 0.3207 -0.3207 0.8912
vn 0.1735 0.4190 0.8912
vn 0.3207 0.3207 0.8912
vn -0.1735 -0.4190 0.8912
vn 0.2505 -0.2504 -0.9351
vn 0.2504 -0.2504 -0.9351
vn 0.1355 -0.3272 -0.9351
vn 0.1356 -0.3272 -0.9351
vn 0.4535 0.0000 0.8912
vn -0.0000 -0.3541 -0.9352
vn -0.1355 -0.3270 -0.9352
vn -0.1353 -0.3270 -0.9352
vn 0.4190 0.1735 0.8912
vn -0.1735 0.4190 0.8912
vn 0.0000 0.4535 0.8912
vn -0.3207 0.3207 0.8912
vn -0.2501 -0.2500 -0.9354
vn -0.2500 -0.2502 -0.9354
vn -0.3265 -0.1351 -0.9355
vn -0.3264 -0.1353 -0.9355
vn 0.0000 -0.2781 -0.9605
vn -0.9486 -0.0847 -0.3048
vn 0.9486 -0.0847 -0.3048
vn 0.0000 -0.9931 0.1174
vn 0.0000 0.9062 -0.4227
vn 0.6927 -0.6927 -0.2006
vn 0.3749 -0.9051 -0.2007
vn 0.6927 0.6927 -0.2006
vn 0.9051 0.3750 -0.2006
vn 0.9051 0.3749 -0.2006
vn -0.9051 -0.3750 -0.2007
vn -0.9051 -0.3749 -0.2007
vn -0.9796 0.0000 -0.2007
vn 0.9051 -0.3750 -0.2005
vn 0.9051 -0.3749 -0.2005
vn -0.6927 -0.6927 -0.2006
vn 0.9797 0.0000 -0.2005
vn -0.3749 0.9051 -0.2004
vn 0.0000 0.9797 -0.2004
vn -0.3750 -0.9051 -0.2007
vn -0.3749 -0.9051 -0.2007
vn -0.6927 0.6927 -0.2006
vn 0.0000 -0.9796 -0.2007
vn 0.3749 0.9051 -0.2005
vn -0.9051 0.3749 -0.2007
vn 0.0000 -0.5071 -0.8619
vn 0.0000 0.9565 -0.2917
vn 0.0000 0.8297 -0.5581
vn 0.0000 -0.9565 -0.2917
vn 0.0000 -0.8297 -0.5581
vn 0.0000 0.5070 -0.8619
vn -0.5071 0.0000 -0.8619
vn 0.9565 0.0000 -0.2918
vn 0.8297 0.0000 -0.5582
vn -0.9565 0.0000 -0.2917
vn -0.8297 0.0000 -0.5581
vn 0.5070 0.0000 -0.8619
vn -0.3585 -0.3585 -0.8619
vn 0.6763 0.6763 -0.2918
vn 0.5867 0.5867 -0.5581
vn -0.6763 -0.6763 -0.2917
vn -0.5867 -0.5867 -0.5581
vn -0.6763 -0.6763 -0.2918
vn 0.3585 0.3585 -0.8619
vn -0.3585 0.3585 -0.8619
vn 0.6763 -0.6763 -0.2918
vn 0.5867 -0.5867 -0.5581
vn -0.6763 0.6763 -0.2918
vn -0.5867 0.5867 -0.5581
vn -0.6763 0.6763 -0.2917
vn 0.3585 -0.3585 -0.8619
vn -0.4984 -0.2064 -0.8420
vn -0.3815 -0.3814 -0.8420
vn -0.3814 -0.3814 -0.8420
vn 0.2064 0.4984 -0.8420
vn 0.0000 0.5394 -0.8420
vn -0.4541 -0.4542 0.7664
vn -0.2458 -0.5935 0.7664
vn -0.2458 -0.5934 0.7664
vn 0.4542 -0.4542 0.7664
vn 0.5934 -0.2458 0.7664
vn -0.5934 -0.2458 0.7664
vn 0.5934 0.2458 0.7664
vn 0.6423 0.0000 0.7664
vn 0.4542 0.4542 0.7664
vn -0.5934 0.2458 0.7664
vn -0.6423 0.0000 0.7664
vn 0.3814 -0.3814 -0.8420
vn 0.4983 -0.2064 -0.8420
vn -0.2458 0.5935 0.7664
vn -0.4541 0.4542 0.7664
vn 0.0000 -0.5394 -0.8420
vn 0.2064 -0.4983 -0.8420
vn -0.5394 0.0000 -0.8420
vn -0.2064 -0.4983 -0.8420
vn 0.4983 0.2064 -0.8421
vn 0.3814 0.3814 -0.8420
vn -0.2064 0.4984 -0.8420
vn -0.2064 0.4983 -0.8420
vn 0.0000 -0.6423 0.7664
vn 0.5394 0.0000 -0.8420
vn 0.3399 0.8205 -0.4595
vn 0.8205 0.3398 -0.4595
vn -0.3399 0.8205 -0.4595
vn -0.4984 0.2064 -0.8420
vn 0.8206 -0.3399 -0.4595
vn 0.8206 -0.3398 -0.4595
vn 0.2458 0.5935 0.7664
vn 0.0000 0.6424 0.7664
vn 0.2458 -0.5934 0.7664
vn -0.3814 0.3815 -0.8420
vn -0.3815 0.3814 -0.8420
vn 0.3398 -0.8206 -0.4595
vn -0.8206 -0.3399 -0.4595
vn 0.1023 0.0179 -0.9946
vn 0.1216 -0.0489 -0.9914
vn 0.3308 -0.0621 -0.9416
vn 0.2965 0.0165 -0.9549
vn 0.4022 -0.1393 -0.9049
vn 0.0293 0.0093 -0.9995
vn 0.1440 0.0125 -0.9895
vn 0.0201 -0.0064 -0.9998
vn 0.3531 0.0152 -0.9355
vn 0.0163 0.0181 -0.9997
vn 0.6685 -0.7437 -0.0003
vn 0.5506 -0.0780 -0.8311
vn 0.4981 0.0143 -0.8670
vn 0.5271 0.0141 -0.8497
vn 0.5774 -0.1014 -0.8101
vn 0.8324 -0.5120 -0.2121
vn 0.8324 -0.3919 -0.3919
vn 0.8324 -0.2121 -0.5120
vn 0.8324 0.0000 -0.5542
vn 0.8324 0.2121 -0.5120
vn 0.8324 0.3919 -0.3919
vn 0.8324 0.5120 -0.2121
vn 0.2892 -0.3663 0.8844
vn 0.2892 0.0000 0.9572
vn 0.0333 -0.9234 -0.3825
vn 0.0333 -0.7067 -0.7067
vn 0.0333 -0.3825 -0.9233
vn 0.0333 0.0000 -0.9994
vn 0.0333 0.3825 -0.9233
vn 0.0333 0.7067 -0.7067
vn 0.0333 0.9233 -0.3825
vn -0.4669 -0.8170 -0.3384
vn -0.2230 -0.9006 -0.3730
vn -0.2230 -0.3730 -0.9006
vn -0.4669 -0.3384 -0.8170
vn -0.4669 0.0000 -0.8843
vn -0.2230 0.0000 -0.9748
vn -0.2230 0.6893 -0.6893
vn -0.4669 0.6253 -0.6253
vn -0.4669 0.8170 -0.3384
vn -0.2230 0.9006 -0.3731
vn -0.2230 -0.6893 -0.6893
vn 0.2304 -0.3724 -0.8990
vn 0.2304 -0.6881 -0.6881
vn 0.6377 0.5446 -0.5446
vn 0.2304 0.6881 -0.6881
vn 0.2304 0.8990 -0.3724
vn 0.6377 0.7116 -0.2947
vn 0.2304 -0.8990 -0.3724
vn -0.4669 -0.6253 -0.6253
vn 0.6377 -0.7116 -0.2947
vn -0.2230 0.3731 -0.9006
vn -0.4669 0.3384 -0.8170
vn 0.6377 -0.5446 -0.5446
vn 0.2304 0.3724 -0.8990
vn 0.6377 -0.2947 -0.7116
vn 0.2304 0.0000 -0.9731
vn 0.6377 0.0000 -0.7702
vn 0.6377 0.2947 -0.7116
vn 0.2891 -0.6769 0.6769
vn 0.2891 0.8844 0.3663
vn 0.2891 -0.8844 0.3663
vn 0.2891 0.6769 0.6769
vn 0.2892 0.3663 0.8844
vn 0.0333 -0.9233 -0.3825
vn 0.9609 -0.1958 -0.1958
vn 0.8767 -0.3401 -0.3401
vn 0.8767 -0.1841 -0.4444
vn 0.9609 -0.1060 -0.2558
vn 0.9609 0.0000 -0.2769
vn 0.9609 0.1958 -0.1958
vn 0.9609 0.2558 -0.1060
vn 0.9609 0.1060 -0.2558
vn 0.8767 0.1841 -0.4444
vn 0.8767 0.3401 -0.3401
vn 0.8767 0.0000 -0.4810
vn 0.9609 -0.2558 -0.1060
vn 0.8767 -0.4444 -0.1841
vn 0.8767 0.4444 -0.1841
vn -0.8755 0.4464 -0.1849
vn -0.8755 0.3417 -0.3417
vn -0.8755 0.3417 -0.3416
vn -0.8755 -0.4464 -0.1849
vn -0.8755 -0.3416 -0.3416
vn -0.8755 -0.1849 -0.4464
vn -0.8755 0.0000 -0.4831
vn -0.8755 0.1849 -0.4464
vn 0.0387 -0.9232 -0.3824
vn -0.0339 0.9233 0.3825
vn 0.0000 -0.3827 0.9239
vn 0.8563 -0.4771 -0.1976
vn -0.9994 -0.0315 -0.0130
vn 0.0000 0.3826 -0.9239
vn 0.0387 0.3824 -0.9232
vn -0.0339 -0.3825 0.9233
vn 0.0000 -0.9239 -0.3826
vn 0.8563 0.1976 -0.4771
vn -0.9994 0.0130 -0.0315
vn 0.0000 0.9239 0.3826
vn 0.0387 -0.3824 -0.9232
vn -0.0339 0.3824 0.9233
vn 0.8563 -0.1976 -0.4771
vn -0.9994 -0.0130 -0.0315
vn 0.0000 0.9239 -0.3826
vn 0.0387 0.9232 -0.3824
vn -0.0339 -0.9233 0.3825
vn 0.0000 -0.3826 -0.9239
vn 0.8563 0.4771 -0.1976
vn -0.9994 0.0315 -0.0130
vn 0.0000 0.3826 0.9239
vn 0.8238 -0.5237 -0.2169
vn 0.8237 -0.5239 -0.2170
vn 0.8238 -0.4008 -0.4008
vn 0.8237 -0.4010 -0.4010
vn 0.8237 0.2170 -0.5239
vn 0.8238 0.2169 -0.5237
vn 0.8238 0.4008 -0.4008
vn 0.8237 0.4010 -0.4010
vn 0.8237 -0.2170 -0.5239
vn 0.8238 -0.2169 -0.5237
vn 0.8238 0.0000 -0.5669
vn 0.8237 0.0000 -0.5671
vn 0.8237 0.5239 -0.2170
vn 0.8238 0.5237 -0.2169
vn -0.2375 -0.3717 0.8974
vn -0.2375 -0.6868 0.6868
vn -0.2375 0.8974 0.3717
vn -0.2375 -0.8974 0.3717
vn -0.2375 0.6869 0.6868
vn -0.2375 0.3717 0.8974
vn -0.2376 0.0000 0.9713
vn 0.9995 0.0248 0.0187
vn 0.9995 0.0247 0.0187
vn 0.9995 0.0248 0.0188
vn -0.9889 -0.1439 0.0359
vn -0.9889 -0.1436 0.0371
vn -0.9892 -0.1439 0.0276
vn -0.9889 -0.1448 0.0318
vn -0.9887 -0.1458 0.0350
vn -0.9890 -0.1447 0.0305
vn -0.9890 -0.1455 0.0261
vn -0.9890 -0.1453 0.0269
vn 0.0000 0.3708 0.9287
vn -0.0582 0.3768 0.9245
vn -0.0222 -0.3574 0.9337
vn 0.0000 -0.3708 0.9287
vn -0.0324 0.9241 -0.3807
vn -0.0633 0.9154 0.3976
vn 0.0000 0.9189 0.3945
vn 0.0000 0.9189 -0.3943
vn 0.0000 0.3603 -0.9328
vn 0.0000 -0.3702 -0.9290
vn 0.0587 -0.3625 -0.9301
vn 0.0191 0.3751 -0.9268
vn 0.0000 -0.9140 -0.4056
vn 0.0000 -0.9189 0.3945
vn 0.0289 -0.9124 0.4082
vn 0.0650 -0.9141 -0.4002
vn -0.2219 0.8972 0.3817
vn -0.1538 0.3775 0.9131
vn -0.1625 0.9062 -0.3904
vn -0.4030 0.8322 0.3808
vn -0.3486 0.8493 -0.3963
vn -0.5191 0.7551 -0.4004
vn -0.5675 0.7310 0.3788
vn -0.2289 0.3452 0.9102
vn -0.2977 0.2981 0.9069
vn -0.1493 0.3188 -0.9360
vn -0.0790 0.3539 -0.9319
vn -0.0014 0.3761 -0.9266
vn -0.0070 -0.3439 0.9390
vn 0.1517 -0.8998 0.4089
vn 0.0625 -0.3238 0.9441
vn 0.1252 -0.2924 0.9481
vn 0.3363 -0.8449 0.4158
vn 0.5061 -0.7529 0.4207
vn -0.7078 0.5982 0.3757
vn -0.6661 0.6272 -0.4036
vn -0.7736 0.4844 -0.4085
vn -0.8099 0.4533 0.3722
vn -0.3565 0.2374 0.9036
vn -0.3958 0.1705 0.9023
vn -0.2543 0.2158 -0.9427
vn -0.2109 0.2710 -0.9392
vn 0.1809 -0.2513 0.9508
vn 0.2307 -0.2084 0.9504
vn 0.6536 -0.6272 0.4234
vn 0.7635 -0.4893 0.4216
vn -0.8775 0.3095 0.3663
vn -0.8450 0.3406 -0.4122
vn -0.8783 0.2336 -0.4171
vn -0.9085 0.2019 0.3659
vn -0.4236 0.0566 0.9041
vn -0.4213 0.1064 0.9006
vn -0.2973 0.1217 -0.9470
vn -0.2871 0.1624 -0.9440
vn 0.2683 -0.1622 0.9496
vn 0.3022 -0.1262 0.9448
vn 0.8368 -0.3515 0.4198
vn 0.8778 -0.2433 0.4126
vn -0.4268 0.0268 0.9040
vn -0.3844 0.0543 0.9216
vn 0.3424 -0.1261 0.9311
vn 0.3147 -0.0997 0.9439
vn 0.8859 -0.2433 0.3949
vn 0.8956 -0.1722 0.4102
vn -0.9213 0.1332 0.3654
vn -0.9008 0.2012 0.3849
vn -0.8957 0.1646 -0.4131
vn -0.8753 0.2320 -0.4241
vn -0.3113 0.0958 -0.9454
vn -0.2761 0.1130 -0.9545
vn -0.2595 0.8782 -0.4018
vn -0.1066 0.9103 -0.3999
vn -0.1147 0.9103 0.3977
vn -0.2725 0.8758 0.3983
vn -0.0194 0.9180 -0.3962
vn -0.0219 0.9185 0.3948
vn -0.0051 0.3559 -0.9345
vn -0.0835 0.3283 -0.9409
vn -0.0320 0.3438 -0.9385
vn -0.0523 0.3555 0.9332
vn -0.1184 0.3378 0.9337
vn 0.0000 0.3710 0.9286
vn -0.0110 0.3674 0.9300
vn -0.5716 0.7136 -0.4050
vn -0.4238 0.8111 -0.4031
vn -0.4401 0.8054 0.3970
vn -0.5905 0.7036 0.3953
vn -0.1895 0.2699 -0.9440
vn -0.1399 0.3043 -0.9422
vn -0.1879 0.3095 0.9321
vn -0.2515 0.2681 0.9300
vn -0.2565 0.1734 -0.9508
vn 0.3864 -0.1633 -0.9077
vn 0.3335 -0.2389 -0.9120
vn -0.2294 0.2278 -0.9463
vn 0.2745 -0.2976 -0.9144
vn 0.2054 -0.3432 -0.9165
vn -0.6963 0.5905 -0.4079
vn -0.8009 0.4306 -0.4161
vn 0.5911 -0.7061 -0.3898
vn 0.4409 -0.8078 -0.3912
vn 0.8242 -0.4154 -0.3848
vn 0.7173 -0.5785 -0.3882
vn 0.1290 -0.3742 -0.9183
vn 0.0568 -0.3835 -0.9218
vn 0.2729 -0.8783 -0.3926
vn 0.1160 -0.9106 -0.3967
vn 0.0121 -0.3754 -0.9268
vn 0.0000 -0.3701 -0.9290
vn 0.0236 -0.9149 -0.4030
vn -0.7173 0.5752 0.3931
vn -0.8245 0.4082 0.3917
vn -0.3067 0.2149 0.9272
vn -0.3504 0.1422 0.9257
vn 0.4055 -0.0227 -0.9138
vn 0.4230 -0.0657 -0.9037
vn 0.9106 -0.1342 -0.3909
vn 0.8995 -0.2139 -0.3809
vn 0.3880 -0.0924 -0.9170
vn 0.4033 -0.0500 -0.9137
vn 0.8976 -0.2024 -0.3916
vn 0.8643 -0.3081 -0.3974
vn 0.3291 -0.2081 -0.9210
vn 0.3674 -0.1510 -0.9177
vn 0.6999 -0.5871 -0.4067
vn 0.7999 -0.4465 -0.4009
vn 0.2695 -0.2608 0.9270
vn 0.3120 -0.2009 0.9286
vn 0.1653 -0.3504 0.9219
vn 0.2228 -0.3103 0.9241
vn 0.7016 -0.5966 0.3896
vn 0.8087 -0.4386 0.3920
vn 0.4281 -0.8179 0.3844
vn 0.5766 -0.7198 0.3865
vn 0.0388 -0.3859 0.9217
vn 0.0992 -0.3783 0.9203
vn 0.1091 -0.9165 0.3849
vn 0.2624 -0.8856 0.3831
vn 0.3993 -0.8190 -0.4120
vn 0.5614 -0.7189 -0.4098
vn 0.2777 -0.2630 -0.9239
vn 0.2173 -0.3057 -0.9270
vn 0.1518 -0.3350 -0.9299
vn 0.2211 -0.8834 -0.4131
vn 0.0214 -0.9203 0.3906
vn 0.0000 -0.9189 0.3943
vn 0.0065 -0.3768 0.9263
vn 0.0000 -0.3710 0.9286
vn 0.0232 0.9593 -0.2815
vn 0.0087 0.9704 -0.2414
vn 0.0235 0.9522 -0.3044
vn -0.4129 0.9016 -0.1286
vn -0.4124 0.9017 -0.1297
vn -0.7306 -0.6701 -0.1314
vn -0.5984 -0.7935 -0.1105
vn -0.6012 -0.7803 -0.1722
vn -0.7961 -0.5827 -0.1630
vn -0.8120 -0.4060 -0.4193
vn -0.6330 -0.5880 -0.5035
vn -0.4278 -0.9005 -0.0778
vn -0.5191 -0.1484 -0.8417
vn -0.4946 -0.3239 -0.8065
vn -0.7521 -0.1023 -0.6511
vn -0.0645 0.4319 -0.8996
vn -0.0359 0.5816 -0.8126
vn -0.0340 0.5770 -0.8160
vn 0.0845 0.6782 -0.7299
vn 0.0478 0.7662 -0.6408
vn 0.0366 0.8816 -0.4705
vn 0.0656 0.8243 -0.5623
vn 0.1068 0.5666 -0.8170
vn 0.0499 0.8858 -0.4614
vn -0.4688 -0.8828 -0.0276
vn -0.4938 -0.8689 -0.0340
vn -0.2058 -0.9759 0.0723
vn -0.3224 -0.9460 0.0334
vn -0.3499 -0.9326 -0.0877
vn -0.3942 -0.9173 -0.0567
vn -0.4174 -0.0257 -0.9083
vn -0.3915 -0.3022 -0.8691
vn 0.0548 -0.9878 -0.1455
vn 0.0659 -0.9902 -0.1230
vn -0.3328 -0.5397 -0.7733
vn -0.4006 -0.5191 -0.7550
vn -0.2952 -0.6235 -0.7239
vn -0.3225 -0.6755 -0.6630
vn -0.0793 0.7078 -0.7019
vn -0.0802 0.6596 -0.7473
vn -0.4530 0.1345 -0.8813
vn -0.0964 0.8443 -0.5272
vn -0.0116 0.5888 -0.8081
vn -0.0160 0.5668 -0.8237
vn -0.0804 0.9749 -0.2075
vn -0.1042 0.9719 -0.2111
vn -0.0636 0.8444 -0.5318
vn -0.1039 0.9545 -0.2794
vn -0.0717 0.9241 -0.3753
vn -0.0305 0.9763 -0.2142
vn -0.0029 0.8154 -0.5789
vn -0.0118 0.9117 -0.4105
vn 0.0970 0.8784 -0.4679
vn 0.0528 0.8906 -0.4517
vn 0.0777 0.4681 -0.8802
vn 0.0637 0.6045 -0.7940
vn 0.1016 0.5837 -0.8056
vn 0.1132 0.4693 -0.8757
vn 0.9170 -0.3928 -0.0698
vn 0.9976 -0.0367 -0.0579
vn 0.9983 0.0131 -0.0570
vn 0.9764 -0.2052 -0.0673
vn 0.1186 -0.8111 -0.5727
vn 0.0941 -0.5238 -0.8466
vn 0.1627 -0.3759 -0.9123
vn 0.2284 -0.6883 -0.6885
vn 0.0686 0.0934 -0.9933
vn 0.1657 0.0594 -0.9843
vn 0.1622 0.0064 -0.9867
vn 0.0681 0.0832 -0.9942
vn 0.0410 -0.1023 -0.9939
vn 0.0650 -0.0096 -0.9978
vn 0.0000 -0.6248 -0.7808
vn 0.0118 -0.6269 -0.7790
vn 0.0145 -0.8744 -0.4849
vn 0.0000 -0.8743 -0.4854
vn 0.0473 -0.8659 -0.4979
vn 0.0412 -0.6135 -0.7886
vn 0.0188 -0.1240 -0.9921
vn -0.0120 -0.2096 -0.9777
vn 0.0053 -0.1253 -0.9921
vn 0.1179 0.9013 -0.4169
vn 0.1150 0.6144 -0.7805
vn 0.1248 0.4685 -0.8746
vn -0.9330 0.3597 0.0000
vn -0.9032 0.3731 -0.2120
vn -0.6621 0.6233 0.4161
vn 0.3845 0.8369 0.3895
vn 0.3764 0.8491 0.3704
vn 0.4093 0.7938 0.4499
vn -0.7124 0.6740 -0.1953
vn -0.7102 0.6628 -0.2372
vn -0.7221 0.6918 -0.0052
vn -0.7224 0.6914 0.0032
vn 0.0851 0.4273 0.9001
vn 0.0892 0.3443 0.9346
vn 0.0972 0.2372 0.9666
vn 0.1148 0.2656 0.9572
vn 0.0465 0.6428 0.7646
vn 0.0654 0.5418 0.8379
vn 0.0102 0.9142 0.4050
vn 0.0254 0.8153 0.5784
vn 0.0052 1.0000 0.0011
vn 0.0052 1.0000 0.0003
vn 0.1001 0.1613 0.9818
vn 0.0122 0.9151 -0.4029
vn 0.0272 0.8196 -0.5722
vn 0.0479 0.6511 -0.7574
vn 0.0662 0.5464 -0.8349
vn 0.0849 0.4275 -0.9000
vn 0.0989 0.3458 -0.9331
vn 0.4825 -0.7673 0.4224
vn 0.5027 -0.7453 0.4379
vn 0.3678 -0.8629 -0.3466
vn 0.3450 -0.8728 -0.3452
vn 0.4350 -0.8325 -0.3429
vn 0.4313 -0.8330 -0.3465
vn 0.4451 -0.8350 -0.3235
vn 0.4393 -0.8328 -0.3368
vn 0.4351 -0.8325 0.3429
vn 0.4313 -0.8330 0.3465
vn 0.4393 -0.8329 0.3365
vn 0.4447 -0.8358 0.3218
vn 0.5620 -0.8161 -0.1342
vn 0.4239 -0.8357 0.3491
vn 0.4250 -0.8351 0.3492
vn 0.5620 -0.8161 0.1342
vn 0.6933 -0.5188 0.5002
vn 0.6276 -0.7216 0.2921
vn 0.4530 -0.8502 0.2681
vn 0.4472 -0.8389 0.3103
vn 0.4583 -0.8589 0.2286
vn 0.4682 -0.8740 0.1299
vn 0.4483 -0.8375 -0.3123
vn 0.4574 -0.8471 -0.2704
vn 0.4720 -0.8708 -0.1372
vn 0.4628 -0.8553 -0.2329
vn 0.6933 -0.5188 -0.5001
vn 0.4745 -0.8802 -0.0022
vn 0.4746 -0.8802 -0.0049
vn -0.0183 -0.3618 -0.9320
vn -0.0157 -0.3600 -0.9328
vn -0.0334 -0.3758 -0.9261
vn -0.0393 -0.3826 -0.9230
vn -0.1155 -0.6054 0.7875
vn -0.1528 -0.7532 0.6398
vn -0.1687 -0.8139 0.5560
vn 0.6682 -0.1822 -0.7213
vn 0.2878 -0.2215 0.9317
vn 0.2567 -0.2315 0.9383
vn 0.3248 -0.2103 0.9221
vn 0.3305 -0.2091 0.9203
vn -0.1460 -0.7557 -0.6384
vn -0.1104 -0.6073 -0.7867
vn -0.1611 -0.8165 -0.5543
vn -0.0508 -0.3999 0.9151
vn -0.0850 -0.4888 0.8683
vn -0.0698 -0.4446 0.8930
vn 0.3248 -0.2103 -0.9221
vn 0.3305 -0.2091 -0.9203
vn -0.3233 0.3930 -0.8608
vn -0.5673 0.4227 -0.7067
vn -0.4907 0.5261 -0.6945
vn -0.0461 -0.3813 0.9233
vn -0.0399 -0.3770 0.9253
vn 0.0721 -0.3152 -0.9463
vn 0.0859 -0.3085 -0.9473
vn 0.0840 -0.3095 -0.9472
vn -0.2727 0.3850 -0.8817
vn -0.0818 -0.4895 -0.8681
vn -0.0688 -0.4448 -0.8929
vn 0.2566 -0.2316 -0.9383
vn 0.2878 -0.2215 -0.9317
vn 0.4140 0.7309 -0.5424
vn 0.4032 0.7469 -0.5287
vn 0.3422 0.8538 -0.3923
vn 0.3517 0.8351 -0.4229
vn -0.7038 0.6065 -0.3699
vn -0.7038 0.5846 -0.4036
vn 0.3109 0.9281 -0.2047
vn 0.3138 0.9199 -0.2352
vn 0.4524 -0.7936 -0.4068
vn 0.4178 -0.8214 -0.3883
vn 0.5028 -0.7452 -0.4380
vn 0.5286 -0.7150 -0.4576
vn 0.3200 -0.8796 -0.3518
vn 0.3486 -0.8653 -0.3602
vn -0.0248 0.3544 0.9348
vn -0.2118 0.3783 0.9011
vn -0.0491 0.2497 0.9671
vn 0.0104 0.2701 0.9628
vn 0.0342 0.3443 0.9382
vn 0.0536 0.2654 0.9626
vn 0.0776 0.1780 0.9809
vn -0.0292 0.4273 0.9036
vn 0.0069 0.1721 0.9850
vn -0.1119 0.0000 -0.9937
vn 0.3309 -0.8871 0.3218
vn 0.3718 -0.8659 0.3346
vn -0.8784 0.0000 -0.4778
vn 0.0363 -0.3348 0.9416
vn 0.0386 -0.3335 0.9419
vn 0.0840 -0.3095 0.9472
vn 0.0859 -0.3085 0.9473
vn -0.0235 -0.3688 0.9292
vn -0.0334 -0.3749 0.9265
vn -0.0304 -0.3681 -0.9293
vn -0.0380 -0.3727 -0.9272
vn -0.5053 0.0000 0.8629
vn 0.0765 0.1860 -0.9796
vn 0.0386 0.1843 -0.9821
vn 0.0363 0.1833 -0.9824
vn 0.0833 0.1838 -0.9794
vn 0.2792 -0.9105 0.3051
vn -0.0612 -0.3865 -0.9203
vn -0.1100 0.0494 -0.9927
vn -0.1398 0.0351 -0.9895
vn -0.1742 -0.0275 -0.9843
vn -0.0714 0.0970 -0.9927
vn -0.0883 0.0638 -0.9940
vn -0.1714 0.0464 -0.9841
vn -0.1664 0.1114 -0.9797
vn 0.7057 -0.3518 -0.6149
vn 0.7028 -0.2472 -0.6670
vn 0.6894 -0.1743 -0.7030
vn 0.6898 -0.2068 -0.6938
vn 0.6912 -0.1567 -0.7054
vn 0.6944 -0.1730 -0.6985
vn -0.6486 0.2212 -0.7282
vn -0.4862 0.0448 0.8727
vn -0.9521 0.2735 -0.1367
vn -0.6486 0.2212 0.7282
vn -0.1727 -0.0053 0.9850
vn -0.1717 0.0453 0.9841
vn -0.1669 0.1108 0.9797
vn -0.1397 0.0351 0.9896
vn -0.1100 0.0493 0.9927
vn -0.0897 0.0602 0.9941
vn -0.0726 0.0968 0.9926
vn 0.6847 -0.2473 0.6856
vn 0.6825 -0.1203 0.7209
vn 0.6904 -0.1206 0.7132
vn 0.6814 -0.0590 0.7295
vn 0.7028 -0.2472 0.6670
vn 0.7057 -0.3517 0.6150
vn 0.2692 -0.2325 -0.9346
vn 0.4391 -0.1584 -0.8843
vn 0.3564 -0.1927 -0.9142
vn 0.4745 -0.1404 -0.8690
vn 0.3011 -0.2145 -0.9292
vn 0.2482 -0.2335 -0.9401
vn 0.2483 -0.2334 0.9401
vn 0.3424 -0.1806 0.9220
vn 0.2607 -0.2197 0.9401
vn 0.3713 -0.1694 0.9129
vn 0.3388 -0.1957 0.9203
vn -0.0522 0.1304 -0.9901
vn -0.1312 0.1733 -0.9761
vn 0.6787 -0.3344 -0.6539
vn 0.6540 -0.4552 -0.6042
vn -0.3231 0.3930 0.8609
vn -0.1313 0.1747 0.9758
vn -0.1004 0.2094 0.9726
vn -0.0519 0.1329 0.9897
vn -0.0291 0.1444 0.9891
vn 0.5716 -0.6524 0.4975
vn 0.6420 -0.5003 0.5810
vn 0.6622 -0.4299 0.6137
vn 0.1273 -0.2901 -0.9485
vn 0.1176 -0.2943 -0.9484
vn 0.1699 -0.2723 -0.9471
vn 0.1929 -0.2629 -0.9453
vn 0.2018 -0.2501 0.9470
vn 0.1738 -0.2663 0.9481
vn 0.1176 -0.2943 0.9484
vn 0.1274 -0.2901 0.9485
vn -0.0234 0.1677 -0.9855
vn -0.0955 0.2108 -0.9728
vn 0.4613 0.0998 -0.8816
vn 0.7462 0.0443 -0.6642
vn 0.7476 0.0524 -0.6620
vn 0.4366 0.1003 -0.8940
vn 0.5052 -0.2098 -0.8371
vn 0.5108 -0.1597 -0.8447
vn 0.4400 -0.3556 -0.8245
vn 0.4351 -0.3616 -0.8246
vn 0.7196 -0.6943 0.0094
vn 0.9032 -0.4291 -0.0034
vn 0.6535 -0.1850 -0.7340
vn 0.6590 -0.1649 -0.7338
vn 0.6209 -0.3491 -0.7019
vn 0.6070 -0.4922 -0.6238
vn 0.2831 -0.9013 -0.3280
vn 0.3089 -0.7133 -0.6290
vn 0.3581 -0.8848 -0.2980
vn 0.1315 -0.9895 -0.0604
vn 0.2899 -0.9535 -0.0820
vn 0.1340 -0.9589 -0.2500
vn 0.0464 -0.9778 -0.2041
vn 0.0445 -0.9978 -0.0492
vn 0.0000 -0.9989 -0.0475
vn 0.0147 -0.9987 -0.0476
vn 0.0150 -0.9802 -0.1972
vn 0.0000 -0.9804 -0.1969
vn 0.3710 -0.3804 -0.8472
vn 0.4350 -0.4107 -0.8012
vn 0.6460 -0.6138 -0.4537
vn 0.5925 -0.5369 -0.6005
vn 0.8370 -0.0780 -0.5416
vn 0.8341 -0.0773 -0.5461
vn 0.5025 0.1078 -0.8578
vn 0.5769 0.0491 -0.8153
vn -0.0546 0.7157 -0.6963
vn -0.0196 0.6337 -0.7732
vn -0.0375 0.5677 -0.8224
vn -0.0657 0.8049 -0.5897
vn 0.0000 0.9659 -0.2588
vn 0.0000 -0.9659 0.2589
vn 0.0000 -0.9659 0.2588
vn 0.9887 -0.0388 -0.1449
vn 0.0000 -0.2588 -0.9659
vn -0.1223 0.4894 -0.8634
vn -0.1556 0.4759 -0.8656
vn -0.1694 0.4653 -0.8688
vn -0.1393 0.4841 -0.8638
vn -0.1831 0.4476 -0.8753
vn -0.2133 0.3555 -0.9100
vn -0.2196 0.3646 -0.9049
vn -0.1989 0.4195 -0.8857
vn -0.0513 -0.3067 0.9504
vn -0.1084 -0.2868 0.9518
vn -0.3310 -0.1974 0.9227
vn -0.8551 0.2254 0.4668
vn 0.1773 -0.3746 0.9101
vn 0.9184 -0.3622 0.1591
vn 0.9155 -0.3646 0.1699
vn 0.8876 -0.3825 0.2564
vn -0.3877 -0.7092 -0.5888
vn -0.3564 -0.7573 -0.5472
vn -0.3960 -0.8314 -0.3896
vn -0.5410 -0.7208 -0.4332
vn -0.6859 -0.6356 -0.3543
vn 0.0874 -0.9960 -0.0145
vn 0.0894 -0.9958 -0.0204
vn 0.0855 -0.9963 -0.0090
vn -0.5091 0.8602 -0.0279
vn -0.2372 0.9681 0.0807
vn -0.2318 0.9695 0.0799
vn -0.2405 0.9702 0.0273
vn -0.3129 0.9198 -0.2365
vn -0.3396 0.9349 -0.1033
vn -0.0616 0.2911 -0.9547
vn 0.0709 0.0491 -0.9962
vn 0.0562 0.1335 -0.9894
vn 0.0464 0.1791 -0.9827
vn -0.1012 0.3564 -0.9288
vn 0.0000 0.9659 -0.2587
vn 0.9934 -0.0297 -0.1110
vn 0.9933 -0.0298 -0.1110
vn 0.0000 -0.2589 -0.9659
vn -0.2702 0.0138 -0.9627
vn -0.2571 0.0917 -0.9620
vn -0.2364 0.1745 -0.9558
vn -0.2451 0.0863 -0.9656
vn -0.2681 -0.1293 -0.9546
vn -0.3322 -0.0750 -0.9402
vn -0.3093 0.9346 -0.1755
vn -0.3716 0.9115 -0.1765
vn -0.2444 0.7661 -0.5943
vn -0.2912 0.7325 -0.6153
vn -0.3457 0.8513 -0.3948
vn -0.2891 0.8789 -0.3793
vn -0.0935 0.4913 -0.8660
vn -0.1069 0.4921 -0.8639
vn -0.2588 0.9496 -0.1769
vn -0.2073 0.7877 -0.5800
vn -0.2420 0.8972 -0.3693
vn -0.0743 0.4675 -0.8809
vn -0.0628 0.4956 -0.8662
vn -0.0856 0.4878 -0.8687
vn -0.0776 0.4775 -0.8751
vn -0.2247 0.9029 -0.3663
vn -0.1947 0.7920 -0.5785
vn -0.2400 0.9539 -0.1803
vn 0.2114 -0.9761 -0.0501
vn 0.2019 -0.9781 -0.0508
vn -0.2153 0.9025 -0.3729
vn -0.1831 0.7940 -0.5797
vn -0.2393 0.9509 -0.1961
vn -0.2606 -0.2929 -0.9199
vn -0.2496 -0.4257 -0.8697
vn -0.2739 -0.4744 -0.8366
vn -0.3043 -0.2961 -0.9054
vn -0.2532 -0.4707 -0.8451
vn -0.2644 -0.5209 -0.8116
vn -0.3063 -0.2332 -0.9229
vn -0.4447 0.3371 -0.8298
vn -0.5143 0.3793 -0.7691
vn -0.5108 0.4285 -0.7453
vn -0.4476 0.3768 -0.8110
vn -0.3545 0.0675 -0.9326
vn -0.5066 0.4946 -0.7062
vn -0.4541 0.4604 -0.7628
vn -0.3609 0.4374 -0.8237
vn -0.3851 0.3387 -0.8585
vn -0.9615 -0.0020 -0.2748
vn -0.9892 0.0671 -0.1303
vn -0.9293 -0.1180 -0.3497
vn -0.9254 -0.1577 -0.3445
vn -0.9238 0.2509 -0.2892
vn -0.9468 0.2549 -0.1965
vn -0.8924 0.0564 -0.4476
vn -0.2569 0.9656 -0.0405
vn -0.2567 0.9656 -0.0402
vn -0.2897 0.9533 -0.0847
vn -0.8802 -0.4034 -0.2500
vn -0.8799 -0.4568 -0.1307
vn -0.8941 -0.2962 -0.3359
vn -0.9053 -0.2592 -0.3365
vn -0.9669 -0.2205 -0.1286
vn -0.9665 -0.2204 -0.1315
vn -0.6283 -0.1190 0.7688
vn 0.2530 -0.9657 0.0578
vn 0.2529 -0.9658 0.0577
vn 0.0140 0.8961 -0.4436
vn -0.0170 0.8977 -0.4402
vn -0.0585 0.8916 -0.4490
vn 0.0307 0.6163 -0.7869
vn -0.0269 0.6182 -0.7855
vn 0.0051 0.6216 -0.7833
vn 0.0410 0.4635 -0.8851
vn -0.0085 0.4575 -0.8891
vn 0.0184 0.4636 -0.8858
vn -0.2229 0.5502 -0.8047
vn -0.3297 0.7941 -0.5106
vn -0.2798 0.8029 -0.5264
vn -0.1906 0.5623 -0.8046
vn -0.0707 0.6072 -0.7913
vn -0.1291 0.5872 -0.7990
vn -0.1973 0.8439 -0.4989
vn -0.1181 0.8750 -0.4694
vn -0.1635 0.4116 -0.8966
vn -0.1399 0.4187 -0.8973
vn -0.0429 0.4478 -0.8931
vn -0.0897 0.4338 -0.8965
vn -0.3216 0.9040 -0.2815
vn -0.3281 0.9046 -0.2719
vn -0.9460 -0.2155 -0.2422
vn 0.2836 -0.9536 0.1007
vn 0.5416 -0.8406 -0.0007
vn 0.7885 -0.1527 0.5958
vn 0.4245 -0.8429 0.3305
vn 0.3467 -0.8756 0.3363
vn 0.4808 -0.8732 0.0793
vn 0.4464 -0.8125 -0.3749
vn 0.3384 -0.8661 -0.3678
vn 0.7113 -0.4904 -0.5035
vn 0.7884 -0.1526 -0.5958
vn 0.4880 -0.7853 0.3809
vn 0.5338 -0.7466 0.3969
vn 0.2817 -0.8978 0.3384
vn 0.7113 -0.4904 0.5035
vn 0.6265 -0.6411 0.4431
vn 0.3614 -0.8643 -0.3496
vn 0.6536 -0.7231 -0.2236
vn -0.9763 0.0000 -0.2162
vn 0.0005 0.1738 -0.9848
vn -0.0137 0.1592 -0.9871
vn -0.1342 0.2813 -0.9502
vn -0.0987 0.2635 -0.9596
vn -0.5953 0.6933 -0.4061
vn -0.6914 0.5366 -0.4837
vn -0.6955 0.5269 -0.4884
vn -0.6044 0.6816 -0.4123
vn -0.0422 0.1834 -0.9821
vn 0.1209 0.9172 -0.3795
vn 0.3020 0.8203 -0.4856
vn 0.2727 0.8407 -0.4677
vn 0.0532 0.9386 -0.3408
vn 0.1122 0.2642 -0.9579
vn 0.1172 0.2855 -0.9512
vn 0.1218 0.2223 -0.9673
vn 0.1223 0.1723 -0.9774
vn 0.1254 0.1822 -0.9752
vn 0.1132 0.1797 -0.9772
vn 0.9615 -0.0182 -0.2742
vn 0.9700 -0.0145 -0.2427
vn 0.9854 -0.1398 -0.0964
vn 0.6020 -0.7740 0.1962
vn 0.4729 -0.8798 -0.0472
vn 0.5640 -0.8253 -0.0274
vn 0.5258 -0.1127 -0.8431
vn 0.5358 -0.1470 -0.8314
vn 0.6376 -0.4609 -0.6173
vn 0.5846 -0.2934 -0.7564
vn 0.5675 -0.2405 -0.7874
vn 0.6360 -0.4553 -0.6230
vn 0.9699 -0.2053 -0.1309
vn 0.9651 -0.2605 -0.0258
vn 0.9402 -0.0463 -0.3374
vn 0.9554 -0.0944 -0.2795
vn 0.9601 -0.1609 -0.2284
vn 0.6680 -0.5950 -0.4469
vn 0.6730 -0.6256 -0.3946
vn 0.9093 -0.0252 -0.4154
vn 0.6353 -0.1276 -0.7616
vn 0.6539 -0.1040 -0.7494
vn 0.4020 -0.2952 -0.8667
vn 0.5463 -0.2113 -0.8105
vn 0.5273 -0.2257 -0.8191
vn 0.4001 -0.2959 -0.8673
vn 0.2763 0.1238 -0.9530
vn 0.1971 0.1275 -0.9720
vn 0.2208 0.1309 -0.9665
vn 0.2611 0.1406 -0.9550
vn 0.2992 -0.3237 -0.8976
vn 0.3011 -0.3235 -0.8970
vn 0.4108 0.1521 -0.8989
vn 0.3942 0.1755 -0.9021
vn 0.1853 -0.1884 -0.9644
vn 0.1932 -0.1937 -0.9618
vn 0.1733 -0.3725 -0.9117
vn 0.5571 -0.1893 -0.8086
vn 0.4566 0.0725 -0.8867
vn 0.4772 0.0319 -0.8782
vn 0.5416 -0.1356 -0.8296
vn 0.1655 -0.0721 -0.9836
vn 0.5970 -0.5003 -0.6271
vn 0.5911 -0.3615 -0.7210
vn 0.4435 -0.3910 -0.8065
vn 0.4317 -0.3977 -0.8096
vn 0.7933 -0.2020 -0.5743
vn 0.5953 -0.3109 -0.7409
vn 0.6038 -0.3063 -0.7359
vn 0.7812 -0.2089 -0.5882
vn 0.3792 -0.9111 -0.1617
vn 0.4655 -0.8766 -0.1223
vn 0.9125 -0.1281 -0.3884
vn 0.9009 -0.1352 -0.4124
vn 0.1705 0.0927 -0.9810
vn 0.1992 0.1097 -0.9738
vn 0.2166 -0.3762 -0.9008
vn -0.8262 -0.3422 -0.4476
vn -0.8819 -0.3653 -0.2979
vn -0.9546 0.0000 -0.2979
vn -0.8942 0.0000 -0.4476
vn -0.6323 -0.6323 -0.4476
vn -0.6750 -0.6750 -0.2979
vn -0.6402 -0.2652 -0.7209
vn -0.3881 -0.1608 -0.9075
vn -0.2970 -0.2971 -0.9075
vn -0.4900 -0.4900 -0.7209
vn -0.6930 0.0000 -0.7209
vn -0.4201 0.0000 -0.9074
vn -0.8819 0.3653 -0.2979
vn -0.8262 0.3422 -0.4476
vn -0.6402 0.2652 -0.7209
vn -0.3881 0.1607 -0.9075
vn -0.1607 -0.3881 -0.9074
vn -0.2651 -0.6402 -0.7209
vn -0.3422 -0.8261 -0.4476
vn -0.3653 -0.8819 -0.2979
vn -0.6750 0.6750 -0.2979
vn -0.6323 0.6323 -0.4476
vn -0.4900 0.4900 -0.7209
vn -0.2971 0.2970 -0.9075
vn 0.0000 -0.4201 -0.9074
vn 0.0000 -0.6930 -0.7209
vn 0.0000 -0.8942 -0.4476
vn 0.0000 -0.9546 -0.2979
vn 0.1607 -0.3882 -0.9074
vn 0.2651 -0.6402 -0.7209
vn 0.3422 -0.8261 -0.4476
vn 0.3653 -0.8819 -0.2979
vn 0.2970 -0.2971 -0.9074
vn 0.4900 -0.4900 -0.7209
vn 0.6323 -0.6323 -0.4476
vn 0.6750 -0.6750 -0.2979
vn 0.3881 -0.1608 -0.9074
vn 0.6402 -0.2652 -0.7209
vn 0.8262 -0.3422 -0.4476
vn 0.8819 -0.3653 -0.2979
vn 0.1444 0.0000 -0.9895
vn 0.1334 -0.0553 -0.9895
vn 0.4201 0.0000 -0.9074
vn 0.6930 0.0000 -0.7209
vn 0.8942 0.0000 -0.4476
vn 0.9546 0.0000 -0.2979
vn 0.1334 0.0553 -0.9895
vn 0.3881 0.1608 -0.9074
vn 0.6402 0.2652 -0.7209
vn 0.8261 0.3422 -0.4476
vn 0.8819 0.3653 -0.2979
vn 0.2971 0.2970 -0.9075
vn 0.4900 0.4900 -0.7209
vn 0.6323 0.6323 -0.4476
vn 0.6750 0.6750 -0.2979
vn 0.1607 0.3881 -0.9074
vn 0.2652 0.6402 -0.7209
vn 0.3422 0.8262 -0.4476
vn 0.3653 0.8819 -0.2979
vn 0.0000 0.4201 -0.9074
vn 0.0000 0.6930 -0.7209
vn 0.0000 0.8942 -0.4476
vn 0.0000 0.9546 -0.2979
vn -0.1607 0.3881 -0.9075
vn -0.2652 0.6402 -0.7209
vn -0.3422 0.8262 -0.4476
vn -0.3653 0.8819 -0.2979
vn -0.1021 -0.1021 -0.9895
vn -0.1334 -0.0553 -0.9895
vn -0.1444 0.0000 -0.9895
vn -0.1334 0.0553 -0.9895
vn -0.0552 -0.1335 -0.9895
vn -0.1021 0.1021 -0.9895
vn 0.0000 -0.1445 -0.9895
vn 0.0553 -0.1335 -0.9895
vn 0.1021 -0.1021 -0.9895
vn 0.1021 0.1021 -0.9895
vn 0.0553 0.1334 -0.9895
vn 0.0000 0.1444 -0.9895
vn -0.0553 0.1334 -0.9895
vn -0.7413 -0.2285 -0.6310
vn -0.2089 0.9779 0.0000
vn -0.6051 0.7962 0.0000
vn 0.6051 0.7962 0.0000
vn 0.0000 0.1415 -0.9899
vn 0.0000 0.1416 -0.9899
vn 0.0000 0.2587 0.9659
vn -0.9136 -0.1053 -0.3926
vn -0.9136 -0.1052 -0.3926
vn 0.0000 0.9659 -0.2589
vn -0.7699 0.1652 0.6164
vn -0.5685 0.2130 0.7946
vn 0.5685 0.2130 0.7946
vn 0.7313 0.1765 0.6587
vn 0.0000 0.2589 0.9659
vn -0.9789 -0.0529 -0.1975
vn -0.9775 0.0546 0.2037
vn 0.9980 0.0161 0.0599
vn 0.9980 0.0160 0.0599
vn 0.9260 0.0977 0.3647
vn -0.8637 -0.1304 -0.4868
vn -0.6971 0.1856 0.6925
vn -0.5450 0.2170 0.8098
vn 0.5451 0.2170 0.8098
vn 0.6575 0.1950 0.7277
vn 0.0000 -0.9659 0.2586
vn -0.9606 -0.0719 -0.2686
vn -0.9605 -0.0719 -0.2686
vn -0.9597 0.0727 0.2712
vn -0.9598 0.0727 0.2712
vn 0.9980 0.0164 0.0613
vn 0.8800 0.1229 0.4587
vn 0.8800 0.1230 0.4588
vn 0.0000 -0.9659 0.2587
vn 0.7465 -0.6653 -0.0000
vn 0.7471 -0.6647 -0.0020
vn 0.2951 -0.9540 -0.0519
vn 0.7300 -0.6759 -0.1011
vn 0.7483 -0.6604 -0.0631
vn 0.6016 -0.7958 -0.0694
vn 0.2978 -0.9493 -0.1008
vn 0.0905 -0.9958 -0.0059
vn 0.0902 -0.9959 -0.0057
vn 0.0903 -0.9959 -0.0058
vn 0.0899 -0.9959 -0.0053
vn 0.5740 -0.8173 -0.0506
vn 0.8227 -0.5671 -0.0399
vn 0.7000 -0.6966 -0.1574
vn 0.5414 -0.8379 -0.0693
vn 0.4191 -0.9055 -0.0661
vn 0.0973 -0.9727 -0.2105
vn 0.0757 -0.9800 -0.1837
vn 0.3500 -0.9345 -0.0645
vn 0.7225 -0.6875 -0.0725
vn 0.0897 -0.9959 -0.0051
vn 0.2988 -0.9524 -0.0599
vn 0.2457 -0.9679 -0.0527
vn 0.8137 -0.5797 -0.0416
vn 0.3793 -0.9157 -0.1327
vn 0.0000 -0.9911 -0.1327
vn -0.9911 0.0000 -0.1327
vn -0.9157 0.3793 -0.1327
vn 0.3793 0.9157 -0.1327
vn 0.7008 0.7008 -0.1328
vn 0.7009 -0.7008 -0.1327
vn -0.9157 -0.3793 -0.1327
vn 0.0000 0.9911 -0.1327
vn 0.9157 -0.3793 -0.1327
vn -0.7008 -0.7008 -0.1327
vn -0.3793 0.9157 -0.1327
vn 0.9911 0.0000 -0.1327
vn -0.3793 -0.9157 -0.1327
vn -0.7008 0.7009 -0.1327
vn 0.9157 0.3793 -0.1327
vn -0.4492 0.8497 0.2759
vn -0.4492 0.8497 -0.2759
vn -0.0122 0.6929 0.7209
vn -0.0291 0.5554 0.8311
vn 0.0165 0.5397 0.8417
vn -0.2097 0.6975 0.6851
vn -0.1485 0.5637 0.8125
vn -0.1049 0.5659 0.8177
vn -0.1105 0.4866 -0.8665
vn -0.2097 0.6975 -0.6852
vn 0.0291 0.4660 -0.8843
vn -0.2909 0.8744 -0.3881
vn 0.0290 0.3468 -0.9375
vn -0.0200 0.3550 -0.9346
vn -0.4491 0.5743 -0.6844
vn -0.4311 0.0392 0.9014
vn -0.4491 0.5743 0.6844
vn -0.2795 0.8480 0.4503
vn -0.2768 0.8488 0.4505
vn -0.3353 0.8253 0.4544
vn -0.3283 0.8290 0.4527
vn 0.2976 0.9539 -0.0377
vn 0.2974 0.9541 -0.0347
vn -0.6536 0.7219 0.2272
vn -0.6561 0.7205 0.2245
vn -0.4122 0.4726 -0.7789
vn -0.4316 0.4462 -0.7840
vn -0.4200 0.4903 -0.7637
vn -0.4136 0.4893 -0.7677
vn -0.3912 0.7221 -0.5705
vn -0.4248 0.5601 -0.7112
vn -0.4363 0.1511 -0.8870
vn -0.3562 0.1644 -0.9198
vn -0.5567 0.1956 -0.8073
vn -0.5422 0.2115 -0.8132
vn -0.3767 0.7667 -0.5199
vn -0.3540 0.8149 0.4588
vn -0.3189 0.8445 0.4302
vn -0.3453 0.8386 0.4214
vn -0.2732 0.8327 0.4816
vn -0.2852 0.8308 0.4779
vn -0.2915 0.8297 0.4759
vn 0.1729 -0.5791 -0.7967
vn 0.4112 0.8981 0.1556
vn -0.8362 -0.0731 -0.5434
vn -0.3035 0.8276 0.4721
vn -0.9985 0.0531 0.0123
vn -0.9987 0.0497 0.0079
vn -0.9965 0.0739 0.0392
vn -0.2404 0.8082 0.5376
vn -0.9994 0.0291 -0.0188
vn 0.3610 -0.5110 -0.7801
vn 0.4330 -0.4834 -0.7608
vn 0.4279 -0.4855 -0.7624
vn 0.4974 -0.4550 -0.7386
vn -0.6989 0.6928 -0.1775
vn -0.7636 0.5919 -0.2580
vn -0.1573 0.1071 -0.9817
vn -0.1502 0.1227 -0.9810
vn -0.1625 0.0953 -0.9821
vn -0.1606 0.1733 -0.9716
vn -0.1509 0.1502 -0.9771
vn -0.3782 0.6065 -0.6994
vn -0.3955 0.5476 -0.7374
vn -0.4322 0.4550 -0.7785
vn -0.4096 0.5080 -0.7577
vn -0.5011 -0.7750 -0.3851
vn 0.3401 0.8155 0.4683
vn -0.2490 0.5787 -0.7766
vn -0.2651 0.5357 -0.8017
vn 0.3767 -0.6894 -0.6188
vn -0.3131 0.7200 0.6193
vn -0.2077 0.3771 0.9026
vn -0.6168 -0.6102 -0.4971
vn -0.1873 0.2268 0.9557
vn 0.7449 0.6517 0.1429
vn 0.7440 0.6520 0.1457
vn 0.7183 0.6597 0.2209
vn -0.8035 0.4601 -0.3777
vn -0.8027 0.4844 -0.3478
vn 0.4579 0.8829 0.1041
vn 0.4585 0.8827 0.1025
vn -0.7262 -0.6588 -0.1965
vn 0.4379 0.8863 0.1504
vn -0.0409 0.3702 -0.9280
vn -0.0410 0.3721 -0.9273
vn -0.0415 0.3805 -0.9238
vn -0.0439 0.3677 -0.9289
vn 0.0562 0.3327 -0.9413
vn 0.0703 0.3225 -0.9439
vn 0.0702 0.3227 -0.9439
vn 0.0702 0.3224 -0.9440
vn -0.9701 0.1824 -0.1601
vn -0.9683 0.1905 -0.1615
vn -0.2679 0.8875 -0.3749
vn -0.2618 0.8880 -0.3779
vn -0.4519 0.6738 -0.5846
vn -0.4314 0.5430 -0.7204
vn -0.3839 0.3518 -0.8537
vn -0.2960 0.8940 -0.3363
vn -0.3029 0.8977 -0.3198
vn -0.4828 0.7651 -0.4259
vn -0.4781 0.7644 -0.4324
vn -0.3987 0.8924 -0.2115
vn -0.3745 0.8971 -0.2344
vn -0.4555 0.8273 -0.3287
vn -0.4136 0.8688 -0.2722
vn -0.3206 0.9336 -0.1599
vn -0.2814 0.9521 -0.1199
vn -0.9221 0.3152 0.2244
vn -0.7104 0.5133 -0.4815
vn -0.7131 0.5005 -0.4909
vn -0.7348 0.5862 0.3413
vn -0.7370 0.5708 0.3620
vn -0.7402 0.5347 0.4077
vn 0.3334 0.9171 0.2186
vn 0.3303 0.9219 0.2025
vn -0.7281 0.6583 0.1911
vn -0.7289 0.6498 0.2155
vn 0.3076 0.9515 -0.0043
vn 0.3079 0.9514 0.0029
vn -0.9221 0.3152 -0.2244
vn -0.3270 0.8803 -0.3436
vn -0.2886 0.9002 -0.3261
vn -0.2522 0.9170 -0.3091
vn -0.0923 0.9446 -0.3150
vn -0.1577 0.9402 -0.3020
vn -0.1473 0.9412 -0.3041
vn -0.1194 0.9776 -0.1731
vn -0.2577 0.9539 -0.1537
vn -0.2257 0.9598 -0.1664
vn -0.1231 0.9771 -0.1735
vn -0.9133 0.3500 -0.2082
vn -0.9017 0.3648 0.2321
vn -0.9521 0.2735 0.1367
vn -0.9114 0.3539 -0.2098
vn -0.9021 0.4083 -0.1398
vn -0.9021 0.4082 0.1398
vn 0.6711 -0.3529 0.6520
vn 0.6820 -0.3318 0.6517
vn 0.5589 -0.5291 0.6384
vn 0.5626 -0.5242 0.6392
vn -0.1481 -0.9505 0.2731
vn -0.1554 -0.9509 0.2677
vn -0.2317 -0.9499 0.2095
vn -0.2481 -0.9486 0.1964
vn 0.3700 0.9242 -0.0942
vn 0.3563 0.9283 -0.1062
vn 0.3222 0.9369 -0.1356
vn 0.3208 0.9372 -0.1368
vn -0.6733 0.3488 -0.6520
vn -0.6672 0.3601 -0.6520
vn -0.5511 0.5394 -0.6366
vn -0.5399 0.5537 -0.6340
vn -0.3185 0.9393 -0.1275
vn -0.3105 0.9424 -0.1245
vn -0.3569 0.9242 -0.1359
vn -0.3602 0.9228 -0.1363
vn -0.4233 0.8959 -0.1346
vn -0.4298 0.8929 -0.1338
vn -0.4980 0.8583 -0.1237
vn -0.4866 0.8645 -0.1257
vn -0.2643 0.6958 -0.6678
vn -0.2186 0.7313 -0.6460
vn -0.3962 0.9017 -0.1729
vn -0.3761 0.8597 -0.3455
vn -0.3181 0.7346 -0.5993
vn -0.2885 0.6743 -0.6797
vn -0.2768 0.9546 -0.1094
vn -0.2860 0.9514 -0.1139
vn -0.1931 0.7472 -0.6359
vn -0.2452 0.9658 -0.0840
vn -0.2607 0.9602 -0.1003
vn -0.1814 0.8122 -0.5545
vn -0.1687 0.7573 -0.6309
vn -0.1816 0.7521 -0.6335
vn -0.2241 0.9246 -0.3080
vn -0.2464 0.9461 -0.2101
vn -0.2564 0.9615 -0.0987
vn -0.1497 0.7112 -0.6868
vn -0.1547 0.7433 -0.6507
vn -0.1487 0.7233 -0.6743
vn -0.1605 0.7722 -0.6148
vn -0.1616 0.7719 -0.6149
vn -0.1325 0.6667 -0.7335
vn -0.1359 0.7120 -0.6889
vn -0.1573 0.6841 -0.7122
vn -0.1715 0.8137 -0.5554
vn -0.1911 0.6427 -0.7419
vn -0.2144 0.6172 -0.7570
vn -0.2046 0.6280 -0.7508
vn -0.1809 0.6535 -0.7350
vn -0.1594 0.6833 -0.7125
vn -0.1585 0.7099 -0.6862
vn -0.1592 0.6783 -0.7173
vn -0.1601 0.7158 -0.6796
vn -0.1573 0.7365 -0.6579
vn -0.4958 0.8572 -0.1388
vn -0.5037 0.8537 -0.1319
vn -0.4716 0.8686 -0.1522
vn -0.4657 0.8715 -0.1534
vn -0.3080 0.4854 -0.8182
vn -0.3184 0.4637 -0.8267
vn -0.3553 0.4841 -0.7996
vn -0.3611 0.3662 -0.8576
vn -0.3966 0.2829 -0.8733
vn -0.5056 0.5097 -0.6961
vn -0.5028 0.4986 -0.7060
vn -0.5383 0.4203 -0.7305
vn -0.5507 0.3878 -0.7392
vn -0.4582 0.4972 -0.7367
vn -0.2546 0.5737 -0.7784
vn -0.2823 0.5316 -0.7985
vn -0.2727 0.5466 -0.7917
vn -0.2444 0.5887 -0.7705
vn -0.4770 0.8636 -0.1631
vn -0.4778 0.8648 -0.1545
vn -0.3838 0.6996 -0.6026
vn -0.4521 0.8206 -0.3495
vn -0.4278 0.7779 -0.4602
vn -0.6256 0.7570 -0.1886
vn -0.6271 0.7586 -0.1767
vn -0.7225 0.6640 -0.1924
vn -0.7205 0.6621 -0.2059
vn -0.7072 0.6500 -0.2781
vn -0.8523 0.4702 -0.2291
vn -0.8546 0.4716 -0.2170
vn -0.9641 0.2081 -0.1647
vn -0.6164 0.7462 -0.2515
vn -0.8307 0.4578 -0.3166
vn 0.3994 0.7345 -0.5486
vn 0.4104 0.7222 -0.5567
vn -0.1213 0.9630 -0.2406
vn -0.2112 0.9589 -0.1892
vn -0.4115 0.8581 -0.3070
vn -0.4325 0.8441 -0.3169
vn -0.1666 0.9641 -0.2067
vn -0.1977 0.9557 -0.2180
vn -0.7509 0.1697 -0.6382
vn -0.7461 0.1834 -0.6401
vn -0.7482 -0.5726 -0.3351
vn -0.8074 -0.0634 -0.5865
vn -0.8086 -0.0717 -0.5840
vn -0.7758 -0.4992 -0.3858
vn -0.4294 -0.9022 0.0402
vn -0.5118 -0.8581 -0.0401
vn 0.6780 -0.3395 0.6519
vn 0.6621 -0.3695 0.6519
vn 0.2009 -0.8453 0.4951
vn 0.4718 -0.6326 0.6142
vn 0.4759 -0.6281 0.6156
vn 0.1672 -0.8630 0.4767
vn -0.0266 -0.9333 0.3582
vn -0.0573 -0.9395 0.3375
vn 0.3635 0.9262 -0.0999
vn 0.3923 0.9168 -0.0742
vn 0.5816 0.8054 0.1144
vn 0.7421 0.5860 0.3251
vn 0.6482 0.7367 0.1928
vn 0.6182 -0.4437 0.6487
vn 0.6085 -0.4588 0.6475
vn -0.4241 0.6804 -0.5976
vn -0.4113 0.6925 -0.5927
vn -0.2325 0.8271 -0.5117
vn 0.0757 0.9427 -0.3249
vn 0.0178 0.9312 -0.3641
vn -0.2369 0.8244 -0.5140
vn 0.2721 0.9458 -0.1772
vn 0.3324 0.9345 -0.1268
vn 0.7057 -0.2824 0.6497
vn 0.0000 -0.0001 -1.0000
usemtl sh3
s 1
f 1/1/1 2/2/2 3/3/3 4/4/4
f 5/5/5 6/6/6 7/7/7 8/8/8
f 9/9/9 10/10/10 11/11/11 12/12/12
f 13/13/13 5/5/5 8/8/8 14/14/14
f 15/15/15 16/16/16 17/17/17 18/18/18
f 16/16/16 9/19/9 12/20/12 17/17/17
f 19/21/19 1/1/1 4/4/4 20/22/20
f 6/6/6 21/23/21 22/24/22 7/7/7
f 2/2/2 15/15/15 18/18/18 3/3/3
f 23/25/23 19/21/19 20/22/20 24/26/24
f 10/10/10 13/13/13 14/14/14 11/11/11
f 25/27/25 26/28/26 27/29/27 28/30/28
f 29/31/29 30/32/30 31/33/31 32/34/32
f 30/32/30 33/35/33 34/36/34 31/33/31
f 33/35/33 25/27/25 28/30/28 34/36/34
f 35/37/35 36/38/36 37/39/37 38/40/38
f 39/41/39 35/37/35 38/40/38 40/42/40
f 41/43/41 29/31/29 32/34/32 42/44/42
f 40/42/40 27/29/27 26/28/26 39/41/39
f 43/45/43 44/46/44 45/47/44 46/48/45
f 36/38/36 43/45/43 46/48/45 37/39/37
f 44/46/44 47/49/46 48/50/47 45/47/44
f 47/49/46 41/43/41 42/44/42 48/50/47
f 49/51/48 50/52/49 51/53/50 52/54/51
f 53/55/52 54/56/53 50/52/49 49/51/48
f 55/57/54 56/58/55 54/56/53 53/55/52
f 57/59/56 58/60/57 56/58/55 55/57/54
f 59/61/58 60/62/59 58/60/57 57/59/56
f 61/63/60 62/64/61 60/62/59 59/61/58
f 63/65/62 64/66/63 62/64/61 61/63/60
f 65/67/64 66/68/65 64/66/63 63/65/62
f 67/69/66 68/70/67 66/68/65 65/67/64
f 69/71/68 70/72/69 68/73/67 67/74/66
f 71/75/70 72/76/71 70/72/69 69/71/68
f 52/54/51 51/53/50 72/76/71 71/75/70
f 50/52/49 73/77/72 74/78/73 51/53/50
f 54/56/53 75/79/74 73/77/72 50/52/49
f 56/58/55 76/80/75 75/79/74 54/56/53
f 58/60/57 77/81/76 76/80/75 56/58/55
f 60/62/59 78/82/77 77/81/76 58/60/57
f 62/64/61 79/83/78 78/82/77 60/62/59
f 64/66/63 80/84/79 79/83/78 62/64/61
f 66/68/65 81/85/80 80/84/79 64/66/63
f 68/70/67 82/86/81 81/85/80 66/68/65
f 70/72/69 83/87/82 82/88/81 68/73/67
f 72/76/71 84/89/83 83/87/82 70/72/69
f 51/53/50 74/78/73 84/89/83 72/76/71
f 73/77/72 85/90/84 86/91/85 74/78/73
f 75/79/74 87/92/86 85/90/84 73/77/72
f 76/80/75 88/93/87 87/92/86 75/79/74
f 77/81/76 89/94/88 88/93/87 76/80/75
f 78/82/77 90/95/89 89/94/88 77/81/76
f 79/83/78 91/96/90 90/95/89 78/82/77
f 80/84/79 92/97/91 91/96/90 79/83/78
f 81/85/80 93/98/92 92/97/91 80/84/79
f 82/86/81 94/99/93 93/98/92 81/85/80
f 83/87/82 95/100/94 94/101/93 82/88/81
f 84/89/83 96/102/95 95/100/94 83/87/82
f 74/78/73 86/91/85 96/102/95 84/89/83
f 85/90/84 97/103/96 98/104/97 86/91/85
f 87/92/86 99/105/98 97/103/96 85/90/84
f 88/93/87 100/106/99 99/105/98 87/92/86
f 89/94/88 101/107/100 100/106/99 88/93/87
f 90/95/89 102/108/101 101/107/100 89/94/88
f 91/96/90 103/109/102 102/108/101 90/95/89
f 92/97/91 104/110/103 103/109/102 91/96/90
f 93/98/92 105/111/104 104/110/103 92/97/91
f 94/99/93 106/112/105 105/111/104 93/98/92
f 95/100/94 107/113/106 106/114/105 94/101/93
f 96/102/95 108/115/107 107/113/106 95/100/94
f 86/91/85 98/104/97 108/115/107 96/102/95
f 97/103/96 109/116/108 110/117/109 98/104/97
f 99/105/98 111/118/110 109/116/108 97/103/96
f 100/106/99 112/119/111 111/118/110 99/105/98
f 101/107/100 113/120/112 112/119/111 100/106/99
f 102/108/101 114/121/113 113/120/112 101/107/100
f 103/109/102 115/122/114 114/121/113 102/108/101
f 104/110/103 116/123/115 115/122/114 103/109/102
f 105/111/104 117/124/116 116/123/115 104/110/103
f 106/112/105 118/125/117 117/124/116 105/111/104
f 107/113/106 119/126/118 118/127/117 106/114/105
f 108/115/107 120/128/119 119/126/118 107/113/106
f 98/104/97 110/117/109 120/128/119 108/115/107
f 109/116/108 121/129/120 122/130/121 110/117/109
f 111/118/110 123/131/122 121/129/120 109/116/108
f 112/119/111 124/132/123 123/131/122 111/118/110
f 113/120/112 125/133/124 124/132/123 112/119/111
f 114/121/113 126/134/125 125/133/124 113/120/112
f 115/122/114 127/135/126 126/134/125 114/121/113
f 116/123/115 128/136/127 127/135/126 115/122/114
f 117/124/116 129/137/128 128/136/127 116/123/115
f 118/125/117 130/138/129 129/137/128 117/124/116
f 119/126/118 131/139/130 130/140/129 118/127/117
f 120/128/119 132/141/131 131/139/130 119/126/118
f 110/117/109 122/130/121 132/141/131 120/128/119
f 121/129/120 133/142/132 134/143/133 122/130/121
f 123/131/122 135/144/134 133/142/132 121/129/120
f 124/132/123 136/145/135 135/144/134 123/131/122
f 125/133/124 137/146/136 136/145/135 124/132/123
f 126/134/125 138/147/137 137/146/136 125/133/124
f 127/135/126 139/148/138 138/147/137 126/134/125
f 128/136/127 140/149/139 139/148/138 127/135/126
f 129/137/128 141/150/140 140/149/139 128/136/127
f 130/138/129 142/151/141 141/150/140 129/137/128
f 131/139/130 143/152/142 142/153/141 130/140/129
f 132/141/131 144/154/143 143/152/142 131/139/130
f 122/130/121 134/143/133 144/154/143 132/141/131
f 133/142/132 145/155/144 146/156/145 134/143/133
f 135/144/134 147/157/146 145/155/144 133/142/132
f 136/145/135 148/158/147 147/157/146 135/144/134
f 137/146/136 149/159/148 148/158/147 136/145/135
f 138/147/137 150/160/149 149/159/148 137/146/136
f 139/148/138 151/161/150 150/160/149 138/147/137
f 140/149/139 152/162/151 151/161/150 139/148/138
f 141/150/140 153/163/152 152/162/151 140/149/139
f 142/151/141 154/164/153 153/163/152 141/150/140
f 143/152/142 155/165/154 154/166/153 142/153/141
f 144/154/143 156/167/155 155/165/154 143/152/142
f 134/143/133 146/156/145 156/167/155 144/154/143
f 145/155/144 157/168/156 158/169/157 146/156/145
f 147/157/146 159/170/158 157/168/156 145/155/144
f 148/158/147 160/171/159 159/170/158 147/157/146
f 149/159/148 161/172/160 160/171/159 148/158/147
f 150/160/149 162/173/161 161/172/160 149/159/148
f 151/161/150 163/174/162 162/173/161 150/160/149
f 152/162/151 164/175/163 163/174/162 151/161/150
f 153/163/152 165/176/164 164/175/163 152/162/151
f 154/164/153 166/177/165 165/176/164 153/163/152
f 155/165/154 167/178/166 166/179/165 154/166/153
f 156/167/155 168/180/167 167/178/166 155/165/154
f 146/156/145 158/169/157 168/180/167 156/167/155
f 157/168/156 169/181/168 170/182/169 158/169/157
f 159/170/158 171/183/170 169/181/168 157/168/156
f 160/171/159 172/184/171 171/183/170 159/170/158
f 161/172/160 173/185/172 172/184/171 160/171/159
f 162/173/161 174/186/173 173/185/172 161/172/160
f 163/174/162 175/187/174 174/186/173 162/173/161
f 164/175/163 176/188/175 175/187/174 163/174/162
f 165/176/164 177/189/176 176/188/175 164/175/163
f 166/177/165 178/190/177 177/189/176 165/176/164
f 167/178/166 179/191/178 178/192/177 166/179/165
f 168/180/167 180/193/179 179/191/178 167/178/166
f 158/169/157 170/182/169 180/193/179 168/180/167
f 169/181/168 181/194/180 182/195/181 170/182/169
f 171/183/170 183/196/182 181/194/180 169/181/168
f 172/184/171 184/197/183 183/196/182 171/183/170
f 173/185/172 185/198/184 184/197/183 172/184/171
f 174/186/173 186/199/185 185/198/184 173/185/172
f 175/187/174 187/200/186 186/199/185 174/186/173
f 176/188/175 188/201/187 187/200/186 175/187/174
f 177/189/176 189/202/188 188/201/187 176/188/175
f 178/190/177 190/203/189 189/202/188 177/189/176
f 179/191/178 191/204/190 190/205/189 178/192/177
f 180/193/179 192/206/191 191/204/190 179/191/178
f 170/182/169 182/195/181 192/206/191 180/193/179
f 193/207/192 194/208/193 195/209/193 196/210/192
f 197/211/194 198/212/194 199/213/194 200/214/194
f 201/215/195 202/216/196 203/217/196 204/218/195
f 198/212/194 205/219/197 206/220/197 199/213/194
f 205/219/197 207/221/198 208/222/198 206/220/197
f 209/223/195 210/224/199 211/225/199 212/226/195
f 213/227/193 201/215/195 204/218/195 214/228/193
f 207/221/198 213/227/193 214/228/193 208/222/198
f 200/214/194 215/229/196 216/230/196 197/211/194
f 202/216/196 209/223/195 212/226/195 203/217/196
f 210/224/199 193/207/192 196/210/192 211/225/199
f 21/23/21 23/25/23 24/26/24 22/24/22
f 194/208/193 216/230/196 215/229/196 195/209/193
f 217/231/200 218/232/201 219/233/201 220/234/200
f 221/235/202 222/236/203 223/237/204
f 224/238/205 225/239/206 226/240/206 227/241/205
f 228/242/207 229/243/208 230/244/208 231/245/209
f 232/246/210 224/238/205 227/241/205 233/247/210
f 234/248/211 235/249/212 236/250/212 237/251/211
f 237/251/211 230/244/208 229/243/208 234/248/211
f 238/252/213 239/253/214 240/254/214 241/255/213
f 239/253/214 228/242/207 231/245/209 240/254/214
f 225/239/206 238/256/213 241/257/213 226/240/206
f 235/249/212 242/258/215 243/259/215 236/250/212
f 218/232/201 232/246/210 233/247/210 219/233/201
f 242/258/215 217/231/200 220/234/200 243/259/215
f 244/260/216 245/261/217 246/262/217 247/263/216
f 248/264/218 249/265/219 250/266/220 251/267/221
f 252/268/222 253/269/223 254/270/224 255/271/225
f 253/269/223 256/272/226 257/273/227 254/270/224
f 256/272/226 258/274/228 248/264/218 257/273/227
f 258/274/228 259/275/229 249/265/219 248/264/218
f 259/275/229 260/276/230 261/277/231 249/265/219
f 262/278/232 263/279/233 264/280/234 265/281/235
f 266/282/236 267/283/237 268/284/238 269/285/239
f 268/284/238 267/283/237 262/278/232 265/281/235
f 270/286/240 271/287/241 272/288/242 273/289/243
f 274/290/244 275/291/244 276/292/244 277/293/244
f 278/294/245 279/295/246 280/296/247 281/297/248
f 282/298/249 283/299/250 284/300/251 285/301/252
f 286/302/253 287/303/254 271/287/241 270/286/240
f 288/304/255 289/305/256 279/295/246 278/294/245
f 290/306/257 291/307/258 283/299/250 282/298/249
f 292/308/259 293/309/260 287/303/254 286/302/253
f 294/310/261 295/311/262 289/305/256 288/304/255
f 296/312/263 297/313/264 291/307/258 290/306/257
f 298/314/265 299/315/266 293/309/260 292/308/259
f 300/316/267 301/317/268 295/311/262 294/310/261
f 302/318/269 303/319/270 297/313/264 296/312/263
f 304/320/271 305/321/272 299/315/266 298/314/265
f 273/289/243 272/288/242 301/317/268 300/316/267
f 281/297/248 280/296/247 303/319/270 302/318/269
f 285/301/252 284/300/251 305/322/272 304/323/271
f 306/324/273 307/325/273 308/326/273
f 306/324/273 309/327/273 310/328/273
f 306/324/273 310/328/273 311/329/273
f 306/324/273 311/329/273 312/330/273
f 306/324/273 313/331/273 314/332/273
f 306/324/273 315/333/273 316/334/273
f 306/324/273 316/334/273 313/331/273
f 306/324/273 317/335/273 309/327/273
f 306/324/273 318/336/273 317/335/273
f 319/337/273 318/336/273 306/324/273
f 306/324/273 312/330/273 320/338/273
f 306/324/273 314/332/273 321/339/273
f 306/324/273 321/339/273 322/340/273
f 306/324/273 320/338/273 307/325/273
f 306/324/273 308/326/273 315/333/273
f 322/340/273 319/337/273 306/324/273
f 323/341/274 324/342/275 325/343/276 326/344/277
f 327/345/278 328/346/279 329/347/280 330/348/281
f 331/349/282 332/350/283 333/351/284 334/352/285
f 335/353/286 336/354/287 324/342/275 323/341/274
f 337/355/288 338/356/289 328/346/279 327/345/278
f 339/357/290 340/358/291 341/359/292 342/360/293
f 343/361/294 344/362/295 345/363/296 346/364/294
f 347/365/297 348/366/298 349/367/298 350/368/299
f 351/369/300 352/370/301 353/371/302 354/372/303
f 355/373/304 356/374/305 357/375/305 358/376/306
f 359/377/307 360/378/308 361/379/309 362/380/310
f 363/381/311 359/382/307 362/383/310 364/384/312
f 356/385/305 365/386/313 366/387/314 357/388/305
f 367/389/315 355/373/304 358/376/306 368/390/316
f 369/391/317 363/381/311 364/384/312 370/392/318
f 371/393/319 372/394/320 373/395/321 374/396/322
f 375/397/323 369/391/317 370/392/318 376/398/324
f 377/399/325 375/397/323 376/398/324 378/400/326
f 372/394/320 367/389/315 368/390/316 373/395/321
f 371/393/319 374/396/322 332/350/283 331/349/282
f 379/401/327 380/402/327 336/354/287 335/353/286
f 381/403/328 382/404/329 338/356/289 337/355/288
f 383/405/330 384/406/331 380/402/327 379/401/327
f 385/407/332 386/408/333 382/404/329 381/403/328
f 387/409/334 388/410/335 389/411/336 390/412/337
f 360/378/308 391/413/338 392/414/339 361/379/309
f 365/386/313 393/415/340 394/416/341 366/387/314
f 391/413/338 395/417/342 396/418/343 392/414/339
f 393/415/340 397/419/344 398/420/345 394/416/341
f 397/419/344 339/357/290 342/360/293 398/420/345
f 395/417/342 351/369/300 354/372/303 396/418/343
f 390/412/337 389/411/336 399/421/346 400/422/347
f 334/352/285 333/351/284 401/423/348 402/424/349
f 400/422/347 399/421/346 386/408/333 385/407/332
f 402/424/349 401/423/348 384/406/331 383/405/330
f 403/425/350 404/426/351 405/427/352 406/428/353
f 377/399/325 378/400/326 388/410/335 387/409/334
f 407/429/354 408/430/355 409/431/356 410/432/357
f 411/433/358 403/425/350 406/428/353 412/434/359
f 413/435/360 414/436/361 415/437/362 416/438/363
f 414/436/361 417/439/364 418/440/365 415/437/362
f 419/441/366 420/442/367 421/443/368 422/444/369
f 423/445/370 424/446/371 425/447/372 426/448/373
f 427/449/374 428/450/375 429/451/376 430/452/377
f 404/426/351 431/453/378 432/454/378 405/427/352
f 433/455/379 434/456/380 435/457/381 436/458/382
f 437/459/383 438/460/384 439/461/385 440/462/386
f 348/366/298 427/449/374 430/452/377 349/367/298
f 420/442/367 441/463/387 442/464/388 421/443/368
f 443/465/389 411/433/358 412/434/359 444/466/390
f 424/446/371 445/467/391 446/468/392 425/447/372
f 447/469/393 448/470/394 449/471/395 450/472/395
f 451/473/396 452/474/397 453/475/398 454/476/398
f 455/477/399 456/478/400 457/479/401 458/480/402
f 459/481/403 460/482/404 461/483/405 462/484/406
f 463/485/407 457/479/401 456/478/400 464/486/408
f 462/484/406 465/487/409 466/488/410 459/481/403
f 467/489/411 461/483/405 460/482/404 468/490/412
f 469/491/413 470/492/414 471/493/415 472/494/416
f 473/495/417 448/470/394 447/469/393 474/496/418
f 451/473/396 475/497/419 476/498/420 452/474/397
f 464/486/408 456/478/400 477/499/421 478/500/422
f 456/478/400 455/477/399 479/501/423 477/499/421
f 480/502/424 481/503/425 482/504/426 483/505/427
f 484/506/428 480/502/424 483/505/427 485/507/429
f 460/482/404 459/481/403 486/508/430 487/509/431
f 488/510/432 486/508/430 459/481/403 466/488/410
f 485/507/429 489/511/433 490/512/434 484/506/428
f 464/486/408 478/500/422 491/513/435 492/514/436
f 493/515/437 494/516/438 488/510/432 466/488/410
f 475/497/419 472/494/416 471/493/415 476/498/420
f 474/496/418 470/492/414 469/491/413 473/495/417
f 484/506/428 478/500/422 477/499/421 480/502/424
f 480/502/424 477/499/421 479/501/423 481/503/425
f 486/508/430 483/505/427 482/504/426 487/509/431
f 488/510/432 485/507/429 483/505/427 486/508/430
f 478/500/422 484/506/428 490/512/434 491/513/435
f 494/516/438 489/511/433 485/507/429 488/510/432
f 495/517/439 496/518/440 497/519/441 498/520/442
f 499/521/443 500/522/444 501/523/445 502/524/446
f 500/522/444 503/525/447 504/526/448 501/523/445
f 503/525/447 505/527/449 506/528/450 504/526/448
f 507/529/451 508/530/452 501/523/445 504/526/448
f 503/525/447 500/522/444 509/531/453 510/532/454
f 511/533/455 512/534/456 513/535/457 514/536/458
f 515/537/459 516/538/460 517/539/216 518/540/461
f 519/541/462 520/542/463 521/543/464 522/544/465
f 523/545/466 515/537/459 518/540/461 524/546/467
f 525/547/468 526/548/469 527/549/470 528/550/471
f 529/551/472 519/541/462 522/544/465 530/552/273
f 531/553/473 523/545/466 524/546/467 532/554/474
f 526/548/469 533/555/475 534/556/476 527/549/470
f 535/557/477 525/558/468 528/559/471 536/560/478
f 537/561/479 531/553/473 532/554/474 538/562/480
f 533/555/475 539/563/481 540/564/482 534/556/476
f 541/565/483 535/557/477 536/560/478 542/566/217
f 543/567/484 537/561/479 538/562/480 544/568/485
f 539/563/481 545/569/486 546/570/487 540/564/482
f 516/538/460 541/565/483 542/566/217 517/539/216
f 520/542/463 543/567/484 544/568/485 521/543/464
f 545/569/486 529/551/472 530/552/273 546/570/487
f 547/571/488 548/572/489 549/573/490 550/574/491
f 551/575/492 552/576/493 221/235/202
f 553/577/244 554/578/244 555/579/244 556/580/244
f 557/581/244 558/582/244 559/583/244 560/584/244
f 561/585/494 562/586/495 563/587/496 564/588/497
f 565/589/498 566/590/499 567/591/500 568/592/501
f 569/593/502 570/594/503 571/595/504 572/596/505
f 562/586/495 573/597/506 574/598/507 563/587/496
f 566/590/499 569/593/502 572/596/505 567/591/500
f 575/599/508 576/600/509 562/586/495 561/585/494
f 577/601/510 578/602/511 566/590/499 565/589/498
f 579/603/512 580/604/513 570/594/503 569/593/502
f 581/605/514 575/599/508 561/585/494 582/606/515
f 576/600/509 583/607/516 573/597/506 562/586/495
f 578/602/511 579/603/512 569/593/502 566/590/499
f 584/608/517 585/609/518 576/600/509 575/599/508
f 586/610/519 587/611/520 578/602/511 577/601/510
f 588/612/521 589/613/522 580/604/513 579/603/512
f 590/614/523 584/608/517 575/599/508 581/605/514
f 585/609/518 591/615/524 583/607/516 576/600/509
f 587/611/520 588/612/521 579/603/512 578/602/511
f 592/616/525 593/617/526 585/609/518 584/618/517
f 594/619/527 595/620/528 587/611/520 586/610/519
f 596/621/529 597/622/530 589/623/522 588/624/521
f 598/625/531 592/616/525 584/618/517 590/626/523
f 593/617/526 599/627/532 591/615/524 585/609/518
f 595/620/528 596/621/529 588/624/521 587/611/520
f 594/619/527 599/627/532 600/628/533 601/629/534
f 586/610/519 591/615/524 599/627/532 594/619/527
f 602/630/535 603/631/536 593/617/526 592/616/525
f 601/629/534 604/632/537 595/620/528 594/619/527
f 605/633/538 606/634/539 597/622/530 596/621/529
f 607/635/540 602/630/535 592/616/525 598/625/531
f 603/631/536 600/628/533 599/627/532 593/617/526
f 604/632/537 605/633/538 596/621/529 595/620/528
f 565/589/498 573/597/506 583/607/516 577/601/510
f 568/592/501 574/598/507 573/597/506 565/589/498
f 608/636/541 609/637/542 610/638/542 611/639/541
f 612/640/543 613/641/544 614/642/544 615/643/543
f 616/644/216 617/645/545 618/646/545 619/647/216
f 609/637/542 620/648/546 621/649/546 610/638/542
f 613/641/544 622/650/547 623/651/547 614/642/544
f 624/652/548 625/653/549 626/654/549 627/655/548
f 628/656/550 629/657/551 630/658/551 631/659/550
f 622/650/547 632/660/552 633/661/552 623/651/547
f 634/662/553 628/656/550 631/659/550 635/663/553
f 636/664/554 637/665/555 638/666/555 639/667/554
f 629/657/551 636/668/554 639/669/554 630/658/551
f 640/670/556 612/640/543 615/643/543 641/671/556
f 619/647/216 634/662/553 635/663/553 616/644/216
f 637/665/555 608/636/541 611/639/541 638/666/555
f 617/645/545 640/670/556 641/671/556 618/646/545
f 620/648/546 642/672/273 643/673/273 621/649/546
f 632/660/552 624/652/548 627/655/548 633/661/552
f 625/653/549 643/673/273 642/672/273 626/654/549
f 554/578/244 644/674/244 645/675/244 555/579/244
f 646/676/244 553/577/244 556/580/244 647/677/244
f 648/678/244 557/581/244 560/584/244 649/679/244
f 650/680/244 651/681/244 652/682/244 653/683/244
f 654/684/244 655/685/244 656/686/244 657/687/244
f 658/688/244 648/678/244 649/679/244 659/689/244
f 644/674/244 650/680/244 653/683/244 645/675/244
f 660/690/244 658/688/244 659/689/244 661/691/244
f 662/692/244 559/583/244 558/582/244 663/693/244
f 664/694/244 665/695/244 666/696/244 667/697/244
f 668/698/244 654/684/244 657/687/244 669/699/244
f 670/700/244 662/692/244 663/693/244 671/701/244
f 665/695/244 660/690/244 661/691/244 666/696/244
f 655/685/244 664/694/244 667/697/244 656/686/244
f 669/699/244 646/676/244 647/677/244 668/698/244
f 582/606/515 561/585/494 564/588/497 672/702/557
f 651/681/244 670/700/244 671/701/244 652/682/244
f 601/629/534 600/628/533 673/703/558 674/704/559
f 675/705/560 582/606/515 672/702/557
f 570/594/503 676/706/561 571/595/504
f 675/705/560 581/605/514 582/606/515
f 580/604/513 676/706/561 570/594/503
f 675/705/560 590/614/523 581/605/514
f 589/613/522 676/706/561 580/604/513
f 675/707/560 598/625/531 590/626/523
f 597/622/530 676/708/561 589/623/522
f 675/707/560 607/635/540 598/625/531
f 606/634/539 676/708/561 597/622/530
f 677/709/562 678/710/563 603/631/536 602/630/535
f 674/704/559 679/711/564 604/632/537 601/629/534
f 680/712/565 681/713/566 606/634/539 605/633/538
f 682/714/567 677/709/562 602/630/535 607/635/540
f 678/710/563 673/703/558 600/628/533 603/631/536
f 679/711/564 680/712/565 605/633/538 604/632/537
f 675/707/560 682/714/567 607/635/540
f 681/713/566 676/708/561 606/634/539
f 513/535/457 512/534/456 683/715/568 684/716/569
f 684/716/569 683/715/568 685/717/570 686/718/571
f 686/718/571 685/717/570 687/719/572 688/720/573
f 688/720/573 687/719/572 550/574/491 549/573/490
f 548/572/489 547/571/488 689/721/574 690/722/574
f 690/722/574 689/721/574 691/723/575 692/724/575
f 693/725/576 694/726/576 695/727/576 696/728/576
f 697/729/576 695/727/576 694/726/576 698/730/576
f 699/731/577 700/732/578 520/542/463 519/541/462
f 701/733/579 699/731/577 519/541/462 529/551/472
f 702/734/580 703/735/581 531/553/473 537/561/479
f 704/736/582 702/734/580 537/561/479 543/567/484
f 700/732/578 704/736/582 543/567/484 520/542/463
f 705/737/583 701/733/579 529/551/472 545/569/486
f 706/738/584 707/739/585 516/538/460 515/537/459
f 708/740/586 709/741/587 710/742/588 711/743/589
f 712/744/590 713/745/591 714/746/591 715/747/590
f 716/748/592 717/749/593 718/750/594 719/751/592
f 720/752/595 716/748/592 719/751/592 721/753/596
f 722/754/597 723/755/598 724/756/599 725/757/600
f 726/758/601 727/759/602 728/760/602 729/761/601
f 730/762/603 731/763/604 535/557/477 541/565/483
f 727/759/602 720/752/595 721/753/596 728/760/602
f 732/764/605 708/740/586 711/743/589 733/765/606
f 734/766/607 735/767/608 736/768/608 737/769/607
f 738/770/609 712/744/590 715/747/590 739/771/609
f 717/772/593 740/773/610 741/774/610 718/775/594
f 740/773/610 734/766/607 737/769/607 741/774/610
f 735/767/608 738/770/609 739/771/609 736/768/608
f 742/776/611 732/764/605 733/765/606 743/777/612
f 713/745/591 744/778/613 745/779/613 714/746/591
f 707/739/585 730/762/603 541/565/483 516/538/460
f 746/780/614 726/758/601 729/761/601 747/781/614
f 748/782/615 722/754/597 725/757/600 749/783/616
f 750/784/617 751/785/618 752/786/618 753/787/617
f 751/785/618 754/788/619 755/789/619 752/786/618
f 703/735/581 756/790/620 523/545/466 531/553/473
f 744/778/613 750/784/617 753/787/617 745/779/613
f 754/788/619 746/780/614 747/781/614 755/789/619
f 757/791/621 758/792/622 759/793/623 760/794/624
f 761/795/625 762/796/626 763/797/627 764/798/628
f 765/799/629 766/800/630 767/801/631 768/802/632
f 769/803/633 770/804/634 771/805/635 772/806/636
f 773/807/637 771/805/635 770/804/634 774/808/638
f 775/809/639 776/810/640 772/806/636 771/805/635
f 764/798/628 776/810/640 777/811/641 761/795/625
f 778/812/642 779/813/643 780/814/644 781/815/645
f 782/816/646 778/812/642 781/815/645 783/817/646
f 784/818/647 785/819/648 786/820/648 787/821/649
f 788/822/650 789/823/651 790/824/652 791/825/653
f 792/826/654 793/827/655 794/828/655 795/829/654
f 796/830/656 797/831/657 798/832/657 799/833/656
f 800/834/658 801/835/659 802/836/659 803/837/658
f 804/838/660 805/839/661 806/840/661 807/841/660
f 808/842/662 809/843/663 810/844/663 811/845/662
f 812/846/664 813/847/665 814/848/666 815/849/667
f 270/850/240 273/851/243 816/852/668 817/853/668
f 818/854/669 819/855/670 820/856/670 821/857/671
f 822/858/672 823/859/673 824/860/674 825/861/675
f 826/862/676 827/863/677 828/864/677 829/865/678
f 830/866/679 831/867/680 832/868/680 833/869/679
f 834/870/681 835/871/681 836/872/681 837/873/681
f 838/874/682 839/875/683 840/876/683 841/877/682
f 842/878/684 843/879/685 844/880/686 845/881/687
f 846/882/688 847/883/689 848/884/689 849/885/690
f 850/886/691 851/887/691 852/888/691 853/889/691
f 801/835/659 854/890/692 855/891/692 802/836/659
f 856/892/693 857/893/694 858/894/694 859/895/693
f 860/896/695 861/897/696 862/898/696 863/899/697
f 864/900/698 800/834/658 803/837/658 865/901/698
f 866/902/699 867/903/700 868/904/700 869/905/699
f 870/906/701 871/907/701 872/908/701 873/909/701
f 843/879/685 812/846/664 815/849/667 844/880/686
f 874/910/702 875/911/703 876/912/703 877/913/702
f 878/914/704 879/915/705 880/916/705 881/917/706
f 882/918/707 883/919/708 884/920/708 885/921/709
f 886/922/710 887/923/711 888/924/711 889/925/710
f 890/926/712 891/927/712 892/928/712 893/929/712
f 813/847/665 894/930/713 895/931/714 814/848/666
f 896/932/715 897/933/716 898/934/716 899/935/715
f 900/936/717 901/937/718 902/938/718 903/939/719
f 904/940/720 905/941/721 906/942/722 907/943/723
f 908/944/724 909/945/725 910/946/725 911/947/724
f 292/948/259 286/949/253 912/950/726 913/951/726
f 914/952/727 915/953/728 916/954/729 917/955/730
f 875/911/703 918/956/731 919/957/731 876/912/703
f 920/958/732 921/959/733 922/960/733 923/961/734
f 924/962/735 925/963/736 926/964/737 927/965/738
f 793/827/655 796/830/656 799/833/656 794/828/655
f 296/966/263 290/967/257 928/968/739 929/969/739
f 930/970/740 931/971/741 932/972/741 933/973/740
f 934/974/742 935/975/743 936/976/743 937/977/742
f 938/978/744 939/979/745 940/980/745 941/981/746
f 942/982/747 804/838/660 807/841/660 943/983/747
f 944/984/748 808/842/662 811/845/662 945/985/748
f 946/986/749 947/987/749 948/988/749 949/989/749
f 950/990/750 951/991/751 952/992/751 953/993/752
f 954/994/753 830/866/679 833/869/679 955/995/753
f 956/996/754 957/997/755 958/998/755 959/999/754
f 957/997/755 960/1000/756 961/1001/756 958/998/755
f 821/857/671 826/862/676 962/1002/757 963/1003/758
f 826/862/676 829/865/678 964/1004/759 962/1002/757
f 960/1000/756 965/1005/760 966/1006/760 961/1001/756
f 829/865/678 846/882/688 967/1007/761 964/1004/759
f 963/1003/758 968/1008/762 818/854/669 821/857/671
f 959/999/754 969/1009/763 970/1010/763 956/996/754
f 965/1005/760 971/1011/764 972/1012/764 966/1006/760
f 846/882/688 849/885/690 973/1013/765 967/1007/761
f 968/1008/762 974/1014/766 863/899/697 818/854/669
f 969/1009/763 975/1015/767 976/1016/767 970/1010/763
f 974/1014/766 977/1017/768 860/896/695 863/899/697
f 975/1018/767 978/1019/769 979/1020/769 976/1021/767
f 977/1017/768 980/1022/770 881/917/706 860/896/695
f 978/1019/769 981/1023/771 982/1024/771 979/1020/769
f 980/1022/770 983/1025/772 878/914/704 881/917/706
f 981/1023/771 984/1026/773 985/1027/773 982/1024/771
f 983/1025/772 986/1028/774 903/939/719 878/914/704
f 984/1026/773 987/1029/775 988/1030/775 985/1027/773
f 986/1028/774 989/1031/776 900/936/717 903/939/719
f 987/1029/775 990/1032/777 991/1033/777 988/1030/775
f 989/1031/776 992/1034/778 923/961/734 900/936/717
f 990/1032/777 993/1035/779 994/1036/779 991/1033/777
f 992/1034/778 995/1037/780 920/958/732 923/961/734
f 993/1035/779 996/1038/781 997/1039/781 994/1036/779
f 995/1037/780 998/1040/782 941/981/746 920/958/732
f 996/1038/781 999/1041/783 1000/1042/783 997/1039/781
f 998/1040/782 1001/1043/784 938/978/744 941/981/746
f 999/1041/783 1002/1044/785 1003/1045/785 1000/1042/783
f 1001/1043/784 973/1013/765 849/885/690 938/978/744
f 1002/1044/785 972/1012/764 971/1011/764 1003/1045/785
f 1004/1046/786 1005/1047/786 1006/1048/786 1007/1049/786
f 1008/1050/787 1009/1051/787 1010/1052/787 1011/1053/787
f 1012/1054/788 1013/1055/788 1014/1056/788 1015/1057/788
f 1016/1058/789 1017/1059/789 1018/1060/789 1019/1061/789
f 1020/1062/790 1021/1063/790 1022/1064/790 1023/1065/790
f 1024/1066/791 1025/1067/791 1026/1068/791 1027/1069/791
f 1028/1070/792 1029/1071/792 1030/1072/792 1031/1073/792
f 1032/1074/793 1033/1075/793 1034/1076/793 1035/1077/793
f 1036/1078/794 1037/1079/794 1038/1080/794 1039/1081/794
f 1040/1082/795 1041/1083/795 1042/1084/795 1043/1085/795
f 281/1086/248 302/1087/269 1044/1088/796 1045/1089/796
f 1046/1090/797 1047/1091/797 1048/1092/797 1049/1093/797
f 304/1094/271 298/1095/265 1050/1096/798 1051/1097/798
f 1052/1098/799 1053/1099/799 1054/1100/799 1055/1101/799
f 1056/1102/800 1057/1103/800 1058/1104/800 1059/1105/800
f 1060/1106/801 1061/1107/801 1062/1108/801 1063/1109/801
f 1064/1110/802 1065/1111/802 1066/1112/802 1067/1113/802
f 1068/1114/803 1069/1115/803 1070/1116/803 1071/1117/803
f 1072/1118/804 1073/1119/804 1074/1120/804 1075/1121/804
f 1076/1122/805 1077/1123/805 1078/1124/805 1079/1125/805
f 288/1126/255 278/1127/245 1080/1128/806 1081/1129/806
f 282/1130/249 285/1131/252 1082/1132/807 1083/1133/807
f 1084/1134/808 1085/1135/808 1086/1136/808 1087/1137/808
f 1088/1138/809 1089/1139/809 1090/1140/809 1091/1141/809
f 1092/1142/810 1093/1143/810 1094/1144/810 1095/1145/810
f 1096/1146/811 1097/1147/811 1098/1148/811 1099/1149/811
f 1100/1150/812 1101/1151/812 1102/1152/812 1103/1153/812
f 1104/1154/813 1105/1155/813 1106/1156/813 1107/1157/813
f 1108/1158/814 1109/1159/814 1110/1160/814 1111/1161/814
f 1112/1162/815 1113/1163/815 1114/1164/815 1115/1165/815
f 300/1166/267 294/1167/261 1116/1168/816 1117/1169/816
f 1118/1170/817 1119/1171/817 1120/1172/817 1121/1173/817
f 1122/1174/818 917/955/730 1123/1175/819 1124/1176/820
f 1124/1176/820 1125/1177/821 895/931/714 1122/1174/818
f 1125/1177/821 1126/1178/822 814/848/666 895/931/714
f 917/955/730 916/954/729 1127/1179/823 1123/1175/819
f 815/849/667 814/848/666 1126/1178/822 1128/1180/824
f 916/954/729 1129/1181/825 1130/1182/826 1127/1179/823
f 1129/1181/825 907/943/723 1131/1183/827 1130/1182/826
f 907/943/723 906/942/722 1132/1184/828 1131/1183/827
f 906/942/722 825/861/675 1133/1185/829 1132/1184/828
f 825/861/675 824/860/674 1134/1186/830 1133/1185/829
f 824/860/674 1135/1187/831 1136/1188/832 1134/1186/830
f 1135/1187/831 927/965/738 1137/1189/833 1136/1188/832
f 927/965/738 926/964/737 1138/1190/834 1137/1189/833
f 926/964/737 845/881/687 1139/1191/835 1138/1190/834
f 845/881/687 844/880/686 1140/1192/836 1139/1191/835
f 844/880/686 815/849/667 1128/1180/824 1140/1192/836
f 931/971/741 1141/1193/837 1142/1194/837 932/972/741
f 1143/1195/838 924/962/735 927/965/738 1135/1187/831
f 1144/1196/839 904/940/720 907/943/723 1129/1181/825
f 854/890/692 1145/1197/840 1146/1198/840 855/891/692
f 1147/1199/841 942/982/747 943/983/747 1148/1200/841
f 883/919/708 930/970/740 933/973/740 884/920/708
f 925/963/736 842/878/684 845/881/687 926/964/737
f 905/941/721 822/858/672 825/861/675 906/942/722
f 805/839/661 882/918/707 885/921/709 806/840/661
f 1141/1193/837 864/900/698 865/901/698 1142/1194/837
f 1145/1197/840 950/990/750 953/993/752 1146/1198/840
f 894/930/713 1149/1201/842 1122/1174/818 895/931/714
f 951/991/751 1147/1199/841 1148/1200/841 952/992/751
f 823/859/673 1143/1195/838 1135/1187/831 824/860/674
f 915/953/728 1144/1196/839 1129/1181/825 916/954/729
f 1149/1201/842 914/952/727 917/955/730 1122/1174/818
f 326/344/277 325/343/276 341/359/292 340/358/291
f 330/348/281 329/347/280 353/371/302 352/370/301
f 417/439/364 407/429/354 410/432/357 418/440/365
f 1150/1202/843 1151/1203/844 1152/1204/845 1153/1205/846
f 1154/1206/847 1155/1207/848 1156/1208/849 1157/1209/850
f 1158/1210/851 1159/1211/852 1160/1212/853 1161/1213/854
f 1162/1214/855 1163/1215/856 1164/1216/857 1165/1217/858
f 1166/1218/859 1150/1202/843 1153/1205/846 1167/1219/859
f 1163/1215/856 1168/1220/860 1169/1221/861 1164/1216/857
f 1155/1207/848 1162/1214/855 1165/1217/858 1156/1208/849
f 1170/1222/862 1154/1206/847 1157/1209/850 1171/1223/863
f 1172/1224/864 1166/1218/859 1167/1219/859 1173/1225/865
f 1168/1220/860 1174/1226/866 1175/1227/867 1169/1221/861
f 1176/1228/868 1177/1229/869 1178/1230/870 1179/1231/871
f 1159/1211/852 1176/1228/868 1179/1231/871 1160/1212/853
f 1180/1232/872 1170/1222/862 1171/1223/863 1181/1233/873
f 1177/1229/869 1182/1234/874 1183/1235/875 1178/1230/870
f 1174/1226/866 1184/1236/876 1185/1237/877 1175/1227/867
f 1151/1203/844 1180/1232/872 1181/1233/873 1152/1204/845
f 1182/1234/874 1172/1224/864 1173/1225/865 1183/1235/875
f 1184/1236/876 1158/1210/851 1161/1213/854 1185/1237/877
f 1186/1238/878 1187/1239/879 763/797/627 1188/1240/880
f 1189/1241/881 1190/1242/882 1191/1243/883 1192/1244/884
f 1193/1245/885 767/801/631 766/800/630 1194/1246/886
f 1194/1246/886 1195/1247/887 1196/1248/888 1193/1245/885
f 1197/1249/889 1189/1241/881 1192/1244/884 1198/1250/890
f 766/800/630 1199/1251/891 1200/1252/892 1201/1253/893
f 1202/1254/894 1203/1255/895 1204/1256/896 1205/1257/897
f 1206/1258/898 1207/1259/899 1208/1260/900 1209/1261/901
f 1210/1262/902 1204/1263/896 1203/1255/895 1211/1264/903
f 757/791/621 1212/1265/904 1200/1252/892 1199/1251/891
f 1211/1264/903 1213/1266/905 1214/1267/906 1210/1262/902
f 1215/1268/907 1212/1265/904 757/791/621 1216/1269/908
f 1195/1247/887 1217/1270/909 1218/1271/910 1196/1248/888
f 1217/1270/909 1191/1243/883 1190/1242/882 1218/1271/910
f 768/802/632 1219/1272/911 1220/1273/912 765/799/629
f 1219/1272/911 1197/1249/889 1198/1250/890 1220/1273/912
f 1221/1274/913 1222/1275/914 1223/1276/915 1224/1277/916
f 1205/1257/897 1225/1278/917 1226/1279/917 1202/1254/894
f 1227/1280/918 1223/1281/915 1222/1275/914 1228/1282/919
f 1229/1283/920 1221/1274/913 1224/1284/916 1230/1285/920
f 1231/1286/921 1227/1280/918 1228/1282/919 1232/1287/921
f 1233/1288/922 1234/1289/922 1235/1290/922 1236/1291/922
f 1237/1292/923 1238/1293/924 1239/1294/924 1240/1295/925
f 764/798/628 763/797/627 1187/1239/879 1241/1296/926
f 1216/1269/908 757/791/621 760/794/624 1242/1297/927
f 758/792/622 764/798/628 1241/1296/926 759/793/623
f 1242/1297/927 1186/1238/878 1188/1240/880 1216/1269/908
f 1216/1269/908 1195/1247/887 1243/1298/928 1215/1268/907
f 1194/1246/886 766/800/630 1201/1253/893 1244/1299/929
f 1244/1299/929 1243/1298/928 1195/1247/887 1194/1246/886
f 1245/1300/930 1246/1301/930 1247/1302/930 1248/1303/930
f 1249/1304/931 1250/1305/932 1251/1306/933 1252/1307/934
f 1253/1308/935 1254/1309/936 1255/1310/937 1256/1311/938
f 776/810/640 775/809/639 1257/1312/939 777/811/641
f 775/809/639 1258/1313/940 1259/1314/941 1257/1312/939
f 1260/1315/942 1261/1316/943 1262/1317/944 1263/1318/942
f 1264/1319/945 1265/1320/946 1266/1321/946 1267/1322/947
f 1268/1323/948 1269/1324/949 1270/1325/949 1271/1326/950
f 1272/1327/951 1273/1328/952 1274/1329/952 1275/1330/953
f 772/806/636 1276/1331/954 1277/1332/955 769/803/633
f 1278/1333/956 1279/1334/957 1250/1305/932 1249/1304/931
f 1280/1335/958 1281/1336/959 1282/1337/959 1283/1338/960
f 1284/1339/961 1285/1340/962 1286/1341/962 1287/1342/963
f 1288/1343/964 1289/1344/965 1254/1309/936 773/807/637
f 1290/1345/966 1254/1309/936 1289/1344/965 1291/1346/967
f 1292/1347/968 1293/1348/969 1294/1349/969 1295/1350/970
f 1296/1351/971 1297/1352/971 1298/1353/971 1299/1354/971
f 1300/1355/972 1255/1310/937 1254/1309/936 1290/1345/966
f 1301/1356/973 1302/1357/974 1303/1358/974 1304/1359/975
f 1305/1360/976 1306/1361/977 1307/1362/977 1308/1363/978
f 1309/1364/979 1310/1365/980 1311/1366/980 1312/1367/981
f 1313/1368/982 1314/1369/982 1315/1370/982 1316/1371/982
f 1304/1359/975 1317/1372/983 1318/1373/983 1319/1374/984
f 1320/1375/985 1321/1376/986 1322/1377/986 1323/1378/987
f 1324/1379/988 784/818/647 787/821/649 1325/1380/989
f 773/807/637 1249/1304/931 1252/1307/934 1288/1343/964
f 1326/1381/990 1268/1323/948 1271/1326/950 1327/1382/991
f 1287/1342/963 1272/1327/951 1275/1330/953 1284/1383/961
f 774/808/638 1278/1333/956 1249/1304/931 773/807/637
f 1276/1331/954 1280/1335/958 1283/1338/960 1277/1332/955
f 1328/1384/992 1290/1345/966 1291/1346/967 1329/1385/993
f 1330/1386/994 1300/1355/972 1290/1345/966 1328/1384/992
f 1256/1311/938 1301/1356/973 1304/1359/975 1253/1308/935
f 1331/1387/995 1305/1360/976 1308/1363/978 1332/1388/995
f 1333/1389/996 1309/1364/979 1312/1367/981 1334/1390/996
f 1253/1308/935 1304/1359/975 1319/1374/984 1335/1391/997
f 1336/1392/998 1320/1375/985 1323/1378/987 1337/1393/998
f 731/763/604 1338/1394/999 525/558/468 535/557/477
f 496/518/440 1339/1395/1000 1340/1396/1001 497/519/441
f 756/790/620 706/738/584 515/537/459 523/545/466
f 1341/1397/1002 742/776/611 743/777/612 1342/1398/1003
f 1343/1399/1004 495/517/439 498/520/442 1344/1400/1005
f 723/755/598 1345/1401/1006 1346/1402/1007 724/756/599
f 1342/1398/1003 1343/1399/1004 1344/1400/1005 1341/1397/1002
f 1347/1403/1008 705/737/583 545/569/486 539/563/481
f 1348/1404/1009 1347/1403/1008 539/563/481 533/555/475
f 1349/1405/1010 1348/1404/1009 533/555/475 526/548/469
f 1339/1395/1000 1350/1406/1011 1351/1407/1012 1340/1396/1001
f 1345/1401/1006 1352/1408/1013 1353/1409/1014 1346/1402/1007
f 1338/1410/999 1349/1405/1010 526/548/469 525/547/468
f 1352/1408/1013 1351/1407/1012 1350/1406/1011 1353/1409/1014
f 1354/1411/244 1355/1412/244 1342/1398/1003 743/777/612
f 1355/1412/244 1356/1413/244 1343/1399/1004 1342/1398/1003
f 1356/1413/244 1357/1414/244 495/517/439 1343/1399/1004
f 1357/1414/244 1358/1415/244 496/518/440 495/517/439
f 1358/1415/244 1359/1416/244 1339/1395/1000 496/518/440
f 1359/1416/244 1360/1417/244 1350/1406/1011 1339/1395/1000
f 1361/1418/244 1354/1411/244 743/777/612 733/765/606
f 1362/1419/244 1361/1418/244 733/765/606 711/743/589
f 1363/1420/244 1362/1419/244 711/743/589 710/742/588
f 1364/1421/244 1363/1420/244 710/742/588 1365/1422/1015
f 1366/1423/244 1364/1421/244 1365/1422/1015 749/783/616
f 1367/1424/244 1366/1423/244 749/783/616 725/757/600
f 1368/1425/244 1367/1424/244 725/757/600 724/756/599
f 1369/1426/244 1368/1425/244 724/756/599 1346/1402/1007
f 1370/1427/244 1369/1426/244 1346/1402/1007 1353/1409/1014
f 1360/1417/244 1370/1427/244 1353/1409/1014 1350/1406/1011
f 709/741/587 1371/1428/1016 1365/1422/1015 710/742/588
f 1371/1428/1016 748/782/615 749/783/616 1365/1422/1015
f 505/527/449 1372/1429/1017 1373/1430/1018
f 505/527/449 503/525/447 1372/1429/1017
f 503/525/447 1374/1431/1019 1372/1429/1017
f 503/525/447 1375/1432/1020 1374/1431/1019
f 503/525/447 510/532/454 1375/1432/1020
f 506/528/450 1376/1433/1021 1377/1434/1022
f 504/526/448 506/528/450 1377/1434/1022
f 504/526/448 1377/1434/1022 1378/1435/1023
f 1379/1436/1024 504/526/448 1378/1435/1023
f 1379/1436/1024 507/529/451 504/526/448
f 501/523/445 508/530/452 1380/1437/1025
f 502/524/446 501/523/445 1380/1437/1025
f 502/524/446 1380/1437/1025 1381/1438/1026
f 502/524/446 1381/1438/1026 1382/1439/1027
f 502/524/446 1382/1439/1027 1383/1440/1028
f 500/522/444 1384/1441/1029 509/531/453
f 500/522/444 1385/1442/1030 1384/1441/1029
f 500/522/444 1386/1443/1031 1385/1442/1030
f 500/522/444 1387/1444/1032 1386/1443/1031
f 500/522/444 499/521/443 1387/1444/1032
f 1388/1445/1033 1389/1446/1033 1390/1447/1033 1391/1448/1033
f 1392/1449/1034 1393/1450/1035 1394/1451/1035 1395/1452/1036
f 1393/1450/1035 1396/1453/1037 1397/1454/1038 1394/1451/1035
f 1396/1453/1037 1398/1455/1039 1399/1456/1040 1397/1454/1038
f 1398/1455/1039 1400/1457/1041 1401/1458/1042 1399/1456/1040
f 1402/1459/1043 1403/1460/1044 1404/1461/1045 1405/1462/1046
f 1403/1460/1044 1392/1449/1034 1395/1452/1036 1404/1461/1045
f 1389/1446/1033 1406/1463/1047 1407/1464/1033 1390/1447/1033
f 1408/1465/1047 1409/1466/1033 1410/1467/1033 1411/1468/1033
f 1409/1466/1033 1412/1469/1033 1413/1470/1033 1410/1467/1033
f 1412/1469/1033 1414/1471/1033 1415/1472/1033 1413/1470/1033
f 1414/1471/1033 1388/1445/1033 1391/1448/1033 1415/1472/1033
f 1416/1473/1048 1417/1474/1049 1418/1475/1049 1419/1476/1050
f 1417/1474/1049 1420/1477/1051 1421/1478/1052 1418/1475/1049
f 1420/1477/1051 1422/1479/1053 1423/1480/1054 1421/1478/1052
f 1422/1479/1053 1424/1481/1055 1425/1482/1056 1423/1480/1054
f 1426/1483/1057 1427/1484/1058 1428/1485/1059 1429/1486/1060
f 1427/1484/1058 1416/1473/1048 1419/1476/1050 1428/1485/1059
f 1430/1487/480 1431/1488/480 1432/1489/480 1433/1490/480
f 1434/1491/1061 1435/1492/1061 1436/1493/1062 1437/1494/1062
f 1438/1495/273 1439/1496/273 1440/1497/273 1441/1498/273
f 1441/1498/273 1440/1497/273 1442/1499/273
f 1440/1497/273 1443/1500/273 1442/1499/273
f 1443/1500/273 1444/1501/273 1442/1499/273
f 1443/1500/273 1445/1502/273 1444/1501/273
f 1445/1502/273 1446/1503/273 1444/1501/273
f 1445/1502/273 1447/1504/273 1446/1503/273
f 1448/1505/1063 1449/1506/1063 1450/1507/1064 1451/1508/1064
f 1452/1509/244 1453/1510/244 1449/1506/1063 1448/1505/1063
f 1454/1511/216 1455/1512/216 1456/1513/216 1457/1514/216
f 1455/1512/216 1454/1511/216 1458/1515/216
f 1459/1516/1065 1455/1512/216 1458/1515/216
f 1459/1516/1065 1458/1515/216 1460/1517/1065
f 1461/1518/1066 1459/1516/1065 1460/1517/1065
f 1462/1519/216 1461/1518/1066 1460/1517/1065
f 1462/1519/216 1463/1520/216 1461/1518/1066
f 1464/1521/1067 1465/1522/1067 1466/1523/1067 1467/1524/1067
f 1468/1525/1068 1469/1526/1069 1470/1527/1069 1471/1528/1068
f 1437/1494/1062 1436/1493/1062 1472/1529/1070 1473/1530/1070
f 1451/1508/1064 1450/1507/1064 1474/1531/1071 1475/1532/1071
f 1476/1533/1072 1477/1534/1072 1478/1535/1072 1479/1536/1072
f 1473/1530/1070 1472/1529/1070 1470/1527/1069 1469/1526/1069
f 1475/1532/1071 1474/1531/1071 1468/1525/1068 1471/1528/1068
f 1480/1537/1073 1481/1538/1073 1482/1539/1073 1483/1540/1073
f 1435/1492/1061 1434/1491/1061 1484/1541/1074 1485/1542/1074
f 1400/1457/1041 1486/1543/1075 1487/1544/1075 1401/1458/1042
f 1465/1522/1067 1488/1545/1076 1489/1546/1076 1466/1523/1067
f 1481/1538/1073 1490/1547/1077 1491/1548/1078 1482/1539/1073
f 1406/1463/1047 1492/1549/1047 1493/1550/1047 1407/1464/1033
f 1494/1551/1079 1495/1552/1079 1496/1553/1079
f 1495/1552/1079 1497/1554/1079 1496/1553/1079
f 1497/1554/1079 1498/1555/1079 1496/1553/1079
f 1497/1554/1079 1499/1556/1079 1498/1555/1079
f 1499/1556/1079 1500/1557/1079 1498/1555/1079
f 1499/1556/1079 1501/1558/1079 1500/1557/1079
f 1501/1558/1079 1502/1559/1079 1500/1557/1079
f 1502/1559/1079 1503/1560/1079 1500/1557/1079
f 1503/1560/1079 1504/1561/1079 1500/1557/1079
f 1503/1560/1079 1505/1562/1079 1504/1561/1079
f 1505/1562/1079 1506/1563/1079 1504/1561/1079
f 1507/1564/1080 1402/1459/1043 1405/1462/1046 1508/1565/1080
f 1509/1566/1081 1480/1537/1073 1483/1540/1073 1510/1567/1082
f 1511/1568/1047 1408/1465/1047 1411/1468/1033 1512/1569/1047
f 1513/1570/1076 1464/1521/1067 1467/1524/1067 1514/1571/1076
f 1515/1572/1083 1426/1483/1057 1429/1486/1060 1516/1573/1083
f 1517/1574/1084 1476/1533/1072 1479/1536/1072 1518/1575/1085
f 1477/1534/1072 1519/1576/1086 1520/1577/1087 1478/1535/1072
f 1424/1481/1055 1521/1578/1088 1522/1579/1088 1425/1482/1056
f 1523/1580/1033 1524/1581/1033 1525/1582/1089
f 1523/1580/1033 1526/1583/1033 1524/1581/1033
f 1523/1580/1033 1527/1584/1033 1526/1583/1033
f 1527/1584/1033 1528/1585/1033 1526/1583/1033
f 1527/1584/1033 1529/1586/1033 1528/1585/1033
f 1529/1586/1033 1530/1587/1033 1528/1585/1033
f 1529/1586/1033 1531/1588/1090 1530/1587/1033
f 1529/1586/1033 1532/1589/1033 1531/1588/1090
f 1529/1586/1033 1533/1590/1090 1532/1589/1033
f 1533/1590/1090 1534/1591/1033 1532/1589/1033
f 1533/1590/1090 1535/1592/1091 1534/1591/1033
f 1491/1548/1078 1490/1547/1077 1536/1593/1092 1537/1594/1092
f 1493/1550/1047 1492/1549/1047 1489/1546/1076 1488/1545/1076
f 1509/1566/1081 1510/1567/1082 1538/1595/1093 1539/1596/1093
f 1513/1570/1076 1514/1571/1076 1511/1568/1047 1512/1569/1047
f 1517/1574/1084 1518/1575/1085 1540/1597/1094 1541/1598/1094
f 1542/1599/1095 1543/1600/1095 1520/1577/1087 1519/1576/1086
f 1544/1601/1096 1545/1602/1097 1546/1603/1098 1547/1604/1099
f 1548/1605/1100 1549/1606/1101 1550/1607/1102 1551/1608/1103
f 1552/1609/1104 1553/1610/1105 1554/1611/1106 1555/1612/1107
f 1545/1602/1097 1556/1613/1108 1557/1614/1109 1546/1603/1098
f 1558/1615/1110 1548/1605/1100 1551/1608/1103 1559/1616/1111
f 1560/1617/1112 1561/1618/1113 1562/1619/1114 1563/1620/1115
f 1564/1621/1116 1565/1622/1117 1566/1623/1118 1567/1624/1119
f 1568/1625/1120 1560/1617/1112 1563/1620/1115 1569/1626/1121
f 1570/1627/1122 1558/1615/1110 1559/1616/1111 1571/1628/1123
f 1565/1622/1117 1572/1629/1124 1573/1630/1125 1566/1623/1118
f 1561/1618/1113 1564/1621/1116 1567/1624/1119 1562/1619/1114
f 1556/1613/1108 1574/1631/1126 1575/1632/1127 1557/1614/1109
f 1553/1610/1105 1570/1633/1122 1571/1634/1123 1554/1611/1106
f 1572/1629/1124 1544/1601/1096 1547/1604/1099 1573/1630/1125
f 1576/1635/1128 1577/1636/1129 1578/1637/1130 1579/1638/1131
f 1574/1631/1126 1576/1635/1128 1579/1638/1131 1575/1632/1127
f 1549/1606/1101 1568/1625/1120 1569/1626/1121 1550/1607/1102
f 1577/1636/1129 1552/1609/1104 1555/1612/1107 1578/1637/1130
f 1580/1639/1132 1581/1640/1133 1582/1641/1134
f 1583/1642/1135 1584/1643/1136 1582/1641/1134
f 1585/1644/1137 1586/1645/1138 1582/1641/1134
f 1587/1646/1139 1580/1639/1132 1582/1641/1134
f 1581/1640/1133 1588/1647/1140 1582/1641/1134
f 1584/1643/1136 1589/1648/1141 1582/1641/1134
f 1590/1649/1142 1591/1650/1143 1582/1641/1134
f 1592/1651/1144 1587/1646/1139 1582/1641/1134
f 1588/1647/1140 1590/1649/1142 1582/1641/1134
f 1593/1652/1145 1585/1644/1137 1582/1641/1134
f 1594/1653/1146 1595/1654/1147 1582/1641/1134
f 1596/1655/1148 1583/1642/1135 1582/1641/1134
f 1589/1648/1141 1597/1656/1149 1582/1641/1134
f 1598/1657/1150 1593/1652/1145 1582/1641/1134
f 1586/1645/1138 1596/1655/1148 1582/1641/1134
f 1591/1650/1143 1594/1653/1146 1582/1641/1134
f 1597/1656/1149 1592/1651/1144 1582/1641/1134
f 1595/1654/1147 1598/1657/1150 1582/1641/1134
f 1599/1658/1151 1600/1659/1152 1601/1660/1153 1602/1661/1154
f 1603/1662/1155 1604/1663/1156 1600/1659/1152 1599/1658/1151
f 1605/1664/1157 1606/1665/1158 1607/1666/1159 1608/1667/1160
f 1609/1668/1161 1610/1669/1162 1606/1665/1158 1605/1664/1157
f 1611/1670/1163 1612/1671/1164 1613/1672/1165 1614/1673/1166
f 1615/1674/1167 1616/1675/1168 1617/1676/1168 1618/1677/1169
f 1619/1678/1170 1617/1679/1168 1616/1680/1168 1620/1681/1171
f 1621/1682/1172 1615/1674/1167 1618/1677/1169 1622/1683/1173
f 1601/1660/1153 1623/1684/1174 1624/1685/1175 1602/1661/1154
f 1622/1683/1173 1624/1685/1175 1623/1684/1174 1621/1682/1172
f 1625/1686/1176 1626/1687/1177 1610/1669/1162 1609/1668/1161
f 1627/1688/1178 1628/1689/1179 1626/1687/1177 1625/1686/1176
f 1629/1690/1180 1619/1678/1170 1620/1681/1171 1630/1691/1181
f 1631/1692/1182 1629/1690/1180 1630/1691/1181 1632/1693/1183
f 1632/1693/1183 1611/1670/1163 1614/1673/1166 1631/1692/1182
f 1633/1694/1184 1634/1695/1185 1604/1663/1156 1603/1662/1155
f 1628/1689/1179 1627/1688/1178 1634/1695/1185 1633/1694/1184
f 1613/1672/1165 1612/1671/1164 1608/1667/1160 1607/1666/1159
f 344/362/295 433/455/379 436/458/382 345/363/296
f 438/460/384 1635/1696/1186 1636/1697/1187 439/461/385
f 1637/1698/1188 1638/1699/1189 1639/1700/1190 1640/1701/1188
f 431/453/378 413/435/360 416/438/363 432/454/378
f 428/450/375 419/441/366 422/444/369 429/451/376
f 1641/1702/1191 423/445/370 426/448/373 1642/1703/1192
f 1643/1704/1193 1644/1705/1194 1645/1706/1195 1646/1707/1196
f 1644/1705/1194 1647/1708/1197 1648/1709/1198 1645/1706/1195
f 1649/1710/1199 1650/1711/1200 1651/1712/1201 1652/1713/1202
f 1650/1711/1200 442/464/388 441/463/387 1651/1712/1201
f 1653/1714/1203 1643/1704/1193 1646/1707/1196 1654/1715/1204
f 1638/1699/1189 1649/1710/1199 1652/1713/1202 1639/1700/1190
f 444/466/390 1641/1702/1191 1642/1703/1192 443/465/389
f 445/467/391 343/361/294 346/364/294 446/468/392
f 1635/1696/1186 347/365/297 350/368/299 1636/1697/1187
f 434/456/380 409/431/356 408/430/355 435/457/381
f 440/462/386 1653/1714/1203 1654/1715/1204 437/459/383
f 1647/1708/1197 1637/1698/1188 1640/1701/1188 1648/1709/1198
f 1655/1716/482 1656/1717/482 1657/1718/487 1658/1719/487
f 1658/1719/487 1657/1718/487 1659/1720/273 1660/1721/273
f 1660/1721/273 1659/1720/273 1661/1722/465 1662/1723/465
f 1663/1724/476 1664/1725/476 1656/1717/482 1655/1716/482
f 1662/1723/465 1661/1722/465 1665/1726/464 1666/1727/464
f 1667/1728/470 1668/1729/470 1664/1725/476 1663/1724/476
f 1669/1730/471 1670/1731/471 1668/1732/470 1667/1733/470
f 1671/1734/478 1672/1735/478 1670/1731/471 1669/1730/471
f 1673/1736/217 1674/1737/217 1672/1735/478 1671/1734/478
f 1675/1738/216 1676/1739/216 1674/1737/217 1673/1736/217
f 1677/1740/461 1678/1741/461 1676/1739/216 1675/1738/216
f 1679/1742/467 1680/1743/467 1678/1741/461 1677/1740/461
f 1681/1744/474 1682/1745/474 1680/1743/467 1679/1742/467
f 1683/1746/480 1684/1747/480 1682/1745/474 1681/1744/474
f 1685/1748/485 1686/1749/485 1684/1747/480 1683/1746/480
f 1666/1727/464 1665/1726/464 1686/1749/485 1685/1748/485
f 935/975/743 1687/1750/1205 1688/1751/1205 936/976/743
f 1689/1752/1206 866/902/699 869/905/699 1690/1753/1206
f 1691/1754/470 1692/1755/470 1693/1756/1207 1694/1757/1207
f 1695/1758/273 1696/1759/273 1697/1760/1208 1698/1761/1208
f 857/893/694 954/994/753 955/995/753 858/894/694
f 909/945/725 1699/1762/1209 1700/1763/1209 910/946/725
f 867/903/700 908/944/724 911/947/724 868/904/700
f 1701/1764/1210 1702/1765/1210 1703/1766/478 1704/1767/478
f 1687/1750/1205 792/826/654 795/829/654 1688/1751/1205
f 1705/1768/1211 856/892/693 859/895/693 1706/1769/1211
f 1699/1762/1209 838/874/682 841/877/682 1700/1763/1209
f 897/933/716 1707/1770/1212 1708/1771/1212 898/934/716
f 1709/1772/482 1710/1773/482 1711/1774/1213 1712/1775/1213
f 1713/1776/1214 1714/1777/1214 1715/1778/216 1716/1779/216
f 1694/1757/1207 1693/1756/1207 1710/1773/482 1709/1772/482
f 1712/1775/1213 1711/1774/1213 1696/1759/273 1695/1758/273
f 1717/1780/1215 1718/1781/1215 1692/1782/470 1691/1783/470
f 831/867/680 944/984/748 945/985/748 832/868/680
f 1716/1779/216 1715/1778/216 1702/1765/1210 1701/1764/1210
f 1719/1784/474 1720/1785/474 1721/1786/467 1722/1787/467
f 1722/1787/467 1721/1786/467 1714/1777/1214 1713/1776/1214
f 1698/1761/1208 1697/1760/1208 1723/1788/464 1724/1789/464
f 1725/1790/480 1726/1791/480 1720/1785/474 1719/1784/474
f 839/875/683 896/932/715 899/935/715 840/876/683
f 887/923/711 1689/1752/1206 1690/1753/1206 888/924/711
f 1724/1789/464 1723/1788/464 1727/1792/485 1728/1793/485
f 1707/1770/1212 874/910/702 877/913/702 1708/1771/1212
f 1704/1767/478 1703/1766/478 1718/1781/1215 1717/1780/1215
f 1728/1793/485 1727/1792/485 1726/1791/480 1725/1790/480
f 797/831/657 1705/1768/1211 1706/1769/1211 798/832/657
f 809/843/663 934/974/742 937/977/742 810/844/663
f 918/956/731 886/922/710 889/925/710 919/957/731
f 1729/1794/1216 1730/1795/1216 1731/1796/1217 1732/1797/1217
f 1732/1797/1217 1731/1796/1217 1733/1798/1218 1734/1799/1218
f 1734/1799/1218 1733/1798/1218 1735/1800/1219 1736/1801/1219
f 1737/1802/1220 1738/1803/1220 1730/1795/1216 1729/1794/1216
f 1736/1801/1219 1735/1800/1219 1739/1804/1221 1740/1805/1221
f 1741/1806/1222 1742/1807/1222 1738/1803/1220 1737/1802/1220
f 1743/1808/1223 1744/1809/1223 1742/1807/1222 1741/1806/1222
f 1745/1810/1224 1746/1811/1224 1744/1809/1223 1743/1808/1223
f 1747/1812/1225 1748/1813/1225 1746/1811/1224 1745/1810/1224
f 1749/1814/1226 1750/1815/1226 1748/1813/1225 1747/1812/1225
f 1751/1816/1227 1752/1817/1227 1750/1815/1226 1749/1814/1226
f 1753/1818/1228 1754/1819/1228 1752/1817/1227 1751/1816/1227
f 1755/1820/1229 1756/1821/1229 1754/1819/1228 1753/1818/1228
f 1757/1822/1230 1758/1823/1230 1756/1821/1229 1755/1820/1229
f 1759/1824/1231 1760/1825/1231 1758/1823/1230 1757/1822/1230
f 1740/1805/1221 1739/1804/1221 1760/1825/1231 1759/1824/1231
f 1761/1826/1232 1762/1827/1233 1763/1828/1234 1764/1829/1235
f 1764/1829/1235 1763/1828/1234 1765/1830/1236 1766/1831/1237
f 1766/1831/1237 1765/1830/1236 1767/1832/1238 1768/1833/1238
f 1769/1834/1239 1770/1835/1240 1771/1836/1240 1772/1837/1239
f 1768/1833/1238 1767/1832/1238 1773/1838/1241 1774/1839/1241
f 1774/1839/1241 1773/1838/1241 1775/1840/1242 1776/1841/1243
f 1777/1842/1244 1778/1843/1245 1779/1844/1245 1780/1845/1244
f 1781/1846/1246 1782/1847/1247 1783/1848/1247 1784/1849/1246
f 1785/1850/1248 1786/1851/1249 1787/1852/1249 1788/1853/1248
f 1776/1841/1243 1775/1840/1242 1789/1854/1250 1790/1855/1251
f 1790/1855/1251 1789/1854/1250 1791/1856/1252 1792/1857/1253
f 1793/1858/1254 1794/1859/1255 1795/1860/1255 1796/1861/1256
f 1792/1857/1253 1791/1856/1252 1797/1862/1257 1798/1863/1258
f 1798/1863/1258 1797/1862/1257 1799/1864/1259 1800/1865/1260
f 1801/1866/1261 1802/1867/1262 1803/1868/1262 1804/1869/1261
f 1794/1859/1255 1805/1870/1263 1806/1871/1263 1795/1860/1255
f 1786/1851/1249 1807/1872/1264 1808/1873/1264 1787/1852/1249
f 1782/1847/1247 1809/1874/1265 1810/1875/1265 1783/1848/1247
f 1778/1843/1245 1811/1876/1266 1812/1877/1266 1779/1844/1245
f 1770/1835/1240 1813/1878/1267 1814/1879/1268 1771/1836/1240
f 1815/1880/1269 1793/1858/1254 1796/1861/1256 1816/1881/1269
f 1805/1870/1263 1785/1850/1248 1788/1853/1248 1806/1871/1263
f 1807/1872/1264 1781/1846/1246 1784/1849/1246 1808/1873/1264
f 1809/1874/1265 1777/1842/1244 1780/1845/1244 1810/1875/1265
f 1811/1882/1266 1769/1834/1239 1772/1837/1239 1812/1883/1266
f 1813/1878/1267 1815/1880/1269 1816/1881/1269 1814/1879/1268
f 1817/1884/1270 1818/1885/1271 1819/1886/1271 1820/1887/1270
f 1821/1888/1272 1822/1889/1273 1823/1890/1273 1824/1891/1272
f 1825/1892/1274 1826/1893/1275 1827/1894/1275 1828/1895/1274
f 1829/1896/1276 1830/1897/1277 1831/1898/1277 1832/1899/1276
f 1833/1900/1278 1821/1888/1272 1824/1891/1272 1834/1901/1278
f 1818/1885/1271 1833/1900/1278 1834/1901/1278 1819/1886/1271
f 1826/1893/1275 1817/1884/1270 1820/1887/1270 1827/1894/1275
f 1800/1865/1260 1799/1864/1259 1835/1902/1279 1836/1903/1279
f 1836/1903/1279 1835/1902/1279 1837/1904/1280 1838/1905/1280
f 1839/1906/1281 1825/1892/1274 1828/1895/1274 1840/1907/1281
f 1838/1905/1280 1837/1904/1280 1841/1908/1282 1842/1909/1282
f 1842/1909/1282 1841/1908/1282 1843/1910/1283 1844/1911/1284
f 1830/1897/1277 1845/1912/1285 1846/1913/1285 1831/1898/1277
f 1847/1914/1286 1848/1915/1287 1849/1916/1287 1850/1917/1286
f 1851/1918/1288 1847/1914/1286 1850/1917/1286 1852/1919/1288
f 1844/1911/1284 1843/1910/1283 1853/1920/1289 1854/1921/1290
f 1845/1912/1285 1839/1906/1281 1840/1907/1281 1846/1913/1285
f 1822/1889/1273 1801/1866/1261 1804/1869/1261 1823/1890/1273
f 1802/1867/1262 1851/1918/1288 1852/1919/1288 1803/1868/1262
f 1854/1921/1290 1853/1920/1289 1855/1922/1291 1856/1923/1292
f 1848/1915/1287 1829/1896/1276 1832/1899/1276 1849/1916/1287
f 1856/1923/1292 1855/1922/1291 1762/1827/1233 1761/1826/1232
f 1857/1924/1293 1858/1925/1293 1859/1926/1293 1860/1927/1293
f 1861/1928/1294 1862/1929/1294 1863/1930/1294 1864/1931/1294
f 1865/1932/1295 1866/1933/1295 1867/1934/1295 1868/1935/1295
f 1869/1936/1296 1870/1937/1296 1871/1938/1296 1872/1939/1296
f 1873/1940/1297 1874/1941/1297 1875/1942/1297 1876/1943/1297
f 1877/1944/244 274/290/244 277/293/244 1878/1945/244
f 1879/1946/244 1880/1947/244 1881/1948/244 1882/1949/244
f 1883/1950/244 1884/1951/244 1885/1952/244 1886/1953/244
f 1887/1954/1298 1888/1955/1299 1889/1956/1299 1890/1957/1298
f 1891/1958/244 1883/1950/244 1886/1953/244 1892/1959/244
f 1893/1960/244 1879/1946/244 1882/1949/244 1894/1961/244
f 1895/1962/244 1877/1944/244 1878/1945/244 1896/1963/244
f 1897/1964/244 1891/1958/244 1892/1959/244 1898/1965/244
f 1899/1966/244 1893/1960/244 1894/1961/244 1900/1967/244
f 1901/1968/244 1895/1962/244 1896/1963/244 1902/1969/244
f 1903/1970/244 1897/1964/244 1898/1965/244 1904/1971/244
f 1905/1972/244 1899/1966/244 1900/1967/244 1906/1973/244
f 1907/1974/244 1901/1968/244 1902/1969/244 1908/1975/244
f 275/291/244 1903/1970/244 1904/1971/244 276/292/244
f 1884/1951/244 1905/1972/244 1906/1973/244 1885/1952/244
f 1880/1947/244 1907/1974/244 1908/1975/244 1881/1948/244
f 1909/1976/1300 1910/1977/1301 1911/1978/1302 1912/1979/1300
f 1913/1980/1303 1914/1981/1304 1915/1982/1304 1916/1983/1305
f 1917/1984/1306 1887/1954/1298 1890/1957/1298 1918/1985/1306
f 1919/1986/1307 1913/1980/1303 1916/1983/1305 1920/1987/1307
f 1910/1977/1301 1921/1988/1308 1922/1989/1308 1911/1978/1302
f 1923/1990/1309 1924/1991/1310 1925/1992/1310 1926/1993/1309
f 1921/1988/1308 1917/1994/1306 1918/1995/1306 1922/1989/1308
f 1927/1996/1311 1919/1986/1307 1920/1987/1307 1928/1997/1312
f 1929/1998/1313 1923/1990/1309 1926/1993/1309 1930/1999/1313
f 1931/2000/1314 1927/1996/1311 1928/1997/1312 1932/2001/1314
f 1924/1991/1310 1933/2002/1315 1934/2003/1315 1925/1992/1310
f 1935/2004/1316 1929/1998/1313 1930/1999/1313 1936/2005/1316
f 1888/1955/1299 1931/2000/1314 1932/2001/1314 1889/1956/1299
f 1914/1981/1304 1935/2004/1316 1936/2005/1316 1915/1982/1304
f 1933/2002/1315 1909/1976/1300 1912/1979/1300 1934/2003/1315
f 1937/2006/244 1938/2007/244 1939/2008/244
f 1937/2006/244 1940/2009/244 1941/2010/244
f 1937/2006/244 1942/2011/244 1943/2012/244
f 1937/2006/244 1939/2008/244 1944/2013/244
f 1937/2006/244 1945/2014/244 1940/2009/244
f 1937/2006/244 1943/2012/244 1946/2015/244
f 1937/2006/244 1944/2013/244 1947/2016/244
f 1937/2006/244 1948/2017/244 1949/2018/244
f 1937/2006/244 1946/2015/244 1945/2014/244
f 1937/2006/244 1947/2016/244 1950/2019/244
f 1937/2006/244 1949/2018/244 1951/2020/244
f 1937/2006/244 1952/2021/244 1948/2017/244
f 1937/2006/244 1950/2019/244 1953/2022/244
f 1937/2006/244 1951/2020/244 1938/2007/244
f 1937/2006/244 1941/2010/244 1952/2021/244
f 1937/2006/244 1953/2022/244 1942/2011/244
f 1954/2023/1317 1955/2024/1317 1956/2025/1317 1957/2026/1317
f 1958/2027/1074 1959/2028/1074 1960/2029/1074 1961/2030/1074
f 1962/2031/216 1963/2032/216 1964/2033/216 1965/2034/216
f 1966/2035/470 1967/2036/470 1968/2037/470 1969/2038/470
f 1970/2039/1318 1971/2040/480 1972/2041/480 1973/2042/1318
f 1974/2043/273 1975/2044/273 1976/2045/273 1977/2046/273
f 1970/2039/1318 1973/2042/1318 1978/2047/1319 1979/2048/1319
f 1980/2049/1074 1958/2027/1074 1961/2030/1074 1981/2050/1074
f 1982/2051/216 1983/2052/216 1963/2032/216 1962/2031/216
f 1984/2053/273 1985/2054/273 1975/2044/273 1974/2043/273
f 1986/2055/1074 1987/2056/1074 1988/2057/1074 1989/2058/1074
f 1990/2059/480 1991/2060/480 1992/2061/480 1993/2062/480
f 1994/2063/273 1995/2064/273 1996/2065/273 1997/2066/273
f 1998/2067/1320 1999/2068/1320 2000/2069/1321 2001/2070/1321
f 2002/2071/216 2003/2072/216 2004/2073/216 2005/2074/216
f 1987/2056/1074 2006/2075/1074 2007/2076/1074 1988/2057/1074
f 1998/2067/1320 2008/2077/470 2009/2078/470 1999/2068/1320
f 2010/2079/1322 2011/2080/1322 2012/2081/1322 2013/2082/1322
f 2014/2083/273 2015/2084/273 1995/2064/273 1994/2063/273
f 2016/2085/216 2017/2086/216 2003/2072/216 2002/2071/216
f 2018/2087/1323 2019/2088/1323 2020/2089/1323 2021/2090/1323
f 2022/2091/1074 2023/2092/1074 2024/2093/1074 2025/2094/1074
f 2026/2095/470 2027/2096/470 2028/2097/470 2029/2098/470
f 2030/2099/273 2031/2100/273 2032/2101/273 2033/2102/273
f 2034/2103/1324 2035/2104/216 2036/2105/216 2037/2106/1324
f 2038/2107/480 2039/2108/480 2040/2109/480 2041/2110/480
f 2034/2103/1324 2037/2106/1324 2042/2111/1325 2043/2112/1325
f 2044/2113/1074 2022/2091/1074 2025/2094/1074 2045/2114/1074
f 2046/2115/470 2047/2116/470 2027/2096/470 2026/2095/470
f 2048/2117/480 2049/2118/480 2039/2108/480 2038/2107/480
f 2050/2119/1074 2051/2120/1074 2052/2121/1074 2053/2122/1074
f 2054/2123/216 2055/2124/216 2056/2125/216 2057/2126/216
f 2058/2127/480 2059/2128/480 2060/2129/480 2061/2130/480
f 2062/2131/1326 2063/2132/1326 2064/2133/1327 2065/2134/1327
f 2066/2135/470 2067/2136/470 2068/2137/470 2069/2138/470
f 2051/2120/1074 2070/2139/1074 2071/2140/1074 2052/2121/1074
f 2062/2131/1326 2072/2141/273 2073/2142/273 2063/2132/1326
f 2074/2143/1328 2075/2144/1328 2076/2145/1328 2077/2146/1328
f 2078/2147/480 2079/2148/480 2059/2128/480 2058/2127/480
f 2080/2149/470 2081/2150/470 2067/2136/470 2066/2135/470
f 2082/2151/1329 2083/2152/1329 2084/2153/1329 2085/2154/1329
f 2086/2155/1074 2087/2156/1074 2088/2157/1074 2089/2158/1074
f 2090/2159/478 2091/2160/478 2092/2161/478 2093/2162/478
f 2094/2163/482 2095/2164/482 2096/2165/482 2097/2166/482
f 2098/2167/1330 2099/2168/467 2100/2169/467 2101/2170/1330
f 2102/2171/464 2103/2172/464 2104/2173/464 2105/2174/464
f 2098/2167/1330 2101/2170/1330 2106/2175/1331 2107/2176/1331
f 2108/2177/1074 2086/2155/1074 2089/2158/1074 2109/2178/1074
f 2110/2179/478 2111/2180/478 2091/2160/478 2090/2159/478
f 2112/2181/464 2113/2182/464 2103/2172/464 2102/2171/464
f 2114/2183/1074 2115/2184/1074 2116/2185/1074 2117/2186/1074
f 2118/2187/467 2119/2188/467 2120/2189/467 2121/2190/467
f 2122/2191/464 2123/2192/464 2124/2193/464 2125/2194/464
f 2126/2195/1332 2127/2196/1332 2128/2197/1333 2129/2198/1333
f 2130/2199/478 2131/2200/478 2132/2201/478 2133/2202/478
f 2115/2184/1074 2134/2203/1074 2135/2204/1074 2116/2185/1074
f 2126/2195/1332 2136/2205/482 2137/2206/482 2127/2196/1332
f 2138/2207/1334 2139/2208/1334 2140/2209/1334 2141/2210/1334
f 2142/2211/464 2143/2212/464 2123/2192/464 2122/2191/464
f 2144/2213/478 2145/2214/478 2131/2200/478 2130/2199/478
f 2146/2215/1335 2147/2216/1335 2148/2217/1335 2149/2218/1335
f 2150/2219/1074 2151/2220/1074 2152/2221/1074 2153/2222/1074
f 2154/2223/482 2155/2224/482 2156/2225/482 2157/2226/482
f 2158/2227/464 2159/2228/464 2160/2229/464 2161/2230/464
f 2162/2231/1336 2163/2232/478 2164/2233/478 2165/2234/1336
f 2166/2235/467 2167/2236/467 2168/2237/467 2169/2238/467
f 2162/2231/1336 2165/2234/1336 2170/2239/1337 2171/2240/1337
f 2172/2241/1074 2150/2219/1074 2153/2222/1074 2173/2242/1074
f 2174/2243/482 2175/2244/482 2155/2224/482 2154/2223/482
f 2176/2245/467 2177/2246/467 2167/2236/467 2166/2235/467
f 2178/2247/1074 2179/2248/1074 2180/2249/1074 2181/2250/1074
f 2182/2251/478 2183/2252/478 2184/2253/478 2185/2254/478
f 2186/2255/467 2187/2256/467 2188/2257/467 2189/2258/467
f 2190/2259/1338 2191/2260/1338 2192/2261/1339 2193/2262/1339
f 2194/2263/482 2195/2264/482 2196/2265/482 2197/2266/482
f 2179/2248/1074 2198/2267/1074 2199/2268/1074 2180/2249/1074
f 2190/2259/1338 2200/2269/464 2201/2270/464 2191/2260/1338
f 2202/2271/1340 2203/2272/1340 2204/2273/1340 2205/2274/1340
f 2206/2275/467 2207/2276/467 2187/2256/467 2186/2255/467
f 2208/2277/482 2209/2278/482 2195/2264/482 2194/2263/482
f 2210/2279/1341 2211/2280/1342 2212/2281/1342 2213/2282/1341
f 2214/2283/1343 2215/2284/1344 2216/2285/1344 2217/2286/1343
f 2218/2287/1345 2219/2288/1346 2220/2289/1346 2221/2290/1347
f 2222/2291/1348 2223/2292/1349 2224/2293/1349 2225/2294/1348
f 2226/2295/1350 2218/2287/1345 2221/2290/1347 2227/2296/1350
f 2228/2297/1351 2229/2298/1352 2230/2299/1352 2231/2300/1353
f 2232/2301/1354 2228/2297/1351 2231/2300/1353 2233/2302/1354
f 2234/2303/1355 2235/2304/1356 2236/2305/1356 2237/2306/1355
f 2238/2307/1357 2239/2308/1358 2240/2309/1358 2241/2310/1357
f 2242/2311/1359 2243/2312/1360 2244/2313/1360 2245/2314/1361
f 2246/2315/1362 2247/2316/1363 2248/2317/1363 2249/2318/1362
f 2250/2319/1364 2210/2279/1341 2213/2282/1341 2251/2320/1364
f 2211/2280/1342 2252/2321/1365 2253/2322/1365 2212/2281/1342
f 2254/2323/1366 2255/2324/1367 2256/2325/1367 2257/2326/1366
f 2215/2284/1344 2258/2327/1368 2259/2328/1368 2216/2285/1344
f 2219/2288/1346 2260/2329/1369 2261/2330/1369 2220/2289/1346
f 2239/2308/1358 2262/2331/1370 2263/2332/1370 2240/2309/1358
f 2264/2333/1371 2265/2334/620 2266/2335/620 2267/2336/581
f 2268/2337/1372 2269/2338/585 2270/2339/585 2271/2340/584
f 2262/2331/1370 2254/2323/1366 2257/2326/1366 2263/2332/1370
f 2255/2324/1367 2214/2283/1343 2217/2286/1343 2256/2325/1367
f 2272/2341/1373 2273/2342/580 2274/2343/580 2275/2344/582
f 2276/2345/1374 2250/2319/1364 2251/2320/1364 2277/2346/1375
f 2265/2334/620 2268/2337/1372 2271/2340/584 2266/2335/620
f 2278/2347/1376 2279/2348/604 2280/2349/604 2281/2350/1377
f 2273/2342/580 2264/2333/1371 2267/2336/581 2274/2343/580
f 2282/2351/1378 2283/2352/1379 2284/2353/1379 2285/2354/1380
f 2260/2329/1369 2286/2355/1381 2287/2356/1382 2261/2330/1369
f 2243/2312/1360 2234/2303/1355 2237/2306/1355 2244/2313/1360
f 2288/2357/1383 2276/2345/1374 2277/2346/1375 2289/2358/1383
f 2290/2359/999 2291/2360/1010 2292/2361/1010 2293/2362/1384
f 2294/2363/1385 2295/2364/579 2296/2365/579 2297/2366/1385
f 2283/2352/1379 2242/2311/1359 2245/2314/1361 2284/2353/1379
f 2298/2367/578 2272/2341/1373 2275/2344/582 2299/2368/578
f 2233/2302/1354 2282/2351/1378 2285/2354/1380 2232/2301/1354
f 2269/2338/585 2278/2347/1376 2281/2350/1377 2270/2339/585
f 2258/2369/1368 2288/2357/1383 2289/2358/1383 2259/2328/1368
f 2300/2370/1009 2301/2371/1008 2302/2372/1008 2303/2373/1009
f 2247/2316/1363 2238/2307/1357 2241/2310/1357 2248/2317/1363
f 2235/2304/1356 2226/2295/1350 2227/2296/1350 2236/2305/1356
f 2286/2355/1381 2222/2291/1348 2225/2294/1348 2287/2374/1382
f 2291/2360/1010 2300/2370/1009 2303/2373/1009 2292/2361/1010
f 2304/2375/577 2298/2367/578 2299/2368/578 2305/2376/577
f 2252/2321/1365 2246/2315/1362 2249/2318/1362 2253/2322/1365
f 2279/2348/604 2290/2359/999 2293/2362/1384 2280/2349/604
f 2223/2292/1349 2230/2299/1352 2229/2298/1352 2224/2293/1349
f 2295/2364/579 2304/2375/577 2305/2376/577 2296/2365/579
f 2301/2371/1008 2294/2363/1385 2297/2366/1385 2302/2372/1008
f 2306/2377/273 2307/2378/273 2308/2379/273
f 2306/2377/273 2309/2380/273 2310/2381/273
f 2311/2382/273 2312/2383/273 2306/2377/273
f 2306/2377/273 2313/2384/273 2309/2380/273
f 2314/2385/273 2311/2382/273 2306/2377/273
f 2315/2386/273 2316/2387/273 2306/2377/273
f 2306/2377/273 2317/2388/273 2313/2384/273
f 2318/2389/273 2314/2385/273 2306/2377/273
f 2306/2377/273 2319/2390/273 2307/2378/273
f 2320/2391/273 2315/2386/273 2306/2377/273
f 2306/2377/273 2321/2392/273 2322/2393/273
f 2308/2379/273 2318/2389/273 2306/2377/273
f 2323/2394/273 2320/2391/273 2306/2377/273
f 2306/2377/273 2310/2381/273 2321/2392/273
f 2316/2387/273 2324/2395/273 2306/2377/273
f 2306/2377/273 2322/2393/273 2319/2390/273
f 2312/2383/273 2323/2394/273 2306/2377/273
f 2306/2377/273 2324/2395/273 2317/2388/273
f 2325/2396/244 2326/2397/244 2327/2398/244
f 2325/2396/244 2328/2399/244 2329/2400/244
f 2325/2396/244 2330/2401/244 2326/2397/244
f 2325/2396/244 2331/2402/244 2330/2401/244
f 2332/2403/244 2331/2402/244 2325/2396/244
f 2333/2404/244 2334/2405/244 2325/2396/244
f 2325/2396/244 2329/2400/244 2332/2403/244
f 2325/2396/244 2327/2398/244 2333/2404/244
f 2335/2406/244 2328/2399/244 2325/2396/244
f 2336/2407/1386 2337/2408/1387 2338/2409/1388 2339/2410/1389
f 2340/2411/1390 2341/2412/1390 2342/2413/1390 2343/2414/1390
f 2343/2414/1390 2342/2413/1390 2344/2415/1390
f 2342/2413/1390 2345/2416/1391 2344/2415/1390
f 2342/2413/1390 2346/2417/1392 2345/2416/1391
f 487/509/431 2347/2418/1393 468/490/412 460/482/404
f 2348/2419/1394 467/489/411 468/490/412 2349/2420/1395
f 458/480/402 2350/2421/1396 2339/2410/1389 455/477/399
f 468/490/412 2347/2418/1393 2351/2422/1397 2349/2420/1395
f 493/515/437 466/488/410 465/487/409 2352/2423/1398
f 2336/2407/1386 2339/2410/1389 2350/2421/1396 2353/2424/1399
f 2354/2425/1400 2355/2426/1401 2356/2427/1402
f 2355/2426/1401 2357/2428/1403 2356/2427/1402
f 2355/2426/1401 2358/2429/1404 2357/2428/1403
f 481/503/425 479/501/423 2338/2409/1388 2359/2430/1405
f 2360/2431/1401 2361/2432/1401 2355/2426/1401 2354/2425/1400
f 455/477/399 2339/2410/1389 2338/2409/1388 479/501/423
f 2337/2408/1387 2362/2433/1406 2359/2430/1405 2338/2409/1388
f 2363/2434/1407 2351/2422/1397 2347/2418/1393 2364/2435/1408
f 481/503/425 2359/2430/1405 2364/2435/1408 482/504/426
f 464/486/408 492/514/436 2354/2436/1400 2356/2437/1402
f 2363/2434/1407 2364/2435/1408 2359/2430/1405 2362/2433/1406
f 487/509/431 482/504/426 2364/2435/1408 2347/2418/1393
f 2365/2438/1409 2366/2439/1409 2367/2440/1410 2368/2441/1411
f 2368/2441/1411 2367/2440/1410 2369/2442/1412 2370/2443/1412
f 2370/2443/1412 2369/2442/1412 2371/2444/1413 2372/2445/1413
f 2372/2445/1413 2371/2444/1413 2373/2446/1414 2374/2447/1414
f 2374/2447/1414 2373/2446/1414 2375/2448/1415 2376/2449/1415
f 2376/2449/1415 2375/2448/1415 2377/2450/1416 2378/2451/1416
f 2378/2451/1416 2377/2450/1416 2379/2452/1417 2380/2453/1417
f 2380/2453/1417 2379/2452/1417 2381/2454/1418 2382/2455/1418
f 2383/2456/1419 2384/2457/1420 2385/2458/1420 2386/2459/1419
f 2387/2460/1421 2388/2461/1421 2389/2462/1422 2390/2463/1422
f 2390/2463/1422 2389/2462/1422 2391/2464/1423 2392/2465/1423
f 2392/2465/1423 2391/2464/1423 2393/2466/1424 2394/2467/1424
f 2394/2467/1424 2393/2466/1424 2395/2468/1425 2396/2469/1425
f 2396/2469/1425 2395/2468/1425 2397/2470/1426 2398/2471/1426
f 2398/2471/1426 2397/2470/1426 2399/2472/1427 2400/2473/1427
f 2400/2473/1427 2399/2472/1427 2401/2474/1428 2402/2475/1428
f 2402/2475/1428 2401/2474/1428 2403/2476/1429 2404/2477/1429
f 2405/2478/1430 2406/2479/1431 2407/2480/1432 2408/2481/1433
f 2409/2482/1434 2410/2483/1435 2411/2484/1436 2412/2485/1437
f 2413/2486/1438 2414/2487/1439 2415/2488/1440 2416/2489/1441
f 2417/2490/1442 2418/2491/1443 2419/2492/1444 2409/2482/1434
f 2420/2493/1445 2421/2494/1446 2422/2495/1447 2423/2496/1448
f 2406/2479/1431 2424/2497/1449 2418/2491/1443 2417/2490/1442
f 2417/2490/1442 2409/2482/1434 2412/2485/1437 2425/2498/1450
f 2426/2499/1451 2427/2500/1452 2424/2501/1449 2428/2502/1453
f 2429/2503/1454 2413/2486/1438 2416/2489/1441 2430/2504/1455
f 2418/2505/1443 2424/2501/1449 2427/2500/1452 2431/2506/1456
f 2429/2503/1454 2432/2507/1457 2423/2508/1448 2413/2486/1438
f 2433/2509/1458 2422/2495/1447 2421/2494/1446 2434/2510/1459
f 2435/2511/1460 2436/2512/1461 2437/2513/1462 2419/2514/1444
f 2413/2486/1438 2423/2508/1448 2422/2515/1447 2414/2487/1439
f 2409/2482/1434 2419/2492/1444 2437/2516/1462 2410/2483/1435
f 2410/2483/1435 2437/2516/1462 2432/2507/1457 2429/2503/1454
f 2414/2487/1439 2438/2517/1463 2439/2518/1464 2415/2488/1440
f 2432/2519/1457 2437/2513/1462 2436/2512/1461 2440/2520/1465
f 2410/2483/1435 2429/2503/1454 2430/2504/1455 2411/2484/1436
f 2406/2479/1431 2417/2490/1442 2425/2498/1450 2407/2480/1432
f 2405/2478/1430 2428/2521/1453 2424/2497/1449 2406/2479/1431
f 2441/2522/1466 2383/2456/1419 2386/2459/1419 2442/2523/1466
f 2443/2524/1467 2444/2525/1468 2445/2526/1468 2446/2527/1467
f 2447/2528/1469 2441/2522/1466 2442/2523/1466 2448/2529/1469
f 2449/2530/1470 2443/2524/1467 2446/2527/1467 2450/2531/1470
f 2451/2532/1471 2447/2528/1469 2448/2529/1469 2452/2533/1471
f 2453/2534/1472 2449/2530/1470 2450/2531/1470 2454/2535/1472
f 2384/2457/1420 2453/2534/1472 2454/2535/1472 2385/2458/1420
f 2455/2536/1421 2456/2537/1421 2457/2538/1473 2458/2539/1473
f 2458/2539/1473 2457/2538/1473 2459/2540/1423 2460/2541/1423
f 2460/2541/1423 2459/2540/1423 2461/2542/1424 2462/2543/1424
f 2462/2543/1424 2461/2542/1424 2463/2544/1425 2464/2545/1425
f 2464/2545/1425 2463/2544/1425 2465/2546/1426 2466/2547/1426
f 2466/2547/1426 2465/2546/1426 2467/2548/1427 2468/2549/1427
f 2468/2549/1427 2467/2548/1427 2469/2550/1428 2470/2551/1428
f 2470/2551/1428 2469/2550/1428 2471/2552/1429 2472/2553/1429
f 2473/2554/1474 2474/2555/1475 2475/2556/1476 2476/2557/1477
f 2474/2558/1475 2477/2559/216 2478/2560/216 2479/2561/1478
f 2480/2562/1479 2481/2563/216 2482/2564/216 2483/2565/1480
f 2484/2566/1481 2480/2567/1479 2485/2568/1482 2486/2569/1483
f 2479/2570/1478 2484/2566/1481 2486/2569/1483 2487/2571/1484
f 2473/2572/1474 2488/2573/216 2477/2559/216 2474/2558/1475
f 2489/2574/1485 2473/2554/1474 2476/2557/1477 2490/2575/1486
f 2483/2576/1480 2491/2577/1487 2492/2578/1488 2493/2579/1489
f 2494/2580/1490 2495/2581/1491 2496/2582/1491 2497/2583/1492
f 2498/2584/1493 2494/2580/1490 2497/2583/1492 2499/2585/1493
f 2500/2586/1494 2501/2587/1495 2502/2588/1495 2503/2589/1494
f 2504/2590/1496 2489/2574/1485 2490/2575/1486 2505/2591/1497
f 2474/2555/1475 2479/2570/1478 2487/2571/1484 2475/2556/1476
f 2480/2567/1479 2483/2576/1480 2493/2579/1489 2485/2568/1482
f 2489/2592/1485 2506/2593/1498 2488/2573/216 2473/2572/1474
f 2479/2561/1478 2478/2560/216 2507/2594/216 2484/2595/1481
f 2484/2595/1481 2507/2594/216 2481/2563/216 2480/2562/1479
f 2508/2596/1499 2509/2597/1500 2510/2598/1500 2511/2599/1501
f 2501/2587/1495 2508/2596/1499 2511/2599/1501 2502/2588/1495
f 2483/2565/1480 2482/2564/216 2512/2600/216 2491/2601/1487
f 2513/2602/1502 2514/2603/1503 2515/2604/1503 2516/2605/1502
f 2514/2603/1503 2498/2584/1493 2499/2585/1493 2515/2604/1503
f 2509/2597/1500 2513/2602/1502 2516/2605/1502 2510/2598/1500
f 2504/2606/1496 2517/2607/216 2506/2593/1498 2489/2592/1485
f 2518/2608/1504 2519/2609/1504 2520/2610/1504 2521/2611/1504
f 2522/2612/1505 2523/2613/1505 2524/2614/1505 2525/2615/1505
f 2526/2616/1506 2527/2617/1506 2528/2618/1506 2529/2619/1506
f 2530/2620/1507 2531/2621/1507 2532/2622/1507 2533/2623/1507
f 2534/2624/1508 2535/2625/1508 2536/2626/1508 2537/2627/1508
f 2538/2628/1509 2539/2629/1509 2540/2630/1509 2541/2631/1509
f 2542/2632/1510 2543/2633/1510 2544/2634/1510 2545/2635/1510
f 2546/2636/1511 2547/2637/1511 2548/2638/1511 2549/2639/1511
f 2550/2640/1512 2551/2641/1512 2552/2642/1512 2553/2643/1512
f 2554/2644/1513 2555/2645/1513 2556/2646/1513 2557/2647/1513
f 2558/2648/1514 2559/2649/1514 2560/2650/1514 2561/2651/1514
f 2562/2652/1515 2563/2653/1515 2564/2654/1515 2565/2655/1515
f 2566/2656/1516 2567/2657/1516 2568/2658/1516 2569/2659/1516
f 2570/2660/1517 2571/2661/1517 2572/2662/1517 2573/2663/1517
f 2574/2664/1518 2575/2665/1518 2576/2666/1518 2577/2667/1518
f 2578/2668/1519 2579/2669/1519 2580/2670/1519 2581/2671/1519
f 2582/2672/1520 2583/2673/1520 2584/2674/1520 2585/2675/1520
f 2586/2676/1521 2587/2677/1521 2588/2678/1521 2589/2679/1521
f 2590/2680/1522 2591/2681/1522 2592/2682/1522 2593/2683/1522
f 2594/2684/1523 2595/2685/1523 2596/2686/1523 2597/2687/1523
f 2598/2688/1524 2599/2689/1524 2600/2690/1524 2601/2691/1524
f 2602/2692/1525 2603/2693/1525 2604/2694/1525 2605/2695/1525
f 2606/2696/1526 2607/2697/1526 2608/2698/1526 2609/2699/1526
f 2610/2700/1527 2611/2701/1527 2612/2702/1527 2613/2703/1527
f 2414/2487/1439 2422/2515/1447 2433/2704/1458 2438/2517/1463
f 2614/2705/1528 2615/2706/1529 2616/2707/1530 2617/2708/1531
f 2615/2706/1529 2618/2709/1532 2619/2710/1533 2616/2707/1530
f 2620/2711/1534 2621/2712/1535 2622/2713/1536 2623/2714/1537
f 2624/2715/1538 2625/2716/1539 2626/2717/1540 2627/2718/1541
f 2625/2716/1539 2620/2711/1534 2623/2714/1537 2626/2717/1540
f 2618/2709/1532 2624/2715/1538 2627/2718/1541 2619/2710/1533
f 2628/2719/1542 2629/2720/1543 2630/2721/1544 2631/2722/1545
f 2621/2712/1535 2628/2719/1542 2631/2722/1545 2622/2713/1536
f 2617/2708/1531 2616/2707/1530 2427/2500/1452 2426/2499/1451
f 2616/2707/1530 2619/2710/1533 2431/2506/1456 2427/2500/1452
f 2619/2710/1533 2627/2718/1541 2435/2511/1460 2431/2506/1456
f 2627/2718/1541 2626/2717/1540 2436/2512/1461 2435/2511/1460
f 2626/2717/1540 2623/2714/1537 2440/2520/1465 2436/2512/1461
f 2623/2714/1537 2622/2713/1536 2420/2493/1445 2440/2520/1465
f 2622/2713/1536 2631/2722/1545 2421/2494/1446 2420/2493/1445
f 2631/2722/1545 2630/2721/1544 2434/2510/1459 2421/2494/1446
f 2431/2506/1456 2435/2511/1460 2419/2514/1444 2418/2505/1443
f 2440/2520/1465 2420/2493/1445 2423/2496/1448 2432/2519/1457
f 2632/2723/1546 2633/2724/1547 2634/2725/1547 2635/2726/1546
f 2636/2727/1548 2637/2728/1549 2638/2729/1549 2639/2730/1548
f 2633/2724/1547 2640/2731/1550 2641/2732/1550 2634/2725/1547
f 2637/2728/1549 2642/2733/1551 2643/2734/1551 2638/2729/1549
f 2640/2731/1550 2644/2735/1552 2645/2736/1552 2641/2732/1550
f 2642/2733/1551 2646/2737/1553 2647/2738/1553 2643/2734/1551
f 2646/2737/1553 2648/2739/1554 2649/2740/1554 2647/2738/1553
f 2650/2741/273 2651/2742/273 2652/2743/273 2653/2744/273
f 2654/2745/273 2655/2746/273 2656/2747/273 2657/2748/273
f 2658/2749/273 2659/2750/273 2660/2751/273 2661/2752/273
f 2662/2753/273 2650/2741/273 2653/2744/273 2663/2754/273
f 2664/2755/273 2654/2745/273 2657/2748/273 2665/2756/273
f 2651/2742/273 2658/2749/273 2661/2752/273 2652/2743/273
f 2666/2757/273 2662/2753/273 2663/2754/273 2667/2758/273
f 2659/2750/273 2664/2755/273 2665/2756/273 2660/2751/273
f 2668/2759/216 2669/2760/216 2670/2761/216
f 2671/2762/216 2668/2759/216 2670/2761/216
f 2672/2763/216 2673/2764/216 2670/2761/216
f 2674/2765/216 2671/2762/216 2670/2761/216
f 2675/2766/216 2672/2763/216 2670/2761/216
f 2676/2767/216 2674/2765/216 2670/2761/216
f 2677/2768/216 2675/2766/216 2670/2761/216
f 2669/2760/216 2677/2768/216 2670/2761/216
f 2648/2739/1554 2632/2723/1546 2635/2726/1546 2649/2740/1554
f 2678/2769/273 2679/2770/273 2680/2771/273
f 2681/2772/273 2678/2769/273 2680/2771/273
f 2682/2773/273 2681/2772/273 2680/2771/273
f 2683/2774/273 2684/2775/273 2680/2771/273
f 2685/2776/273 2682/2773/273 2680/2771/273
f 2686/2777/273 2683/2774/273 2680/2771/273
f 2679/2770/273 2686/2777/273 2680/2771/273
f 2687/2778/487 2688/2779/273 2689/2780/273 2690/2781/487
f 2691/2782/465 2692/2783/464 2693/2784/464 2694/2785/465
f 2695/2786/480 2696/2787/1555 2697/2788/1555 2698/2789/480
f 2699/2790/471 2700/2791/470 2701/2792/470 2702/2793/471
f 2703/2794/478 2699/2790/471 2702/2793/471 2704/2795/478
f 2688/2779/273 2691/2782/465 2694/2785/465 2689/2780/273
f 2705/2796/1556 2695/2786/480 2698/2789/480 2706/2797/1556
f 2707/2798/482 2687/2778/487 2690/2781/487 2708/2799/482
f 2709/2800/1557 2710/2801/1558 2711/2802/1557
f 2712/2803/470 2713/2804/470 692/724/575 691/723/575
f 2714/2805/1557 2715/2806/1559 2711/2802/1557
f 2716/2807/1558 2709/2800/1557 2711/2802/1557
f 2715/2806/1559 2717/2808/1559 2711/2802/1557
f 2718/2809/1559 2719/2810/1558 2711/2802/1557
f 2717/2808/1559 2720/2811/1559 2711/2802/1557
f 2721/2812/1558 2714/2805/1557 2711/2802/1557
f 2720/2811/1559 2722/2813/1559 2711/2802/1557
f 2723/2814/1559 2718/2809/1559 2711/2802/1557
f 2710/2801/1558 2721/2812/1558 2711/2802/1557
f 2722/2813/1559 2723/2814/1559 2711/2802/1557
f 2711/2802/1557 2719/2810/1558 2716/2807/1558
f 221/235/202 2724/2815/1560 2725/2816/1561
f 221/235/202 2726/2817/1562 2727/2818/1563
f 221/235/202 2728/2819/1564 551/575/492
f 221/235/202 2725/2816/1561 2726/2817/1562
f 221/235/202 2729/2820/1565 2728/2819/1564
f 221/235/202 552/576/493 2724/2815/1560
f 221/235/202 223/237/204 2730/2821/1566
f 221/235/202 2731/2822/1567 2729/2820/1565
f 221/235/202 2730/2821/1566 2731/2822/1567
f 221/235/202 2727/2818/1563 222/236/203
f 245/261/217 2703/2794/478 2704/2795/478 246/262/217
f 2732/2823/461 244/260/216 247/263/216 2733/2824/461
f 2692/2783/464 2705/2796/1556 2706/2797/1556 2693/2784/464
f 2696/2787/1555 2734/2825/467 2735/2826/467 2697/2788/1555
f 2700/2827/470 2736/2828/476 2737/2829/476 2701/2830/470
f 2736/2828/476 2707/2798/482 2708/2799/482 2737/2829/476
f 2734/2825/467 2732/2823/461 2733/2824/461 2735/2826/467
f 2738/2831/244 2739/2832/244 2740/2833/244
f 2738/2831/244 2741/2834/244 2742/2835/244
f 2738/2831/244 2743/2836/244 2744/2837/244
f 2738/2831/244 2745/2838/244 2739/2832/244
f 2738/2831/244 2742/2835/244 2746/2839/244
f 2738/2831/244 2747/2840/244 2748/2841/244
f 2738/2831/244 2744/2837/244 2749/2842/244
f 2738/2831/244 2748/2841/244 2743/2836/244
f 2738/2831/244 2750/2843/244 2751/2844/244
f 2738/2831/244 2740/2833/244 2752/2845/244
f 2738/2831/244 2752/2845/244 2741/2834/244
f 2738/2831/244 2749/2842/244 2753/2846/244
f 2738/2831/244 2751/2844/244 2745/2838/244
f 2738/2831/244 2746/2839/244 2754/2847/244
f 2738/2831/244 2754/2847/244 2747/2840/244
f 2738/2831/244 2753/2846/244 2750/2843/244
f 2755/2848/1568 2756/2849/1569 2757/2850/1570 2758/2851/1571
f 2759/2852/1572 2760/2853/1573 2761/2854/1574 2762/2855/1575
f 2763/2856/1576 2764/2857/1577 2765/2858/1578 2766/2859/1579
f 2767/2860/1580 2768/2861/1581 2769/2862/1582 2770/2863/1583
f 2770/2863/1583 2769/2862/1582 2757/2850/1570 2756/2849/1569
f 2762/2864/1575 2761/2865/1574 2755/2848/1568 2758/2851/1571
f 2764/2857/1577 2763/2856/1576 2760/2853/1573 2759/2852/1572
f 2768/2861/1581 2767/2860/1580 2766/2859/1579 2765/2858/1578
f 2758/2851/1571 2771/2866/1584 2772/2867/1585 2762/2864/1575
f 2762/2855/1575 2772/2868/1585 2773/2869/1586 2759/2852/1572
f 2774/2870/1587 2775/2871/1588 2776/2872/1589 2777/2873/1590
f 2778/2874/1591 2779/2875/1592 2775/2876/1588 2774/2877/1587
f 2780/2878/1593 2781/2879/1594 2777/2873/1590 2776/2872/1589
f 2782/2880/1595 2764/2857/1577 2759/2852/1572 2773/2869/1586
f 2769/2862/1582 2783/2881/1596 2784/2882/1597 2757/2850/1570
f 2757/2850/1570 2784/2882/1597 2771/2866/1584 2758/2851/1571
f 2785/2883/1598 2786/2884/1599 2779/2875/1592 2778/2874/1591
f 2787/2885/1600 2788/2886/1601 2786/2884/1599 2785/2883/1598
f 2789/2887/1602 2790/2888/1603 2791/2889/1604 2792/2890/1605
f 2793/2891/1606 2794/2892/1607 2790/2893/1603 2789/2894/1602
f 2795/2895/1608 2796/2896/1609 2792/2890/1605 2791/2889/1604
f 2797/2897/1610 2798/2898/1611 2794/2892/1607 2793/2891/1606
f 2799/2899/1612 2800/2900/1613 2798/2898/1611 2797/2897/1610
f 2801/2901/1614 2802/2902/1615 2803/2903/1616 2804/2904/1617
f 2802/2905/1615 2801/2906/1614 2805/2907/1618 2806/2908/1619
f 2807/2909/1620 2808/2910/1621 2804/2904/1617 2803/2903/1616
f 2809/2911/1622 2810/2912/1623 2806/2908/1619 2805/2907/1618
f 2811/2913/1624 2812/2914/1625 2810/2912/1623 2809/2911/1622
f 2813/2915/1626 2814/2916/1627 2815/2917/1628 2816/2918/1629
f 2817/2919/1630 2815/2917/1628 2814/2916/1627 2818/2920/1631
f 2816/2918/1629 2819/2921/1632 2820/2922/1633 2813/2915/1626
f 2821/2923/1634 2820/2924/1633 2819/2925/1632 2822/2926/1635
f 2822/2926/1635 2823/2927/1636 2824/2928/1637 2821/2923/1634
f 2825/2929/1638 2826/2930/1639 2827/2931/1640 2828/2932/1641
f 2829/2933/1642 2830/2934/1643 2831/2935/1574 2832/2936/1644
f 2832/2936/1644 2833/2937/1576 2834/2938/1645 2829/2933/1642
f 2835/2939/1646 2825/2929/1638 2828/2932/1641 2836/2940/1647
f 2837/2941/1648 2827/2942/1640 2826/2943/1639 2838/2944/1649
f 2839/2945/1650 2831/2946/1574 2830/2947/1643 2840/2948/1651
f 2841/2949/1652 2842/2950/1653 2843/2951/1654 2844/2952/1655
f 2844/2952/1655 2845/2953/1656 2846/2954/1657 2841/2949/1652
f 2847/2955/1658 2843/2956/1654 2842/2957/1653 2848/2958/1659
f 2849/2959/1660 2850/2960/1661 2851/2961/1662 2852/2962/1663
f 2846/2954/1657 2845/2953/1656 2853/2963/1664 2854/2964/1665
f 2855/2965/1666 2850/2960/1661 2849/2959/1660 2856/2966/1667
f 2857/2967/1668 2854/2964/1665 2853/2963/1664 2858/2968/1669
f 2859/2969/1670 2852/2962/1663 2851/2961/1662 2860/2970/1671
f 2835/2939/1646 2836/2940/1647 2861/2971/1672 2862/2972/1673
f 2863/2973/1674 2862/2972/1673 2861/2971/1672 2864/2974/1675
f 2833/2937/1576 2865/2975/1676 2866/2976/1677 2834/2938/1645
f 2867/2977/1678 2866/2976/1677 2865/2975/1676 2868/2978/1580
f 2856/2966/1667 2869/2979/1679 2870/2980/1680 2855/2965/1666
f 2871/2981/1681 2870/2982/1680 2869/2983/1679 2872/2984/1682
f 2824/2928/1637 2823/2927/1636 2873/2985/1683 2874/2986/1684
f 2875/2987/1685 2874/2986/1684 2873/2985/1683 2876/2988/1686
f 2877/2989/1687 2808/2910/1621 2807/2909/1620 2878/2990/1688
f 2879/2991/1689 2880/2992/1690 2877/2989/1687 2878/2990/1688
f 2881/2993/1691 2796/2896/1609 2795/2895/1608 2882/2994/1692
f 2881/2993/1691 2882/2994/1692 2883/2995/1693 2884/2996/1694
f 2872/2984/1682 2885/2997/1695 2886/2998/1696 2871/2981/1681
f 2848/2958/1659 2887/2999/1697 2888/3000/1698 2847/2955/1658
f 2889/3001/1699 2886/2998/1696 2885/2997/1695 2890/3002/1700
f 2891/3003/1701 2888/3000/1698 2887/2999/1697 2892/3004/1702
f 2838/2944/1649 2893/3005/1703 2894/3006/1704 2837/2941/1648
f 2893/3005/1703 2895/3007/1705 2896/3008/1706 2894/3006/1704
f 2884/2996/1694 2883/2995/1693 2800/2900/1613 2799/2899/1612
f 2880/2992/1690 2879/2991/1689 2812/2914/1625 2811/2913/1624
f 2897/3009/1707 2898/3010/1708 2788/2886/1601 2787/2885/1600
f 2898/3010/1708 2897/3009/1707 2899/3011/1709 2900/3012/1710
f 2899/3011/1709 2781/2879/1594 2780/2878/1593 2900/3012/1710
f 2765/2858/1578 2764/2857/1577 2782/2880/1595 2901/3013/1711
f 2902/3014/1712 2768/2861/1581 2765/2858/1578 2901/3013/1711
f 2768/2861/1581 2902/3014/1712 2783/2881/1596 2769/2862/1582
f 2818/2920/1631 2875/2987/1685 2876/2988/1686 2817/2919/1630
f 2890/3002/1700 2859/2969/1670 2860/2970/1671 2889/3001/1699
f 2892/3004/1702 2857/2967/1668 2858/2968/1669 2891/3003/1701
f 2895/3007/1705 2863/2973/1674 2864/2974/1675 2896/3008/1706
f 2868/2978/1580 2903/3015/1583 2904/3016/1713 2867/2977/1678
f 2903/3015/1583 2905/3017/1714 2906/3018/1715 2904/3016/1713
f 2839/2945/1650 2840/2948/1651 2906/3018/1715 2905/3017/1714
f 2778/2874/1591 2774/2877/1587 2772/2867/1585 2771/2866/1584
f 2774/2870/1587 2777/2873/1590 2773/2869/1586 2772/2868/1585
f 2789/2887/1602 2792/2890/1605 2776/2872/1589 2775/2871/1588
f 2793/2891/1606 2789/2894/1602 2775/2876/1588 2779/2875/1592
f 2782/2880/1595 2773/2869/1586 2777/2873/1590 2781/2879/1594
f 2792/2890/1605 2796/2896/1609 2780/2878/1593 2776/2872/1589
f 2787/2885/1600 2785/2883/1598 2784/2882/1597 2783/2881/1596
f 2785/2883/1598 2778/2874/1591 2771/2866/1584 2784/2882/1597
f 2797/2897/1610 2793/2891/1606 2779/2875/1592 2786/2884/1599
f 2799/2899/1612 2797/2897/1610 2786/2884/1599 2788/2886/1601
f 2801/2901/1614 2804/2904/1617 2791/2889/1604 2790/2888/1603
f 2805/2907/1618 2801/2906/1614 2790/2893/1603 2794/2892/1607
f 2804/2904/1617 2808/2910/1621 2795/2895/1608 2791/2889/1604
f 2809/2911/1622 2805/2907/1618 2794/2892/1607 2798/2898/1611
f 2811/2913/1624 2809/2911/1622 2798/2898/1611 2800/2900/1613
f 2820/2924/1633 2821/2923/1634 2803/2903/1616 2802/2902/1615
f 2813/2915/1626 2820/2922/1633 2802/2905/1615 2806/2908/1619
f 2821/2923/1634 2824/2928/1637 2807/2909/1620 2803/2903/1616
f 2814/2916/1627 2813/2915/1626 2806/2908/1619 2810/2912/1623
f 2818/2920/1631 2814/2916/1627 2810/2912/1623 2812/2914/1625
f 2885/2997/1695 2872/2984/1682 2816/2918/1629 2815/2917/1628
f 2890/3002/1700 2885/2997/1695 2815/2917/1628 2817/2919/1630
f 2872/2984/1682 2869/2983/1679 2819/2921/1632 2816/2918/1629
f 2869/2979/1679 2856/2966/1667 2822/2926/1635 2819/2925/1632
f 2856/2966/1667 2849/2959/1660 2823/2927/1636 2822/2926/1635
f 2844/2952/1655 2843/2951/1654 2826/2930/1639 2825/2929/1638
f 2830/2934/1643 2829/2933/1642 2828/2932/1641 2827/2931/1640
f 2836/2940/1647 2828/2932/1641 2829/2933/1642 2834/2938/1645
f 2845/2953/1656 2844/2952/1655 2825/2929/1638 2835/2939/1646
f 2840/2948/1651 2830/2947/1643 2827/2942/1640 2837/2941/1648
f 2843/2956/1654 2847/2955/1658 2838/2944/1649 2826/2943/1639
f 2855/2965/1666 2870/2980/1680 2842/2950/1653 2841/2949/1652
f 2850/2960/1661 2855/2965/1666 2841/2949/1652 2846/2954/1657
f 2870/2982/1680 2871/2981/1681 2848/2958/1659 2842/2957/1653
f 2846/2954/1657 2854/2964/1665 2851/2961/1662 2850/2960/1661
f 2873/2985/1683 2823/2927/1636 2849/2959/1660 2852/2962/1663
f 2835/2939/1646 2862/2972/1673 2853/2963/1664 2845/2953/1656
f 2860/2970/1671 2851/2961/1662 2854/2964/1665 2857/2967/1668
f 2862/2972/1673 2863/2973/1674 2858/2968/1669 2853/2963/1664
f 2876/2988/1686 2873/2985/1683 2852/2962/1663 2859/2969/1670
f 2834/2938/1645 2866/2976/1677 2861/2971/1672 2836/2940/1647
f 2866/2976/1677 2867/2977/1678 2864/2974/1675 2861/2971/1672
f 2878/2990/1688 2807/2909/1620 2824/2928/1637 2874/2986/1684
f 2879/2991/1689 2878/2990/1688 2874/2986/1684 2875/2987/1685
f 2882/2994/1692 2795/2895/1608 2808/2910/1621 2877/2989/1687
f 2883/2995/1693 2882/2994/1692 2877/2989/1687 2880/2992/1690
f 2900/3012/1710 2780/2878/1593 2796/2896/1609 2881/2993/1691
f 2898/3010/1708 2900/3012/1710 2881/2993/1691 2884/2996/1694
f 2887/2999/1697 2848/2958/1659 2871/2981/1681 2886/2998/1696
f 2893/3005/1703 2838/2944/1649 2847/2955/1658 2888/3000/1698
f 2892/3004/1702 2887/2999/1697 2886/2998/1696 2889/3001/1699
f 2895/3007/1705 2893/3005/1703 2888/3000/1698 2891/3003/1701
f 2906/3018/1715 2840/2948/1651 2837/2941/1648 2894/3006/1704
f 2904/3016/1713 2906/3018/1715 2894/3006/1704 2896/3008/1706
f 2880/2992/1690 2811/2913/1624 2800/2900/1613 2883/2995/1693
f 2788/2886/1601 2898/3010/1708 2884/2996/1694 2799/2899/1612
f 2875/2987/1685 2818/2920/1631 2812/2914/1625 2879/2991/1689
f 2783/2881/1596 2902/3014/1712 2897/3009/1707 2787/2885/1600
f 2902/3014/1712 2901/3013/1711 2899/3011/1709 2897/3009/1707
f 2901/3013/1711 2782/2880/1595 2781/2879/1594 2899/3011/1709
f 2859/2969/1670 2890/3002/1700 2817/2919/1630 2876/2988/1686
f 2857/2967/1668 2892/3004/1702 2889/3001/1699 2860/2970/1671
f 2863/2973/1674 2895/3007/1705 2891/3003/1701 2858/2968/1669
f 2867/2977/1678 2904/3016/1713 2896/3008/1706 2864/2974/1675
f 2907/3019/273 2908/3020/273 2909/3021/273
f 2910/3022/216 2911/3023/216 2912/3024/216
f 2912/3024/216 2913/3025/216 2914/3026/216
f 2915/3027/216 2913/3025/216 2912/3024/216
f 2912/3024/216 2911/3023/216 2915/3027/216
f 2916/3028/216 2910/3022/216 2912/3024/216
f 2912/3024/216 2914/3026/216 2917/3029/216
f 2918/3030/273 2919/3031/273 2909/3021/273
f 2909/3021/273 2920/3032/273 2907/3019/273
f 2909/3021/273 2921/3033/273 2920/3032/273
f 2909/3021/273 2922/3034/273 2921/3033/273
f 2917/3029/216 2923/3035/216 2912/3024/216
f 2908/3020/273 2924/3036/273 2909/3021/273
f 2909/3021/273 2919/3031/273 2922/3034/273
f 2923/3035/216 2916/3028/216 2912/3024/216
f 2909/3021/273 2924/3036/273 2918/3030/273
f 2680/2771/273 2684/2775/273 2925/3037/273
f 2926/3038/1716 2927/3039/1717 2928/3040/1718 2929/3041/1719
f 2930/3042/1720 2931/3043/1721 2927/3039/1717 2926/3038/1716
f 2932/3044/1722 2933/3045/1723 2934/3046/1723 2935/3047/1724
f 2936/3048/1725 2937/3049/1726 2938/3050/1727 2939/3051/1728
f 2940/3052/1729 2941/3053/1730 2942/3054/1731 2943/3055/1732
f 2939/3051/1728 2938/3050/1727 2944/3056/1733 2945/3057/1734
f 2946/3058/1735 2947/3059/1736 2941/3053/1730 2948/3060/1737
f 2949/3061/1738 2950/3062/1739 2951/3063/1740
f 2952/3064/1741 2953/3065/1742 2954/3066/1743 2955/3067/1744
f 2956/3068/1745 2957/3069/1746 2953/3065/1742 2952/3064/1741
f 2958/3070/1747 2959/3071/1748 2960/3072/1749 2961/3073/1750
f 2962/3074/1751 2963/3075/1752 2941/3053/1730 2940/3052/1729
f 2946/3058/1735 2948/3060/1737 2964/3076/1753 2965/3077/1754
f 2966/3078/1755 2967/3079/1756 2968/3080/1757 2969/3081/1758
f 2948/3060/1737 2970/3082/1759 2971/3083/1760 2964/3076/1753
f 2970/3082/1759 2972/3084/1761 2973/3085/1762 2971/3083/1760
f 2974/3086/1763 2975/3087/1764 2951/3063/1740 2950/3062/1739
f 2965/3077/1754 2976/3088/1765 2946/3058/1735
f 2977/3089/1766 2975/3087/1764 2974/3086/1763
f 2978/3090/1767 2979/3091/1768 2950/3062/1739
f 2980/3092/1769 2981/3093/1770 2982/3094/1771 2983/3095/1772
f 2984/3096/1773 2985/3097/1774 2986/3098/1775 2977/3089/1766
f 2929/3041/1719 2928/3040/1718 2987/3099/1776 2988/3100/1777
f 2955/3067/1744 2954/3066/1743 2989/3101/1778 2990/3102/1779
f 2988/3100/1777 2987/3099/1776 2981/3093/1770 2980/3092/1769
f 2990/3102/1779 2989/3101/1778 2985/3097/1774 2984/3096/1773
f 2991/3103/1780 2992/3104/1781 2993/3105/1782 2994/3106/1783
f 2995/3107/1784 2996/3108/1785 2997/3109/1786 2998/3110/1787
f 2998/3110/1787 2997/3109/1786 2991/3103/1780 2994/3106/1783
f 2999/3111/1788 3000/3112/1789 3001/3113/1790 3002/3114/1791
f 3003/3115/1792 3004/3116/1793 3005/3117/1794 3006/3118/1795
f 3006/3118/1795 3001/3113/1790 3000/3112/1789 3003/3115/1792
f 2963/3075/1752 2958/3070/1747 2961/3073/1750 2941/3053/1730
f 3007/3119/1796 3008/3120/1797 3009/3121/1798 3010/3122/1799
f 3011/3123/1800 3012/3124/1801 3013/3125/1802 3014/3126/1803
f 3010/3122/1799 3009/3121/1798 3015/3127/1804 3016/3128/1805
f 3017/3129/1806 3018/3130/1807 3019/3131/1808 3020/3132/1809
f 3021/3133/1810 3007/3119/1796 3010/3122/1799 3022/3134/1811
f 3016/3128/1805 3023/3135/1812 3022/3134/1811 3010/3122/1799
f 3020/3132/1809 3024/3136/1813 3025/3137/1814 3017/3129/1806
f 3021/3133/1810 3022/3134/1811 3020/3132/1809 3019/3131/1808
f 3024/3136/1813 3020/3132/1809 3022/3134/1811 3023/3135/1812
f 3026/3138/1815 3027/3139/1816 2992/3104/1781 2991/3103/1780
f 2996/3108/1785 3028/3140/1817 3029/3141/1818 2997/3109/1786
f 2997/3109/1786 3029/3141/1818 3026/3138/1815 2991/3103/1780
f 3030/3142/1819 3031/3143/1820 3032/3144/1820 3033/3145/1819
f 3034/3146/1821 3035/3147/1822 3036/3148/1822 3037/3149/1821
f 3038/3150/1823 3039/3151/480 3040/3152/480 3041/3153/1823
f 3042/3154/244 3043/3155/244 3044/3156/244 3045/3157/244
f 3046/3158/216 3047/3159/461 3048/3160/461 3049/3161/216
f 3050/3162/487 3051/3163/482 3052/3164/482 3053/3165/487
f 3054/3166/467 3055/3167/474 3056/3168/474 3057/3169/467
f 3058/3170/476 3059/3171/470 3060/3172/470 3061/3173/476
f 3047/3159/461 3054/3166/467 3057/3169/467 3048/3160/461
f 3062/3174/480 3063/3175/485 3064/3176/485 3065/3177/480
f 3066/3178/471 3067/3179/478 3068/3180/478 3069/3181/471
f 3070/3182/464 3071/3183/465 3072/3184/465 3073/3185/464
f 3059/3186/470 3066/3178/471 3069/3181/471 3060/3187/470
f 3074/3188/217 3046/3158/216 3049/3161/216 3075/3189/217
f 3076/3190/273 3050/3162/487 3053/3165/487 3077/3191/273
f 3071/3183/465 3076/3190/273 3077/3191/273 3072/3184/465
f 3051/3163/482 3058/3170/476 3061/3173/476 3052/3164/482
f 3055/3167/474 3062/3174/480 3065/3177/480 3056/3168/474
f 3063/3175/485 3070/3182/464 3073/3185/464 3064/3176/485
f 3067/3179/478 3074/3188/217 3075/3189/217 3068/3180/478
f 3078/3192/244 3079/3193/244 3080/3194/244 3081/3195/244
f 3082/3196/244 3083/3197/244 3084/3198/244 3085/3199/244
f 3086/3200/244 3087/3201/244 3088/3202/244 3089/3203/244
f 3090/3204/244 3091/3205/244 3092/3206/244 3093/3207/244
f 3094/3208/244 3095/3209/244 3096/3210/244 3097/3211/244
f 3098/3212/244 3099/3213/244 3100/3214/244 3101/3215/244
f 3102/3216/244 3103/3217/244 3104/3218/244 3105/3219/244
f 3079/3193/244 3106/3220/244 3107/3221/244 3080/3194/244
f 3083/3197/244 3108/3222/244 3109/3223/244 3084/3198/244
f 3087/3201/244 3078/3192/244 3081/3195/244 3088/3202/244
f 3091/3205/244 3082/3196/244 3085/3199/244 3092/3206/244
f 3095/3209/244 3086/3200/244 3089/3203/244 3096/3210/244
f 3099/3213/244 3090/3204/244 3093/3207/244 3100/3214/244
f 3103/3217/244 3094/3208/244 3097/3211/244 3104/3218/244
f 3106/3220/244 3098/3212/244 3101/3215/244 3107/3221/244
f 3108/3222/244 3102/3216/244 3105/3219/244 3109/3223/244
f 3110/3224/1824 3111/3225/1825 3112/3226/1826 3113/3227/1824
f 3114/3228/1827 3110/3224/1824 3113/3227/1824 3115/3229/1828
f 3116/3230/1829 3117/3231/1830 3118/3232/1830 3119/3233/1831
f 3117/3231/1830 3120/3234/1832 3121/3235/1833 3118/3232/1830
f 3122/3236/1834 3123/3237/1835 3124/3238/1835 3125/3239/1836
f 3126/3240/1837 3127/3241/1838 3128/3242/1839 3129/3243/1840
f 3130/3244/1841 3131/3245/1842 3132/3246/1843 3133/3247/1844
f 3134/3248/1845 3130/3244/1841 3133/3247/1844 3135/3249/1846
f 3136/3250/1847 3134/3248/1845 3135/3249/1846 3137/3251/1848
f 3138/3252/1849 3136/3250/1847 3137/3251/1848 3139/3253/1850
f 3131/3245/1842 3140/3254/1851 3132/3246/1843
f 3141/3255/1852 3142/3256/1853 3143/3257/1853 3144/3258/1854
f 3142/3259/1853 3145/3260/1855 3146/3261/1856 3143/3262/1853
f 3147/3263/1857 3138/3264/1849 3139/3265/1850 3148/3266/1858
f 3149/3267/1859 3147/3263/1857 3148/3266/1858 3150/3268/1860
f 3151/3269/1861 3149/3267/1859 3150/3268/1860 3152/3270/1862
f 3153/3271/1863 3154/3272/1864 3155/3273/1865 3156/3274/1863
f 3157/3275/1866 3158/3276/1867 3159/3277/1868 3160/3278/1869
f 3161/3279/1870 3162/3280/1871 3163/3281/1872 3164/3282/1873
f 3158/3276/1867 3165/3283/1874 3166/3284/1875 3159/3277/1868
f 3167/3285/1876 3168/3286/1877 3169/3287/1877 3170/3288/1878
f 3171/3289/1879 3172/3290/1880 3173/3291/1881 3174/3292/1882
f 3175/3293/1883 3176/3294/1884 3177/3295/1885 3178/3296/1886
f 3179/3297/1887 3171/3289/1879 3174/3292/1882 3180/3298/1888
f 3181/3299/1889 3182/3300/1890 3183/3301/1891 3184/3302/1892
f 3185/3303/1893 3186/3304/1894 3187/3305/1895 3188/3306/1896
f 3189/3307/1897 3161/3279/1870 3164/3282/1873 3190/3308/1898
f 3172/3290/1880 3185/3303/1893 3188/3306/1896 3173/3291/1881
f 3191/3309/1899 3167/3285/1876 3170/3288/1878 3192/3310/1900
f 3193/3311/1901 3194/3312/1902 3195/3313/1903 3196/3314/1904
f 3197/3315/1905 3175/3293/1883 3178/3296/1886 3198/3316/1906
f 3194/3312/1902 3199/3317/1907 3200/3318/1908 3195/3313/1903
f 3186/3304/1894 3200/3318/1908 3199/3317/1907 3187/3305/1895
f 3162/3280/1871 3181/3299/1889 3184/3302/1892 3163/3281/1872
f 3168/3286/1877 3189/3307/1897 3190/3308/1898 3169/3287/1877
f 3165/3283/1874 3193/3311/1901 3196/3314/1904 3166/3284/1875
f 3176/3294/1884 3191/3309/1899 3192/3310/1900 3177/3295/1885
f 3201/3319/1909 3202/3320/1910 3203/3321/1911 3204/3322/1912
f 3205/3323/1913 3206/3324/1914 3207/3325/1915 3208/3326/1916
f 3208/3326/1916 3207/3325/1915 3209/3327/1914 3210/3328/1917
f 3207/3325/1915 3211/3329/1918 3209/3327/1914
f 3206/3324/1914 3211/3329/1918 3207/3325/1915
f 3212/3330/1919 3213/3331/1920 3214/3332/1921 3215/3333/1922
f 3202/3320/1910 3216/3334/1923 3217/3335/1923 3203/3321/1911
f 3218/3336/1924 3219/3337/1925 3220/3338/1925 3221/3339/1926
f 3222/3340/1927 3223/3341/1928 3224/3342/1929 3225/3343/1930
f 3226/3344/1931 3227/3345/1932 3228/3346/1933 3229/3347/1934
f 3230/3348/1935 3231/3349/1936 3232/3350/1937 3233/3351/1938
f 3234/3352/1939 3235/3353/1940 3236/3354/1940 3237/3355/1941
f 3238/3356/1942 3239/3357/1943 3240/3358/1944 3241/3359/1945
f 3232/3350/1937 3141/3255/1852 3144/3258/1854 3242/3360/1946
f 3243/3361/1947 3244/3362/1948 3245/3363/1949 3246/3364/1950
f 3216/3334/1923 3222/3340/1927 3225/3343/1930 3217/3335/1923
f 3247/3365/1951 3201/3319/1909 3204/3322/1912 3248/3366/1952
f 3249/3367/1953 3250/3368/1954 3251/3369/1955 3252/3370/1956
f 3253/3371/1957 3116/3230/1829 3119/3233/1831 3250/3368/1954
f 3254/3372/1958 3255/3373/1959 3256/3374/1960 3257/3375/1961
f 3255/3373/1959 3238/3356/1942 3241/3359/1945 3256/3374/1960
f 3213/3331/1920 3258/3376/1962 3259/3377/1963 3214/3332/1921
f 3233/3351/1938 3232/3350/1937 3242/3360/1946 3260/3378/1964
f 3223/3341/1928 3243/3361/1947 3246/3364/1950 3224/3342/1929
f 3227/3345/1932 3247/3365/1951 3248/3366/1952 3228/3346/1933
f 3261/3379/1965 3262/3380/1966 3263/3381/1967 3264/3382/1965
f 3265/3383/1968 3253/3371/1957 3250/3368/1954 3249/3367/1953
f 3266/3384/1969 3234/3352/1939 3237/3355/1941 3267/3385/1970
f 3258/3376/1962 3266/3384/1969 3267/3385/1970 3259/3377/1963
f 3239/3357/1943 3218/3336/1924 3221/3339/1926 3240/3358/1944
f 3244/3362/1948 3268/3386/1971 3269/3387/1972 3245/3363/1949
f 3270/3388/1973 3271/3389/1974 3272/3390/1975 3273/3391/1976
f 3274/3392/1977 3126/3240/1837 3129/3243/1840 3275/3393/1978
f 3271/3389/1974 3276/3394/1979 3277/3395/1980 3272/3390/1975
f 3278/3396/1981 3279/3397/1982 3280/3398/1983 3281/3399/1984
f 3282/3400/1985 3157/3275/1866 3160/3278/1869 3283/3401/1986
f 3284/3402/1987 3285/3403/1988 3286/3404/1989 3287/3405/1990
f 3133/3247/1844 3132/3246/1843 3288/3406/1991 3289/3407/1992
f 3132/3246/1843 3140/3254/1851 3290/3408/1993 3288/3406/1991
f 3285/3403/1988 3291/3409/1994 3286/3404/1989
f 3291/3409/1994 3292/3410/1995 3286/3404/1989
f 3291/3409/1994 3293/3411/1996 3292/3410/1995
f 3294/3412/1997 3179/3297/1887 3180/3298/1888 3295/3413/1998
f 3296/3414/1999 3297/3415/1999 3298/3416/1999 3299/3417/1999
f 3300/3418/2000 3301/3419/2001 3302/3420/2002 3303/3421/2003
f 3304/3422/2004 3254/3372/1958 3257/3375/1961 3305/3423/2005
f 3306/3424/2006 3212/3330/1919 3215/3333/1922 3307/3425/2007
f 3308/3426/2008 3309/3427/2008 3310/3428/2008 3311/3429/2008
f 3312/3430/2009 3313/3431/2010 3314/3432/2011 3315/3433/2012
f 3282/3400/1985 3283/3401/1986 3278/3396/1981 3281/3399/1984
f 3289/3407/1992 3288/3406/1991 3285/3403/1988 3284/3402/1987
f 3291/3409/1994 3285/3403/1988 3288/3406/1991 3290/3408/1993
f 3316/3434/2013 3317/3435/2013 3294/3412/1997 3295/3413/1998
f 3304/3422/2004 3305/3423/2005 3300/3418/2000 3303/3421/2003
f 3318/3436/2014 3319/3437/2014 3306/3424/2006 3307/3425/2007
f 3320/3438/2015 3321/3439/2016 3322/3440/2017 3323/3441/2018
f 3324/3442/2019 3325/3443/2020 3326/3444/2021 3327/3445/2022
f 3328/3446/2023 3197/3315/1905 3198/3316/1906 3329/3447/2024
f 3330/3448/2025 3331/3449/2026 3332/3450/2027 3333/3451/2028
f 3321/3439/2016 3233/3351/1938 3260/3378/1964 3322/3440/2017
f 3325/3443/2020 3334/3452/2029 3230/3348/1935 3326/3444/2021
f 3334/3452/2029 3335/3453/2030 3231/3349/1936 3230/3348/1935
f 3336/3454/2031 3337/3455/2032 3338/3456/2033 3339/3457/2034
f 3340/3458/2035 3341/3459/2036 3342/3460/2037 3343/3461/2038
f 3344/3462/2039 3345/3463/2040 3337/3455/2032 3336/3454/2031
f 3338/3456/2033 3346/3464/2041 3347/3465/2042 3348/3466/2043
f 3345/3463/2040 3349/3467/2044 3350/3468/2045 3337/3455/2032
f 3346/3464/2041 3351/3469/2046 3352/3470/2047 3347/3465/2042
f 3349/3467/2044 3353/3471/2048 3354/3472/2049 3350/3468/2045
f 3355/3473/2050 3356/3474/2051 3357/3475/2052 3358/3476/2053
f 3182/3300/1890 3359/3477/2054 3360/3478/2055 3183/3301/1891
f 3361/3479/2056 3362/3480/2057 3363/3481/2058 3364/3482/2059
f 3268/3386/1971 3365/3483/2060 3366/3484/2061 3269/3387/1972
f 3367/3485/2062 3226/3344/1931 3229/3347/1934 3368/3486/2063
f 3369/3487/2064 3370/3488/2065 3371/3489/2066 3372/3490/2067
f 3327/3445/2022 3326/3444/2021 3321/3439/2016 3320/3438/2015
f 3332/3450/2027 3331/3449/2026 3328/3446/2023 3329/3447/2024
f 3326/3444/2021 3230/3348/1935 3233/3351/1938 3321/3439/2016
f 3145/3260/1855 3339/3457/2034 3373/3491/2068 3146/3261/1856
f 3337/3455/2032 3350/3468/2045 3346/3464/2041 3338/3456/2033
f 3350/3468/2045 3354/3472/2049 3351/3469/2046 3346/3464/2041
f 3360/3478/2055 3359/3477/2054 3357/3475/2052 3356/3474/2051
f 3366/3484/2061 3365/3483/2060 3363/3481/2058 3362/3480/2057
f 3371/3489/2066 3370/3488/2065 3367/3485/2062 3368/3486/2063
f 3339/3457/2034 3338/3456/2033 3348/3466/2043 3373/3491/2068
f 3374/3492/2069 3375/3493/2070 3325/3443/2020 3324/3442/2019
f 3333/3451/2028 3376/3494/2071 3377/3495/2072 3330/3448/2025
f 3279/3397/1982 3378/3496/2073 3379/3497/2074 3280/3398/1983
f 3375/3493/2070 3252/3370/1956 3334/3452/2029 3325/3443/2020
f 3252/3370/1956 3251/3369/1955 3335/3453/2030 3334/3452/2029
f 3380/3498/2075 3381/3499/2076 3382/3500/2077 3383/3501/2078
f 3383/3501/2078 3382/3500/2077 3345/3463/2040 3344/3462/2039
f 3382/3500/2077 3384/3502/2079 3349/3467/2044 3345/3463/2040
f 3287/3405/1990 3286/3404/1989 3385/3503/2080 3381/3499/2076
f 3384/3502/2079 3386/3504/2081 3353/3471/2048 3349/3467/2044
f 3286/3404/1989 3292/3410/1995 3387/3505/2082 3385/3503/2080
f 3154/3272/1864 3388/3506/2083 3389/3507/2084 3155/3273/1865
f 3390/3508/2085 3355/3473/2050 3358/3476/2053 3391/3509/2086
f 3262/3380/1966 3392/3510/2087 3393/3511/2088 3263/3381/1967
f 3394/3512/2089 3361/3479/2056 3364/3482/2059 3395/3513/2090
f 3372/3490/2067 3396/3514/2091 3397/3515/2092 3369/3487/2064
f 3301/3419/2001 3398/3516/2093 3399/3517/2094 3302/3420/2002
f 3400/3518/2095 3401/3519/2096 3375/3493/2070 3374/3492/2069
f 3379/3497/2074 3378/3496/2073 3377/3495/2072 3376/3494/2071
f 3401/3519/2096 3249/3367/1953 3252/3370/1956 3375/3493/2070
f 3402/3520/2097 3287/3405/1990 3381/3499/2076 3380/3498/2075
f 3381/3499/2076 3385/3503/2080 3384/3502/2079 3382/3500/2077
f 3385/3503/2080 3387/3505/2082 3386/3504/2081 3384/3502/2079
f 3390/3508/2085 3391/3509/2086 3389/3507/2084 3388/3506/2083
f 3394/3512/2089 3395/3513/2090 3393/3511/2088 3392/3510/2087
f 3399/3517/2094 3398/3516/2093 3397/3515/2092 3396/3514/2091
f 3120/3234/1832 3402/3520/2097 3380/3498/2075 3121/3235/1833
f 3403/3521/2098 3404/3522/2099 3405/3523/2100 3406/3524/2101
f 3407/3525/2102 3408/3526/2103 3409/3527/2104 3410/3528/2105
f 3411/3529/2106 3412/3530/2107 3413/3531/2108 3414/3532/2109
f 3415/3533/2110 3416/3534/2111 3417/3535/2112 3418/3536/2113
f 3419/3537/2114 3420/3538/2115 3421/3539/2116 3008/3120/1797
f 3422/3540/2117 3423/3541/489 3424/3542/2118 3425/3543/2119
f 3426/3544/2120 3419/3537/2114 3008/3120/1797 3007/3119/1796
f 3007/3119/1796 3021/3133/1810 3427/3545/2121 3426/3544/2120
f 3423/3541/489 3422/3540/2117 3428/3546/2122 3429/3547/574
f 3430/3548/2123 3431/3549/470 3432/3550/575 3433/3551/2124
f 3434/3552/2125 3019/3131/1808 3018/3130/1807 3435/3553/2126
f 3429/3547/574 3428/3546/2122 3433/3551/2124 3432/3550/575
f 3019/3131/1808 3434/3552/2125 3427/3545/2121 3021/3133/1810
f 3436/3554/2127 3437/3555/2128 3438/3556/2129 3439/3557/2130
f 3419/3537/2114 3426/3544/2120 3422/3540/2117 3425/3543/2119
f 3428/3546/2122 3422/3540/2117 3426/3544/2120 3427/3545/2121
f 3434/3552/2125 3435/3553/2126 3430/3548/2123 3433/3551/2124
f 3427/3545/2121 3434/3552/2125 3433/3551/2124 3428/3546/2122
f 3440/3558/2131 3441/3559/2132 3442/3560/2133 3443/3561/2134
f 3444/3562/2135 3445/3563/2136 2974/3086/1763
f 3446/3564/2137 3444/3562/2135 2974/3086/1763
f 3446/3564/2137 2974/3086/1763 2950/3062/1739
f 3447/3565/2138 2984/3096/1773 2977/3089/1766
f 2974/3086/1763 3447/3565/2138 2977/3089/1766
f 2974/3086/1763 3445/3563/2136 3447/3565/2138
f 3447/3565/2138 3445/3563/2136 3444/3562/2135
f 3448/3566/2139 3449/3567/2139 3450/3568/2139 3451/3569/2139
f 3452/3570/2140 3453/3571/2140 3454/3572/2141 3455/3573/2141
f 3456/3574/2142 3457/3575/2142 3458/3576/2142 3459/3577/2142
f 3460/3578/216 3461/3579/216 3462/3580/216 3463/3581/216
f 3464/3582/2143 3465/3583/2143 3466/3584/2143 3467/3585/2143
f 3468/3586/2144 3469/3587/2145 3470/3588/2146 3471/3589/2147
f 3472/3590/2148 3473/3591/2149 3474/3592/2150 3475/3593/2151
f 3473/3591/2149 3472/3590/2148 3471/3589/2147 3470/3588/2146
f 2948/3060/1737 2941/3053/1730 2970/3082/1759
f 3476/3594/2152 3477/3595/2153 3478/3596/2153 3479/3597/2154
f 3480/3598/2155 3481/3599/2156 3482/3600/2156 3483/3601/2155
f 3484/3602/2157 3476/3594/2152 3479/3597/2154 3485/3603/2157
f 3486/3604/2158 3487/3605/2159 3488/3606/2159 3489/3607/2160
f 3490/3608/2161 3491/3609/2162 3492/3610/2163 3493/3611/2164
f 3494/3612/2165 3491/3609/2162 3490/3608/2161
f 3495/3613/2166 3496/3614/2167 3497/3615/2168 3498/3616/2169
f 3498/3616/2169 3499/3617/2170 3495/3613/2166
f 3500/3618/480 3501/3619/480 3502/3620/480 3503/3621/480
f 3504/3622/273 3505/3623/273 3506/3624/273 3507/3625/273
f 3508/3626/273 3509/3627/2171 3510/3628/2172 3511/3629/273
f 3511/3629/273 3504/3622/273 3507/3625/273 3508/3626/273
f 3512/3630/2173 3513/3631/2174 3510/3628/2172 3509/3627/2171
f 3505/3623/273 3514/3632/273 3515/3633/273 3506/3624/273
f 3516/3634/2175 3517/3635/2176 3518/3636/2177
f 3518/3636/2177 3517/3635/2176 3519/3637/2178
f 3520/3638/2179 3521/3639/2180 3518/3636/2177
f 3519/3637/2178 3522/3640/2181 3518/3636/2177
f 3518/3636/2177 3512/3630/2173 3520/3638/2179
f 3518/3636/2177 3521/3639/2180 3516/3634/2175
f 3518/3636/2177 3513/3631/2174 3512/3630/2173
f 3523/3641/2182 3023/3135/1812 3016/3128/1805
f 3524/3642/2183 3012/3124/1801 3523/3641/2182
f 3011/3123/1800 3525/3643/2184 3523/3641/2182
f 3523/3641/2182 3024/3136/1813 3023/3135/1812
f 3015/3127/1804 3524/3642/2183 3523/3641/2182
f 3523/3641/2182 3025/3137/1814 3024/3136/1813
f 3016/3128/1805 3015/3127/1804 3523/3641/2182
f 3526/3644/2185 3527/3645/2186 3523/3641/2182
f 3012/3124/1801 3011/3123/1800 3523/3641/2182
f 3523/3641/2182 3527/3645/2186 3025/3137/1814
f 3525/3643/2184 3526/3644/2185 3523/3641/2182
f 3528/3646/2187 3529/3647/2139 3530/3648/2139 3531/3649/2187
f 3532/3650/2140 3533/3651/2141 3534/3652/2141 3535/3653/2141
f 3536/3654/2188 3537/3655/2188 3538/3656/2188 3539/3657/2188
f 3540/3658/216 3541/3659/216 3542/3660/216 3543/3661/216
f 3544/3662/2189 3545/3663/2189 3546/3664/2189 3547/3665/2189
f 3548/3666/2190 3549/3667/2191 3550/3668/2192
f 3475/3593/2151 3474/3592/2150 3549/3667/2191
f 3475/3593/2151 3549/3667/2191 3551/3669/2193
f 3549/3667/2191 3548/3666/2190 3551/3669/2193
f 3551/3669/2193 3548/3666/2190 3552/3670/2194 3553/3671/2195
f 3041/3672/1823 3554/3673/2196 3555/3674/2196 3038/3675/1823
f 3035/3676/1822 3556/3677/2197 3557/3678/2197 3036/3679/1822
f 3558/3680/2198 3559/3681/2198 3560/3682/2199 3561/3683/2199
f 3562/3684/244 3563/3685/244 3564/3686/244 3565/3687/244
f 3566/3688/244 3567/3689/244 3568/3690/244 3569/3691/244
f 3570/3692/2200 3030/3142/1819 3033/3145/1819 3571/3693/2200
f 3572/3694/244 3573/3695/244 3043/3155/244 3042/3154/244
f 3574/3696/2201 3034/3697/1821 3037/3698/1821 3575/3699/2201
f 3576/3700/2202 3577/3701/2202 3578/3702/2203 3579/3703/2203
f 3554/3673/2196 3580/3704/2204 3581/3705/2204 3555/3674/2196
f 3561/3683/2199 3560/3682/2199 3557/3678/2197 3556/3677/2197
f 3570/3692/2200 3571/3693/2200 3559/3681/2198 3558/3680/2198
f 3569/3691/244 3568/3690/244 3565/3687/244 3564/3686/244
f 3573/3695/244 3572/3694/244 3567/3689/244 3566/3688/244
f 3577/3701/2202 3576/3700/2202 3574/3696/2201 3575/3699/2201
f 3581/3705/2204 3580/3704/2204 3579/3703/2203 3578/3702/2203
f 3582/3706/2205 3583/3707/2206 3584/3708/2207 3585/3709/2208
f 3586/3710/2209 3587/3711/2210 3588/3712/2211 3589/3713/2212
f 3590/3714/2213 3591/3715/2214 3469/3587/2145 3468/3586/2144
f 3592/3716/2215 3593/3717/2216 3583/3707/2206 3582/3706/2205
f 3594/3718/2217 3595/3719/2218 3587/3711/2210 3586/3710/2209
f 2978/3090/1767 2950/3062/1739 2949/3061/1738
f 2978/3090/1767 2949/3061/1738 3596/3720/2219
f 2978/3090/1767 3596/3720/2219 3597/3721/2220
f 3591/3715/2214 3590/3714/2213 3598/3722/2221 3599/3723/2222
f 3595/3719/2218 3594/3718/2217 3600/3724/2223 3601/3725/2224
f 3592/3716/2215 3595/3719/2218 3601/3725/2224 3602/3726/2225
f 3599/3723/2222 3598/3722/2221 3597/3721/2220 3596/3720/2219
f 3603/3727/2226 3604/3728/2227 3605/3729/2228 3606/3730/2229
f 3601/3725/2224 3600/3724/2223 3607/3731/2230 3608/3732/2231
f 3602/3726/2225 3601/3725/2224 3608/3732/2231 3609/3733/2232
f 3610/3734/2233 3611/3735/2234 3612/3736/2235 3613/3737/2236
f 3613/3737/2236 3612/3736/2235 3614/3738/2237 3615/3739/2238
f 3553/3671/2195 3552/3670/2194 3611/3735/2234 3610/3734/2233
f 3552/3670/2194 2965/3077/1754 2964/3076/1753 3611/3735/2234
f 3548/3666/2190 3550/3668/2192 3616/3740/2239
f 3611/3735/2234 2964/3076/1753 2971/3083/1760 3612/3736/2235
f 3617/3741/2240 3618/3742/2241 3619/3743/2242 3620/3744/2243
f 3548/3666/2190 3616/3740/2239 3621/3745/2244
f 3552/3670/2194 3548/3666/2190 3621/3745/2244
f 3552/3670/2194 3621/3745/2244 2965/3077/1754
f 3619/3743/2242 3618/3742/2241 3622/3746/2245 3623/3747/2246
f 3624/3748/2247 3622/3746/2245 3618/3742/2241 3625/3749/2248
f 3612/3736/2235 2971/3083/1760 2973/3085/1762 3614/3738/2237
f 3626/3750/2249 3627/3751/2250 3628/3752/2251 3629/3753/2252
f 3630/3754/2253 3631/3755/2254 3632/3756/2254 3633/3757/2255
f 3634/3758/2256 2942/3054/1731 2941/3053/1730 2947/3059/1736
f 3635/3759/2257 3636/3760/2258 3637/3761/2258 3638/3762/2259
f 3639/3763/2260 3640/3764/2261 3641/3765/2261 3642/3766/2262
f 3643/3767/2263 3628/3752/2251 3627/3751/2250 3644/3768/2264
f 3645/3769/2265 3646/3770/2266 3647/3771/2266 3648/3772/2267
f 3649/3773/2268 3650/3774/2268 3651/3775/2268 3652/3776/2268
f 3653/3777/2269 3654/3778/2270 3655/3779/2270 3656/3780/2271
f 2994/3106/1783 2993/3105/1782 3657/3781/2272 3658/3782/2273
f 3659/3783/2274 3660/3784/2275 3661/3785/2276 3662/3786/2277
f 3663/3787/2278 2998/3110/1787 2994/3106/1783 3658/3782/2273
f 3664/3788/2279 3665/3789/2280 3659/3783/2274 3662/3786/2277
f 2998/3110/1787 3663/3787/2278 3666/3790/2281 2995/3107/1784
f 3667/3791/2282 3668/3792/2283 3665/3789/2280 3664/3788/2279
f 3669/3793/2284 3670/3794/2285 3671/3795/2286 3672/3796/2287
f 3673/3797/2288 3674/3798/2289 3675/3799/2290 3676/3800/2291
f 3674/3798/2289 3677/3801/2292 3678/3802/2293 3675/3799/2290
f 3679/3803/2294 3680/3804/2295 3670/3794/2285 3669/3793/2284
f 3676/3800/2291 3681/3805/2296 3682/3806/2297 3673/3797/2288
f 3660/3784/2275 3659/3783/2274 3658/3782/2273 3657/3781/2272
f 3677/3801/2292 3674/3798/2289 3662/3786/2277 3661/3785/2276
f 3659/3783/2274 3665/3789/2280 3663/3787/2278 3658/3782/2273
f 3674/3798/2289 3673/3797/2288 3664/3788/2279 3662/3786/2277
f 3665/3789/2280 3668/3792/2283 3666/3790/2281 3663/3787/2278
f 3673/3797/2288 3682/3806/2297 3667/3791/2282 3664/3788/2279
f 3675/3799/2290 3678/3802/2293 3683/3807/2298 3671/3795/2286
f 3676/3800/2291 3675/3799/2290 3671/3795/2286 3670/3794/2285
f 3681/3805/2296 3676/3800/2291 3670/3794/2285 3680/3804/2295
f 2953/3065/1742 2926/3038/1716 2929/3041/1719 2954/3066/1743
f 2957/3069/1746 2930/3042/1720 2926/3038/1716 2953/3065/1742
f 3684/3808/2299 2932/3044/1722 2935/3047/1724 3685/3809/2300
f 3494/3612/2165 2936/3048/1725 2939/3051/1728 3491/3609/2162
f 3686/3810/2301 2940/3052/1729 2943/3055/1732 3687/3811/2302
f 3491/3609/2162 2939/3051/1728 2945/3057/1734 3492/3610/2163
f 3688/3812/2303 2962/3074/1751 2940/3052/1729 3686/3810/2301
f 2985/3097/1774 2980/3092/1769 2983/3095/1772 2986/3098/1775
f 2954/3066/1743 2929/3041/1719 2988/3100/1777 2989/3101/1778
f 2989/3101/1778 2988/3100/1777 2980/3092/1769 2985/3097/1774
f 3689/3813/2304 3486/3604/2158 3489/3607/2160 3690/3814/2304
f 3587/3711/2210 3582/3706/2205 3585/3709/2208 3588/3712/2211
f 3595/3719/2218 3592/3716/2215 3582/3706/2205 3587/3711/2210
f 3593/3717/2216 3592/3716/2215 3602/3726/2225 3691/3815/2305
f 3691/3815/2305 3602/3726/2225 3609/3733/2232 3692/3816/2306
f 3693/3817/2307 3626/3750/2249 3629/3753/2252 3694/3818/2307
f 2947/3059/1736 3630/3754/2253 3633/3757/2255 3634/3758/2256
f 3695/3819/2308 3635/3759/2257 3638/3762/2259 3696/3820/2308
f 3644/3768/2264 3639/3763/2260 3642/3766/2262 3643/3767/2263
f 3697/3821/2309 3645/3769/2265 3648/3772/2267 3698/3822/2309
f 3699/3823/2310 3653/3777/2269 3656/3780/2271 3700/3824/2310
f 3701/3825/2311 3702/3826/2312 3703/3827/2313
f 3704/3828/2314 3705/3829/2315 3701/3825/2311
f 3701/3825/2311 3706/3830/2316 3707/3831/2317
f 3701/3825/2311 3210/3328/1917 3708/3832/2318
f 3709/3833/2319 3710/3834/2320 3701/3825/2311
f 3711/3835/2321 3712/3836/2322 3701/3825/2311
f 3713/3837/2323 3205/3323/1913 3701/3825/2311
f 3701/3825/2311 3714/3838/2324 3715/3839/2325
f 3701/3825/2311 3716/3840/2326 3717/3841/2327
f 3701/3825/2311 3718/3842/2328 3719/3843/2329
f 3701/3825/2311 3703/3827/2313 3720/3844/2330
f 3701/3825/2311 3705/3829/2315 3702/3826/2312
f 3721/3845/2331 3722/3846/2332 3701/3825/2311
f 3707/3831/2317 3723/3847/2333 3701/3825/2311
f 3208/3326/1916 3210/3328/1917 3701/3825/2311
f 3701/3825/2311 3724/3848/2334 3725/3849/2335
f 3701/3825/2311 3726/3850/2336 3727/3851/2337
f 3701/3825/2311 3708/3832/2318 3728/3852/2338
f 3710/3834/2320 3721/3845/2331 3701/3825/2311
f 3712/3836/2322 3704/3828/2314 3701/3825/2311
f 3701/3825/2311 3729/3853/2339 3706/3830/2316
f 3701/3825/2311 3720/3844/2330 3730/3854/2340
f 3701/3825/2311 3730/3854/2340 3731/3855/2341
f 3701/3825/2311 3732/3856/2342 3714/3838/2324
f 3701/3825/2311 3725/3849/2335 3733/3857/2343
f 3701/3825/2311 3717/3841/2327 3724/3848/2334
f 3722/3846/2332 3734/3858/2344 3701/3825/2311
f 3735/3859/2345 3711/3835/2321 3701/3825/2311
f 3736/3860/2346 3737/3861/2346 3738/3862/2346
f 3701/3825/2311 3205/3323/1913 3208/3326/1916
f 3733/3857/2343 3709/3833/2319 3701/3825/2311
f 3734/3858/2344 3735/3859/2345 3701/3825/2311
f 3723/3847/2333 3713/3837/2323 3701/3825/2311
f 3701/3825/2311 3728/3852/2338 3732/3856/2342
f 3701/3825/2311 3731/3855/2341 3726/3850/2336
f 3701/3825/2311 3719/3843/2329 3716/3840/2326
f 3701/3825/2311 3715/3839/2325 3718/3842/2328
f 3739/3863/2347 3315/3433/2012 3314/3432/2011 3740/3864/2348
f 3741/3865/2349 3265/3383/1968 3249/3367/1953 3401/3519/2096
f 3741/3865/2349 3401/3519/2096 3742/3866/2350
f 3743/3867/2351 3744/3868/2352 3745/3869/2353 3746/3870/2354
f 3747/3871/2355 3739/3863/2347 3740/3864/2348
f 3748/3872/2356 3749/3873/2357 3750/3874/2358 3751/3875/2359
f 3747/3871/2355 3742/3866/2350 3401/3519/2096
f 3739/3863/2347 3747/3871/2355 3401/3519/2096
f 3739/3863/2347 3401/3519/2096 3400/3518/2095
f 3752/3876/2360 3151/3269/1861 3152/3270/1862 3753/3877/2361
f 3754/3878/2362 3752/3876/2360 3753/3877/2361
f 3755/3879/2363 3756/3880/2364 3757/3881/2365
f 3757/3881/2365 3756/3880/2364 3752/3876/2360 3754/3878/2362
f 3755/3879/2363 3313/3431/2010 3312/3430/2009 3756/3880/2364
f 3758/3882/2366 3759/3883/2367 3760/3884/2368
f 3758/3882/2366 3761/3885/2369 3759/3883/2367
f 3761/3885/2369 3762/3886/2370 3759/3883/2367
f 3763/3887/2371 3764/3888/2372 3765/3889/2373
f 3766/3890/2374 3407/3525/2102 3410/3528/2105 3767/3891/2375
f 3768/3892/2376 3769/3893/2377 3770/3894/2378 3771/3895/2379
f 3759/3883/2367 3762/3886/2370 3411/3529/2106
f 3762/3886/2370 3772/3896/2380 3411/3529/2106
f 3772/3896/2380 3773/3897/2381 3411/3529/2106
f 3773/3897/2381 3412/3530/2107 3411/3529/2106
f 3762/3886/2370 3761/3885/2369 3774/3898/2382
f 3762/3886/2370 3774/3898/2382 3775/3899/2383
f 3772/3896/2380 3762/3886/2370 3775/3899/2383
f 3772/3896/2380 3775/3899/2383 3776/3900/2384
f 3437/3555/2128 3777/3901/2385 3778/3902/2386 3438/3556/2129
f 3406/3524/2101 3761/3885/2369 3758/3882/2366
f 3406/3524/2101 3405/3523/2100 3761/3885/2369
f 3405/3523/2100 3774/3898/2382 3761/3885/2369
f 3405/3523/2100 3779/3903/2387 3774/3898/2382
f 3780/3904/2388 3415/3533/2110 3418/3536/2113 3781/3905/2389
f 3782/3906/2390 3783/3907/2391 3784/3908/2392 3785/3909/2393
f 3786/3910/2394 3403/3521/2098 3787/3911/2395 3788/3912/2396
f 3789/3913/2397 3786/3910/2394 3788/3912/2396
f 3439/3557/2130 3790/3914/2398 3791/3915/2399 3436/3554/2127
f 3792/3916/2400 3442/3560/2133 3441/3559/2132 3793/3917/2401
f 3794/3918/2402 3795/3919/2403 3796/3920/2404
f 3797/3921/2405 3798/3922/2406 3799/3923/2407 3800/3924/2408
f 3796/3920/2404 3801/3925/2409 3794/3918/2402
f 3416/3534/2111 3802/3926/2410 3803/3927/2411 3417/3535/2112
f 3408/3526/2103 3804/3928/2412 3805/3929/2413 3409/3527/2104
f 3806/3930/2414 3807/3931/2415 3808/3932/2416 3809/3933/2417
f 3810/3934/2418 3765/3889/2373 3425/3543/2119 3424/3542/2118
f 3811/3935/2419 3765/3889/2373 3812/3936/2420
f 3443/3561/2134 3813/3937/2421 3814/3938/2422 3440/3558/2131
f 3765/3889/2373 3764/3888/2372 3812/3936/2420
f 3771/3895/2379 3770/3894/2378 3766/3890/2374 3767/3891/2375
f 3778/3939/2386 3777/3940/2385 3769/3893/2377 3768/3892/2376
f 3785/3941/2393 3784/3942/2392 3780/3904/2388 3781/3905/2389
f 3791/3915/2399 3790/3914/2398 3783/3907/2391 3782/3906/2390
f 3800/3924/2408 3799/3923/2407 3792/3916/2400 3793/3917/2401
f 3803/3927/2411 3802/3926/2410 3798/3943/2406 3797/3944/2405
f 3809/3945/2417 3808/3946/2416 3805/3929/2413 3804/3928/2412
f 3814/3938/2422 3813/3937/2421 3807/3931/2415 3806/3930/2414
f 3786/3910/2394 3404/3522/2099 3403/3521/2098
f 3011/3123/1800 3014/3126/1803 3815/3947/2423 3525/3643/2184
f 3776/3900/2384 3773/3897/2381 3772/3896/2380
f 3775/3899/2383 3774/3898/2382 3779/3903/2387
f 3414/3532/2109 3765/3889/2373 3810/3934/2418
f 3414/3532/2109 3413/3531/2108 3765/3889/2373
f 3413/3531/2108 3763/3887/2371 3765/3889/2373
f 3425/3543/2119 3765/3889/2373 3811/3935/2419
f 3419/3537/2114 3425/3543/2119 3811/3935/2419
f 3420/3538/2115 3419/3537/2114 3811/3935/2419
f 3526/3644/2185 3525/3643/2184 3788/3912/2396 3787/3911/2395
f 3815/3947/2423 3816/3948/2424 3788/3912/2396 3525/3643/2184
f 3788/3912/2396 3816/3948/2424 3789/3913/2397
f 3817/3949/2425 3008/3120/1797 3421/3539/2116
f 3013/3125/1802 3012/3124/1801 3524/3642/2183
f 3801/3925/2409 3013/3125/1802 3524/3642/2183
f 3801/3925/2409 3524/3642/2183 3794/3918/2402
f 3524/3642/2183 3015/3127/1804 3009/3121/1798 3794/3918/2402
f 3794/3918/2402 3009/3121/1798 3008/3120/1797 3817/3949/2425
f 3794/3918/2402 3817/3949/2425 3795/3919/2403
f 3818/3950/2426 3819/3951/2427 3820/3952/2428 3821/3953/2429
f 3822/3954/2430 3818/3950/2426 3821/3953/2429 3823/3955/2431
f 3824/3956/2432 3825/3957/2433 3826/3958/2434 3827/3959/2435
f 3827/3959/2435 3828/3960/2436 3829/3961/2437 3824/3956/2432
f 3819/3951/2427 3830/3962/2438 3831/3963/2439 3820/3952/2428
f 3828/3960/2436 3832/3964/2440 3833/3965/2441 3829/3961/2437
f 3825/3957/2433 3834/3966/2442 3835/3967/2443 3826/3958/2434
f 3836/3968/2444 3822/3954/2430 3823/3955/2431 3837/3969/2445
f 3830/3962/2438 3838/3970/2446 3839/3971/2447 3831/3963/2439
f 3840/3972/2448 3833/3965/2441 3832/3964/2440 3841/3973/2449
f 3834/3966/2442 3842/3974/2450 3843/3975/2451 3835/3967/2443
f 3844/3976/2452 3836/3968/2444 3837/3969/2445 3845/3977/2453
f 3842/3974/2450 3846/3978/2454 3847/3979/2455 3843/3975/2451
f 3848/3980/2456 3844/3976/2452 3845/3977/2453 3849/3981/2457
f 3846/3978/2454 3850/3982/2458 3851/3983/2459 3847/3979/2455
f 3852/3984/2460 3848/3980/2456 3849/3981/2457 3853/3985/2461
f 3850/3982/2458 3854/3986/2462 3855/3987/2463 3851/3983/2459
f 3856/3988/2464 3852/3984/2460 3853/3985/2461 3857/3989/2465
f 3858/3990/244 3859/3991/244 3860/3992/2466 3861/3993/2467
f 3854/3986/2462 3862/3994/2468 3863/3995/2469 3855/3987/2463
f 3864/3996/2470 3856/3988/2464 3857/3989/2465 3865/3997/2471
f 3866/3998/244 3858/3990/244 3861/3993/2467 3867/3999/2472
f 3862/3994/2468 3868/4000/2473 3869/4001/2474 3863/3995/2469
f 3870/4002/2475 3864/3996/2470 3865/3997/2471 3871/4003/2476
f 3868/4000/2473 3872/4004/2477 3873/4005/2478 3869/4001/2474
f 3874/4006/2479 3870/4002/2475 3871/4003/2476 3875/4007/2480
f 3872/4004/2477 3876/4008/2481 3877/4009/2482 3873/4005/2478
f 3878/4010/2483 3874/4006/2479 3875/4007/2480 3879/4011/2484
f 3876/4008/2481 3880/4012/2485 3881/4013/2486 3877/4009/2482
f 3882/4014/2487 3878/4010/2483 3879/4011/2484 3883/4015/2488
f 3880/4012/2485 3884/4016/2489 3885/4017/2490 3881/4013/2486
f 3886/4018/2491 3882/4014/2487 3883/4015/2488 3887/4019/2492
f 3884/4016/2489 3840/3972/2448 3841/3973/2449 3885/4017/2490
f 3838/3970/2446 3886/4018/2491 3887/4019/2492 3839/3971/2447
f 3824/3956/2432 3829/3961/2437 3819/3951/2427 3818/3950/2426
f 3825/3957/2433 3824/3956/2432 3818/3950/2426 3822/3954/2430
f 3888/4020/2493 3889/4021/2494 3827/3959/2435 3826/3958/2434
f 3889/4021/2494 3890/4022/2495 3828/3960/2436 3827/3959/2435
f 3829/3961/2437 3833/3965/2441 3830/3962/2438 3819/3951/2427
f 3890/4022/2495 3891/4023/2496 3832/3964/2440 3828/3960/2436
f 3826/3958/2434 3835/3967/2443 3892/4024/2497 3888/4020/2493
f 3822/3954/2430 3836/3968/2444 3834/3966/2442 3825/3957/2433
f 3833/3965/2441 3840/3972/2448 3838/3970/2446 3830/3962/2438
f 3891/4023/2496 3893/4025/2498 3841/3973/2449 3832/3964/2440
f 3835/3967/2443 3843/3975/2451 3894/4026/2499 3892/4024/2497
f 3836/3968/2444 3844/3976/2452 3842/3974/2450 3834/3966/2442
f 3843/3975/2451 3847/3979/2455 3895/4027/2500 3894/4026/2499
f 3844/3976/2452 3848/3980/2456 3846/3978/2454 3842/3974/2450
f 3847/3979/2455 3851/3983/2459 3896/4028/2501 3895/4027/2500
f 3848/3980/2456 3852/3984/2460 3850/3982/2458 3846/3978/2454
f 3851/3983/2459 3855/3987/2463 3860/3992/2466 3896/4028/2501
f 3852/3984/2460 3856/3988/2464 3854/3986/2462 3850/3982/2458
f 3855/3987/2463 3863/3995/2469 3861/3993/2467 3860/3992/2466
f 3856/3988/2464 3864/3996/2470 3862/3994/2468 3854/3986/2462
f 3863/3995/2469 3869/4001/2474 3867/3999/2472 3861/3993/2467
f 3864/3996/2470 3870/4002/2475 3868/4000/2473 3862/3994/2468
f 3869/4001/2474 3873/4005/2478 3897/4029/2502 3867/3999/2472
f 3870/4002/2475 3874/4006/2479 3872/4004/2477 3868/4000/2473
f 3873/4005/2478 3877/4009/2482 3898/4030/2503 3897/4029/2502
f 3874/4006/2479 3878/4010/2483 3876/4008/2481 3872/4004/2477
f 3877/4009/2482 3881/4013/2486 3899/4031/2504 3898/4030/2503
f 3878/4010/2483 3882/4014/2487 3880/4012/2485 3876/4008/2481
f 3881/4013/2486 3885/4017/2490 3900/4032/2505 3899/4031/2504
f 3882/4014/2487 3886/4018/2491 3884/4016/2489 3880/4012/2485
f 3885/4017/2490 3841/3973/2449 3893/4025/2498 3900/4032/2505
f 3886/4018/2491 3838/3970/2446 3840/3972/2448 3884/4016/2489
f 3879/4011/2484 3875/4007/2480 3901/4033/2480 3902/4034/2484
f 3853/3985/2461 3849/3981/2457 3903/4035/2457 3904/4036/2461
f 3821/3953/2429 3820/3952/2428 3905/4037/2428 3906/4038/2429
f 3883/4015/2488 3879/4011/2484 3902/4034/2484 3907/4039/2488
f 3857/3989/2465 3853/3985/2461 3904/4036/2461 3908/4040/2465
f 3823/3955/2431 3821/3953/2429 3906/4038/2429 3909/4041/2431
f 3887/4019/2492 3883/4015/2488 3907/4039/2488 3910/4042/2492
f 3865/3997/2471 3857/3989/2465 3908/4040/2465 3911/4043/2471
f 3837/3969/2445 3823/3955/2431 3909/4041/2431 3912/4044/2445
f 3839/3971/2447 3887/4019/2492 3910/4042/2492 3913/4045/2447
f 3871/4003/2476 3865/3997/2471 3911/4043/2471 3914/4046/2476
f 3845/3977/2453 3837/3969/2445 3912/4044/2445 3915/4047/2453
f 3831/3963/2439 3839/3971/2447 3913/4045/2447 3916/4048/2439
f 3875/4007/2480 3871/4003/2476 3914/4046/2476 3901/4033/2480
f 3849/3981/2457 3845/3977/2453 3915/4047/2453 3903/4035/2457
f 3820/3952/2428 3831/3963/2439 3916/4048/2439 3905/4037/2428
f 3917/4049/470 3918/4050/470 3919/4051/470
f 3920/4052/470 3917/4049/470 3919/4051/470
f 3920/4052/470 3921/4053/470 3917/4049/470
f 3920/4052/470 3922/4054/470 3921/4053/470
f 3923/4055/2506 3924/4056/2507 3925/4057/2508 3926/4058/2509
f 3502/3620/480 3927/4059/480 3928/4060/480
f 3503/3621/480 3502/3620/480 3928/4060/480
f 3503/3621/480 3928/4060/480 3929/4061/480
f 3503/3621/480 3929/4061/480 3930/4062/480
f 3931/4063/2510 3932/4064/2511 3933/4065/2512 3934/4066/2513
f 3935/4067/2514 3936/4068/2514 3937/4069/2514 3938/4070/2514
f 3920/4052/470 3919/4051/470 3939/4071/470 3940/4072/470
f 3941/4073/2515 3942/4074/2515 3934/4075/2513 3933/4065/2512
f 3943/4076/2516 3944/4077/2516 3924/4056/2507 3923/4078/2506
f 3945/4079/2517 3946/4080/2517 3926/4081/2509 3925/4057/2508
f 3947/4082/2518 3948/4083/2518 3932/4064/2511 3931/4084/2510
f 3949/4085/2519 3950/4086/2519 3951/4087/2519 3952/4088/2519
f 3953/4089/2520 3954/4090/2521 3955/4091/2522 3956/4092/2523
f 3957/4093/2524 3958/4094/2524 3959/4095/2525 3960/4096/2526
f 3961/4097/470 3962/4098/470 3963/4099/470 3964/4100/470
f 3965/4101/2527 3966/4102/2528 3967/4103/2529 3968/4104/2529
f 3969/4105/2530 3970/4106/2531 3971/4107/2532 3972/4108/2533
f 3973/4109/2534 3974/4110/2535 3975/4111/2536 3976/4112/2537
f 3972/4108/2533 3971/4107/2532 3966/4102/2528 3965/4101/2527
f 3954/4113/2521 3953/4114/2520 3970/4106/2531 3969/4105/2530
f 3976/4112/2537 3975/4111/2536 3956/4115/2523 3955/4116/2522
f 3960/4096/2526 3959/4095/2525 3974/4110/2535 3973/4109/2534
f 3977/4117/2538 3978/4118/2538 3979/4119/2538
f 3980/4120/2539 3981/4121/2540 3979/4119/2538
f 3979/4119/2538 3982/4122/2539 3983/4123/2539
f 3983/4123/2539 3984/4124/2538 3979/4119/2538
f 3978/4118/2538 3982/4122/2539 3979/4119/2538
f 3981/4121/2540 3985/4125/2541 3979/4119/2538
f 3984/4124/2538 3986/4126/2538 3979/4119/2538
f 3985/4125/2541 3987/4127/2539 3979/4119/2538
f 3986/4126/2538 3980/4120/2539 3979/4119/2538
f 3987/4127/2539 3977/4117/2538 3979/4119/2538
f 3988/4128/2542 3989/4129/2542 3990/4130/2542 3991/4131/2542
f 3992/4132/273 3993/4133/273 3994/4134/273 3995/4135/273
f 3996/4136/2139 3997/4137/2139 3998/4138/2187 3999/4139/2187
f 4000/4140/2140 4001/4141/2140 4002/4142/2141 4003/4143/2141
f 4004/4144/2543 4005/4145/2543 4006/4146/2543 4007/4147/2543
f 4008/4148/2544 4009/4149/2139 4010/4150/2139 4011/4151/2544
f 4012/4152/2545 4013/4153/2546 4014/4154/2546 4015/4155/2545
f 4016/4156/2547 4017/4157/2548 4018/4158/2548 4019/4159/2547
f 4020/4160/2141 4021/4161/2141 4022/4162/2141 4023/4163/2141
f 4024/4164/273 4025/4165/273 4026/4166/273 4027/4167/273
f 4008/4148/2544 4011/4151/2544 4028/4168/2139 4029/4169/2139
f 4030/4170/2141 4031/4171/2141 4021/4161/2141 4020/4160/2141
f 4032/4172/2549 4033/4173/2549 4034/4174/2549 4035/4175/2549
f 4036/4176/2139 3528/3646/2187 3531/3649/2187 4037/4177/2187
f 4038/4178/2139 4039/4179/2139 4010/4150/2139 4009/4149/2139
f 4005/4145/2543 4040/4180/2550 4041/4181/2550 4006/4146/2543
f 4042/4182/2551 4043/4183/2551 4012/4152/2545 4015/4155/2545
f 4044/4184/2552 3536/3654/2188 3539/3657/2188 4045/4185/2552
f 4046/4186/2553 4047/4187/2554 4018/4158/2548 4017/4157/2548
f 4048/4188/2141 4049/4189/2141 3533/3651/2141 3532/3650/2140
f 4023/4163/2141 4022/4162/2141 4050/4190/2141 4051/4191/2141
f 4039/4179/2139 4038/4178/2139 4036/4176/2139 4037/4177/2187
f 4043/4192/2551 4042/4193/2551 4041/4181/2550 4040/4180/2550
f 4047/4194/2554 4046/4195/2553 4044/4184/2552 4045/4185/2552
f 4051/4191/2141 4050/4190/2141 4049/4189/2141 4048/4188/2141
f 4052/4196/2555 4053/4197/2555 4054/4198/2555 4055/4199/2555
f 3996/4136/2139 4056/4200/2544 4057/4201/2544 3997/4137/2139
f 4058/4202/2556 4059/4203/2557 4060/4204/2557 4061/4205/2558
f 4062/4206/2559 4063/4207/2560 4064/4208/2560 4065/4209/2559
f 4003/4143/2141 4002/4142/2141 4066/4210/2561 4067/4211/2561
f 4068/4212/2139 3448/3566/2139 3451/3569/2139 4069/4213/2139
f 4070/4214/2139 4071/4215/2139 4057/4201/2544 4056/4200/2544
f 4053/4197/2555 4072/4216/2562 4073/4217/2562 4054/4198/2555
f 4074/4218/2563 4075/4219/2563 4058/4202/2556 4061/4205/2558
f 4076/4220/2564 3456/3574/2142 3459/3577/2142 4077/4221/2564
f 4078/4222/2565 4079/4223/2565 4064/4208/2560 4063/4207/2560
f 4080/4224/2140 4081/4225/2140 3453/3571/2140 3452/3570/2140
f 4067/4211/2561 4066/4210/2561 4082/4226/2141 4083/4227/2566
f 4071/4215/2139 4070/4214/2139 4068/4212/2139 4069/4213/2139
f 4075/4228/2563 4074/4229/2563 4073/4217/2562 4072/4216/2562
f 4079/4230/2565 4078/4231/2565 4076/4220/2564 4077/4221/2564
f 4083/4227/2566 4082/4226/2141 4081/4225/2140 4080/4224/2140
f 2950/3062/1739 2979/3091/1768 3446/3564/2137
f 4084/4232/2567 4085/4233/2568 4086/4234/2569 4087/4235/2570
f 4088/4236/2571 4089/4237/2572 4090/4238/2573 4091/4239/2574
f 4092/4240/2575 4093/4241/2576 4094/4242/2577 4095/4243/2578
f 4089/4237/2572 4096/4244/2579 4097/4245/2580 4090/4238/2573
f 4096/4244/2579 4098/4246/2581 4099/4247/2582 4097/4245/2580
f 4100/4248/2583 4101/4249/2584 4102/4250/2585 4103/4251/2586
f 4104/4252/2587 4100/4248/2583 4103/4251/2586 4105/4253/2587
f 4098/4246/2581 4092/4240/2575 4095/4243/2578 4099/4247/2582
f 4101/4249/2584 4088/4236/2571 4091/4239/2574 4102/4250/2585
f 4106/4254/2588 4094/4242/2577 4093/4241/2576 4107/4255/2588
f 3671/3795/2286 3683/3807/2298 4108/4256/2589 3672/3796/2287
f 4109/4257/2590 4084/4232/2567 4087/4235/2570
f 4110/4258/2591 4086/4234/2569 4085/4233/2568 4111/4259/2591
f 4112/4260/2592 4113/4261/2593 4114/4262/2593
f 4112/4260/2592 4115/4263/2594 4116/4264/2595
f 4112/4260/2592 4116/4264/2595 4113/4261/2593
f 4112/4260/2592 4117/4265/2596 4115/4263/2594
f 4118/4266/2597 3606/3730/2229 3605/3729/2228 4119/4267/2598
f 4120/4268/2599 4121/4269/2600 4122/4270/2601 4123/4271/2602
f 4124/4272/2603 4125/4273/2604 4126/4274/2605 4127/4275/2606
f 4128/4276/2607 4129/4277/2608 4130/4278/2609
f 4130/4278/2609 4129/4277/2608 4131/4279/2610
f 4132/4280/2611 4133/4281/2612 4134/4282/2613 4135/4283/2614
f 4120/4268/2599 4123/4271/2602 4136/4284/2615
f 4137/4285/2616 4138/4286/2617 4139/4287/2618 4140/4288/2619
f 4141/4289/2620 4142/4290/2621 4143/4291/2622 4144/4292/2623
f 4139/4287/2618 4138/4286/2617 4145/4293/2624 4146/4294/2625
f 4125/4273/2604 2968/3080/1757 2967/3079/1756 4126/4274/2605
f 4140/4288/2619 4147/4295/2626 4148/4296/2627 4137/4285/2616
f 4130/4278/2609 4131/4279/2610 4149/4297/2628
f 4150/4298/2629 4146/4294/2625 4145/4293/2624 4151/4299/2630
f 3002/3114/1791 4148/4296/2627 4147/4295/2626 2999/3111/1788
f 4152/4300/2631 4153/4301/2632 4150/4298/2629 4151/4299/2630
f 4154/4302/2633 2960/3072/1749 2959/3071/1748 4155/4303/2633
f 4134/4282/2613 4156/4304/2634 4157/4305/2635 4135/4283/2614
f 4142/4290/2621 2966/3078/1755 2969/3081/1758 4143/4291/2622
f 4153/4301/2632 4152/4300/2631 3604/3728/2227 3603/3727/2226
f 4132/4280/2611 4118/4266/2597 4119/4267/2598 4133/4281/2612
f 4124/4272/2603 4127/4275/2606 4157/4305/2635 4156/4304/2634
f 4158/4306/2636 4159/4307/2637 4160/4308/2637 4161/4309/2636
f 4162/4310/2638 4163/4311/2639 4164/4312/2639 4165/4313/2638
f 4166/4314/2640 4167/4315/2641 4168/4316/2641 4169/4317/2640
f 4170/4318/2642 4158/4306/2636 4161/4309/2636 4171/4319/2642
f 4172/4320/2643 4162/4310/2638 4165/4313/2638 4173/4321/2643
f 4174/4322/2644 4166/4314/2640 4169/4317/2640 4175/4323/2644
f 4176/4324/2645 4170/4318/2642 4171/4319/2642 4177/4325/2645
f 4178/4326/2646 4172/4320/2643 4173/4321/2643 4179/4327/2646
f 4180/4328/2647 4174/4322/2644 4175/4323/2644 4181/4329/2647
f 4182/4330/2648 4176/4324/2645 4177/4325/2645 4183/4331/2648
f 4184/4332/2649 4178/4326/2646 4179/4327/2646 4185/4333/2649
f 4186/4334/2650 4180/4328/2647 4181/4329/2647 4187/4335/2650
f 4188/4336/2651 4182/4330/2648 4183/4331/2648 4189/4337/2651
f 4159/4338/2637 4184/4332/2649 4185/4333/2649 4160/4339/2637
f 4163/4311/2639 4186/4334/2650 4187/4335/2650 4164/4312/2639
f 4167/4315/2641 4188/4336/2651 4189/4337/2651 4168/4316/2641
f 4190/4340/2652 266/282/236 269/285/239 4191/4341/2652
f 4192/4342/2653 4190/4340/2652 4191/4341/2652 4193/4343/2654
f 4194/4344/2655 4195/4345/2656 4196/4346/2656 4197/4347/2657
f 4195/4348/2656 4198/4349/2658 4199/4350/2659 4196/4351/2656
f 4200/4352/2660 4201/4353/2661 4202/4354/2662 260/276/230
f 261/277/231 4203/4355/2663 4204/4356/2664 4205/4357/2665
f 255/271/225 254/270/224 4206/4358/2666 4207/4359/2667
f 4208/4360/2668 4209/4361/2669 253/269/223 252/268/222
f 254/270/224 257/273/227 4210/4362/2670 4206/4358/2666
f 4209/4361/2669 4211/4363/2671 256/272/226 253/269/223
f 257/273/227 248/264/218 251/267/221 4210/4362/2670
f 4211/4363/2671 4212/4364/2672 258/274/228 256/272/226
f 4212/4364/2672 4213/4365/2673 259/275/229 258/274/228
f 249/265/219 261/277/231 4205/4357/2665 250/266/220
f 4213/4365/2673 4200/4352/2660 260/276/230 259/275/229
f 4203/4355/2663 261/277/231 260/276/230 4202/4354/2662
f 4214/4366/2674 252/268/222 255/271/225 4215/4367/2675
f 4198/4349/2658 4216/4368/2676 4217/4369/2677 4199/4350/2659
f 4218/4370/2678 264/280/234 263/279/233 4219/4371/2679
f 4220/4372/2680 4221/4373/2681 4222/4374/2682 4223/4375/2683
f 4224/4376/2684 4194/4344/2655 4197/4347/2657 4225/4377/2685
f 4218/4370/2678 4219/4371/2679 4217/4369/2677 4216/4368/2676
f 4224/4376/2684 4225/4377/2685 4222/4374/2682 4221/4373/2681
f 4226/4378/2686 4192/4342/2653 4193/4343/2654 4227/4379/2687
f 4228/4380/2688 4220/4372/2680 4223/4375/2683 4229/4381/2689
f 4228/4380/2688 4229/4381/2689 4226/4378/2686 4227/4379/2687
f 4230/4382/2690 4231/4383/2691 4232/4384/2692 4233/4385/2693
f 4234/4386/2694 4235/4387/2695 4236/4388/2695 4237/4389/2696
f 4238/4390/2697 1324/4391/988 1325/1380/989 4239/4392/2698
f 4240/4393/2699 4241/4394/2700 4242/4395/2701 4243/4396/2702
f 4241/4394/2700 4244/4397/2703 4245/4398/2704 4242/4395/2701
f 4246/4399/2705 4247/4400/2706 4248/4401/2707 4249/4402/2708
f 4247/4400/2706 788/822/650 791/825/653 4248/4401/2707
f 4244/4397/2703 4250/4403/2709 4251/4404/2709 4245/4398/2704
f 4231/4383/2691 4252/4405/2710 4253/4406/2710 4232/4384/2692
f 4254/4407/2711 4230/4382/2690 4233/4385/2693 4255/4408/2712
f 1208/1260/900 4238/4390/2697 4239/4392/2698 1209/1261/901
f 1207/1259/899 1206/1258/898 4254/4407/2711 4255/4409/2712
f 4256/4410/2713 4257/4411/2714 4258/4412/2715 4259/4413/2713
f 4260/4414/2716 1237/1292/923 1240/1295/925 4261/4415/2716
f 4262/4416/2717 4263/4417/2717 4264/4418/2717 4265/4419/2717
f 4266/4420/2718 4267/4421/2718 4268/4422/2718 4269/4423/2718
f 4257/4411/2714 4270/4424/2719 4271/4425/2719 4258/4412/2715
f 4272/4426/2720 4273/4427/2721 4274/4428/2721 4275/4429/2722
f 4276/4430/2723 4277/4431/2723 4278/4432/2723 4279/4433/2723
f 4275/4429/2722 4280/4434/2724 4281/4435/2724 4272/4426/2720
f 4282/4436/2725 4283/4437/2725 4284/4438/2726 4285/4439/2727
f 4286/4440/2728 4285/4439/2727 4284/4438/2726 4287/4441/2728
f 4288/4442/2729 4289/4443/2730 4290/4444/2730 4291/4445/2731
f 4292/4446/2732 4293/4447/2733 4294/4448/2733 4295/4449/2734
f 4249/4450/2708 4296/4451/2735 4297/4452/2736 4246/4399/2705
f 789/823/651 4298/4453/2737 4299/4454/2738 790/4455/652
f 4300/4456/2739 4240/4393/2699 4243/4396/2702 4301/4457/2740
f 4297/4452/2736 4296/4451/2735 4292/4446/2732 4295/4449/2734
f 4300/4456/2739 4301/4457/2740 4299/4454/2738 4298/4453/2737
f 4302/4458/2741 4303/4459/2741 4304/4460/2741 4305/4461/2741
f 4306/4462/2742 4307/4463/2742 4308/4464/2742 4309/4465/2742
f 762/796/626 4310/4466/2743 4311/4467/2744 763/797/627
f 4310/4466/2743 1259/1314/941 1258/1313/940 4311/4467/2744
f 1261/1316/943 4312/4468/2745 4313/4469/2745 1262/1317/944
f 4314/4470/2746 1264/1319/945 1267/1322/947 4315/4471/2746
f 4316/4472/2747 4317/4473/2747 4318/4474/2747 4319/4475/2747
f 4320/4476/2748 1326/1381/990 1327/1382/991 4321/4477/2748
f 4322/4478/2749 4323/4479/2749 4324/4480/2749 4325/4481/2749
f 4326/4482/2750 4327/4483/2751 4328/4484/2751 4329/4485/2752
f 1335/1391/997 4330/4486/2753 4331/4487/2754 1253/1308/935
f 4332/4488/2755 4333/4489/2756 4334/4490/2756 4335/4491/2757
f 779/813/643 4234/4386/2694 4237/4389/2696 780/814/644
f 4330/4486/2753 4288/4442/2729 4291/4445/2731 4331/4487/2754
f 4336/4492/2758 1292/1347/968 1295/1350/970 4337/4493/2758
f 4338/4494/2759 4326/4482/2750 4329/4485/2752 4339/4495/2759
f 4340/4496/2760 4332/4488/2755 4335/4491/2757 4341/4497/2760
f 4215/4367/2675 255/271/225 4207/4359/2667
f 4215/4367/2675 4207/4359/2667 4342/4498/2761
f 4215/4367/2675 4342/4498/2761 4343/4499/2762
f 4215/4367/2675 4343/4499/2762 4344/4500/2763
f 4343/4499/2762 4345/4501/2764 4344/4500/2763
f 4346/4502/2765 4208/4360/2668 252/268/222
f 4346/4502/2765 252/268/222 4214/4366/2674
f 4346/4502/2765 4214/4366/2674 4347/4503/2766
f 4214/4366/2674 4348/4504/2767 4347/4503/2766
f 4214/4366/2674 4349/4505/2768 4348/4504/2767
f 4350/4506/2769 4351/4507/2770 4352/4508/2770 4353/4509/2771
f 4354/4510/2772 3684/3808/2299 3685/3809/2300 4355/4511/2773
f 4356/4512/2774 4357/4513/2775 4358/4514/2775 4359/4515/2776
f 4360/4516/2777 4361/4517/2778 4354/4510/2772 4355/4511/2773
f 4362/4518/2779 4363/4519/2780 4356/4512/2774 4359/4515/2776
f 4360/4516/2777 4364/4520/2781 4365/4521/2782 4361/4517/2778
f 4366/4522/2783 4363/4519/2780 4362/4518/2779 4367/4523/2784
f 4366/4522/2783 4367/4523/2784 4368/4524/2785 4369/4525/2786
f 4370/4526/2787 4371/4527/2788 4372/4528/2789 4373/4529/2787
f 4374/4530/2790 3274/3392/1977 3275/3393/1978 4375/4531/2791
f 4376/4532/2792 4377/4533/2793 4378/4534/2793 4379/4535/2794
f 4380/4536/2795 3122/3236/1834 3125/3239/1836 4381/4537/2796
f 4382/4538/2797 4376/4532/2792 4379/4535/2794 4383/4539/2798
f 4384/4540/2799 4380/4536/2795 4381/4537/2796 4385/4541/2800
f 3127/3241/1838 4382/4538/2797 4383/4539/2798 3128/3242/1839
f 3276/3394/1979 4384/4540/2799 4385/4541/2800 3277/3395/1980
f 4386/4542/2801 4370/4526/2787 4373/4529/2787 4387/4543/2802
f 4388/4544/2803 4389/4545/2804 4390/4546/2805 4391/4547/2803
f 4392/4548/2806 4393/4549/2807 4394/4550/2808 4395/4551/2806
f 4396/4552/2809 4397/4553/2810 4398/4554/2811 4399/4555/2812
f 4394/4550/2808 4393/4549/2807 4390/4546/2805 4389/4545/2804
f 4400/4556/2813 3114/3228/1827 3115/3229/1828 4401/4557/2814
f 3111/3225/1825 4402/4558/2815 4403/4559/2816 3112/3226/1826
f 4404/4560/2817 4405/4561/2818 4406/4562/2819 4407/4563/2820
f 4400/4556/2813 4401/4557/2814 3342/3460/2037 3341/3459/2036
f 4404/4560/2817 4407/4563/2820 4403/4559/2816 4402/4558/2815
f 4408/4564/2821 4386/4542/2801 4387/4543/2802 4409/4565/2822
f 4410/4566/2823 3340/3458/2035 3343/3461/2038 4411/4567/2824
f 4371/4527/2788 4412/4568/2825 4413/4569/2826 4372/4528/2789
f 4414/4570/2827 4406/4562/2819 4405/4561/2818 4415/4571/2828
f 4410/4566/2823 4411/4567/2824 4408/4564/2821 4409/4565/2822
f 4414/4570/2827 4415/4571/2828 4413/4569/2826 4412/4568/2825
f 4416/4572/2829 4417/4573/2830 4418/4574/2831 4419/4575/2832
f 4420/4576/2833 4421/4577/2834 4422/4578/2835 4423/4579/2836
f 4424/4580/2837 4425/4581/2838 4426/4582/2839 4427/4583/2840
f 4428/4584/2841 4429/4585/2842 4430/4586/2843 4431/4587/2844
f 4432/4588/2845 4433/4589/2846 4434/4590/2847 4435/4591/2848
f 4436/4592/2849 4437/4593/2850 4438/4594/2851 4439/4595/2852
f 4436/4592/2849 4439/4595/2852 4434/4590/2847 4433/4589/2846
f 4440/4596/2853 4441/4597/2854 3586/3710/2209 3589/3713/2212
f 4442/4598/2855 4443/4599/2856 3588/3712/2211 3585/3709/2208
f 4443/4599/2856 4444/4600/2857 3589/3713/2212 3588/3712/2211
f 4444/4600/2857 4445/4601/2858 4440/4596/2853 3589/3713/2212
f 4446/4602/2859 4447/4603/2860 4432/4588/2845 4435/4591/2848
f 4448/4604/2861 3594/3718/2217 3586/3710/2209 4441/4597/2854
f 4368/4524/2785 4449/4605/2862 4450/4606/2863 4369/4525/2786
f 3607/3731/2230 4451/4607/2864 4452/4608/2865
f 4453/4609/2866 3600/3724/2223 3594/3718/2217 4448/4604/2861
f 4454/4610/2867 3608/3732/2231 3607/3731/2230 4452/4608/2865
f 4455/4611/2868 4456/4612/2869 3692/3816/2306 3609/3733/2232
f 4449/4605/2862 4457/4613/2870 4450/4606/2863
f 4447/4603/2860 4446/4602/2859 4457/4613/2870 4449/4605/2862
f 3600/3724/2223 4453/4609/2866 4451/4607/2864 3607/3731/2230
f 4458/4614/2871 4459/4615/2872 4460/4616/2873
f 4458/4614/2871 4460/4616/2873 4461/4617/2874
f 4462/4618/2875 4458/4614/2871 4461/4617/2874
f 4458/4614/2871 4462/4618/2875 4463/4619/2876
f 4462/4618/2875 4464/4620/2877 4463/4619/2876
f 4462/4618/2875 4465/4621/2878 4464/4620/2877
f 4459/4615/2872 4466/4622/2879 4460/4616/2873
f 4467/4623/2880 4468/4624/2881 4469/4625/2882 4470/4626/2882
f 4471/4627/2883 4472/4628/2883 4468/4624/2881 4467/4623/2880
f 4473/4629/2884 4474/4630/2885 4475/4631/2885 4476/4632/2886
f 4473/4629/2884 4476/4632/2886 4477/4633/2887
f 4477/4633/2887 4476/4632/2886 4478/4634/2888
f 4437/4593/2850 4479/4635/2889 4480/4636/2890 4438/4594/2851
f 4365/4521/2782 4364/4520/2781 4481/4637/2891 4482/4638/2892
f 4483/4639/2893 4484/4640/2894 3624/3748/2247 4485/4641/2895
f 4486/4642/2896 3625/3749/2248 4487/4643/2897
f 4488/4644/2898 4489/4645/2899 3623/3747/2246
f 4490/4646/2900 4491/4647/2901 3620/3744/2243 3619/3743/2242
f 3622/3746/2245 4492/4648/2902 4488/4644/2898 3623/3747/2246
f 4487/4643/2897 3625/3749/2248 3618/3742/2241 3617/3741/2240
f 3624/3748/2247 4484/4640/2894 4492/4648/2902 3622/3746/2245
f 4482/4638/2892 4481/4637/2891 4480/4636/2890 4479/4635/2889
f 3625/3749/2248 4486/4642/2896 4485/4641/2895 3624/3748/2247
f 4490/4646/2900 3619/3743/2242 3623/3747/2246 4489/4645/2899
f 4493/4649/2903 4494/4650/2904 4495/4651/2905 4496/4652/2905
f 4494/4650/2904 4493/4649/2903 4497/4653/2906 4498/4654/2906
f 4499/4655/2907 4500/4656/2908 4501/4657/2908 4502/4658/2909
f 4503/4659/2910 4504/4660/2911 4505/4661/2912 4506/4662/2910
f 4507/4663/2913 4508/4664/2914 4509/4665/2914 4510/4666/2915
f 4511/4667/2916 4512/4668/2917 4513/4669/2917 4514/4670/2918
f 4515/4671/2919 4516/4672/2920 4517/4673/2920 4518/4674/2921
f 4519/4675/2922 4350/4506/2769 4353/4509/2771 4520/4676/2922
f 4521/4677/2923 4442/4598/2855 3585/3709/2208 3584/3708/2207
f 4454/4610/2867 4455/4611/2868 3609/3733/2232 3608/3732/2231
f 4504/4660/2911 4499/4655/2907 4502/4658/2909 4505/4661/2912
f 4522/4678/2924 4507/4663/2913 4510/4666/2915 4523/4679/2924
f 4524/4680/2925 4511/4667/2916 4514/4670/2918 4525/4681/2925
f 4526/4682/2926 4515/4671/2919 4518/4674/2921 4527/4683/2926
f 4528/4684/2927 3270/3388/1973 3273/3391/1976 4529/4685/2928
f 4530/4686/2929 4531/4687/2930 3749/3873/2357 3748/3872/2356
f 4398/4554/2811 4531/4687/2930 4530/4686/2929 4399/4555/2812
f 3745/3869/2353 4374/4530/2790 4375/4531/2791 3746/3870/2354
f 4532/4688/2931 4533/4689/2932 3744/3868/2352 3743/3867/2351
f 4534/4690/2933 4397/4553/2810 4396/4552/2809 4535/4691/2934
f 4534/4690/2933 4535/4691/2934 4533/4689/2932 4532/4688/2931
f 3751/3875/2359 3750/3874/2358 4528/4684/2927 4529/4685/2928
f 4536/4692/2935 4428/4584/2841 4431/4587/2844 4537/4693/2936
f 4538/4694/2937 4539/4695/2938 4540/4696/2939 4541/4697/2940
f 4421/4577/2834 4542/4698/2941 4543/4699/2942 4422/4578/2835
f 4544/4700/2943 4416/4572/2829 4419/4575/2832 4545/4701/2944
f 4546/4702/2945 4547/4703/2946 4548/4704/2947 4549/4705/2948
f 4423/4579/2836 4550/4706/2949 4551/4707/2950 4420/4576/2833
f 4552/4708/2951 4426/4582/2839 4425/4581/2838 4553/4709/2952
f 4554/4710/2953 4555/4711/2954 4556/4712/2955 4557/4713/2955
f 4417/4573/2830 4558/4714/2956 4559/4715/2957 4418/4574/2831
f 4429/4585/2842 4560/4716/2958 4561/4717/2959 4430/4586/2843
f 4562/4718/2960 4563/4719/2961 4564/4720/2962 4565/4721/2963
f 4427/4583/2840 4566/4722/2964 4567/4723/2965 4424/4580/2837
f 4541/4697/2940 4540/4696/2939 4536/4692/2935 4537/4693/2936
f 4543/4724/2942 4542/4698/2941 4539/4695/2938 4538/4694/2937
f 4549/4705/2948 4548/4725/2947 4544/4700/2943 4545/4701/2944
f 4551/4707/2950 4550/4706/2949 4547/4703/2946 4546/4702/2945
f 4555/4711/2954 4554/4710/2953 4552/4708/2951 4553/4709/2952
f 4559/4715/2957 4558/4714/2956 4568/4726/2966 4569/4727/2966
f 4563/4719/2961 4562/4728/2960 4561/4717/2959 4560/4716/2958
f 4567/4723/2965 4566/4722/2964 4565/4721/2963 4564/4720/2962
f 4570/4729/244 4571/4730/244 3890/4022/2495 3889/4021/2494
f 4572/4731/244 4570/4729/244 3889/4021/2494 3888/4020/2493
f 4573/4732/244 4572/4731/244 3888/4020/2493 3892/4024/2497
f 4571/4730/244 4574/4733/244 3891/4023/2496 3890/4022/2495
f 4574/4733/244 4575/4734/244 3893/4025/2498 3891/4023/2496
f 4576/4735/244 4573/4732/244 3892/4024/2497 3894/4026/2499
f 4577/4736/244 4576/4735/244 3894/4026/2499 3895/4027/2500
f 4578/4737/244 4577/4736/244 3895/4027/2500 3896/4028/2501
f 3859/3991/244 4578/4737/244 3896/4028/2501 3860/3992/2466
f 4579/4738/244 3866/3998/244 3867/3999/2472 3897/4029/2502
f 4580/4739/244 4579/4738/244 3897/4029/2502 3898/4030/2503
f 4581/4740/244 4580/4739/244 3898/4030/2503 3899/4031/2504
f 4582/4741/244 4581/4740/244 3899/4031/2504 3900/4032/2505
f 4575/4734/244 4582/4741/244 3900/4032/2505 3893/4025/2498
f 4583/4742/2967 4584/4743/2968 4585/4744/2969 4586/4745/2970
f 4587/4746/2971 4588/4747/2972 4589/4748/2973 4590/4749/2974
f 4591/4750/2975 4592/4751/2976 4593/4752/2977 4594/4753/2978
f 4595/4754/2979 4596/4755/2980 4590/4749/2974 4589/4748/2973
f 4597/4756/2981 4598/4757/2982 4599/4758/2983 4600/4759/2984
f 4600/4759/2984 4599/4758/2983 4592/4760/2976 4591/4761/2975
f 4601/4762/2985 4602/4763/2986 4584/4743/2968 4583/4742/2967
f 4588/4747/2972 4587/4746/2971 4603/4764/2987 4604/4765/2988
f 4586/4745/2970 4585/4744/2969 4598/4757/2982 4597/4756/2981
f 4605/4766/2989 4606/4767/2990 4602/4763/2986 4601/4762/2985
f 4594/4753/2978 4593/4752/2977 4596/4755/2980 4595/4754/2979
f 4607/4768/2991 4608/4769/2992 4609/4770/2993 4610/4771/2994
f 4611/4772/2995 4612/4773/2996 4613/4774/2997 4614/4775/2998
f 4614/4775/2998 4613/4774/2997 4615/4776/2999 4616/4777/3000
f 4616/4777/3000 4615/4776/2999 4608/4769/2992 4607/4768/2991
f 4617/4778/3001 4618/4779/3002 4619/4780/3003 4620/4781/3004
f 4621/4782/3005 4622/4783/3006 4618/4779/3002 4617/4778/3001
f 4623/4784/3007 4624/4785/3008 4612/4773/2996 4611/4772/2995
f 4622/4783/3006 4621/4782/3005 4610/4771/2994 4609/4770/2993
f 4625/4786/3009 4626/4787/3010 4627/4788/3011 4628/4789/3011
f 4620/4781/3004 4619/4780/3003 4626/4787/3010 4625/4786/3009
f 4628/4789/3011 4627/4788/3011 4629/4790/3012 4630/4791/3013
f 4630/4791/3013 4629/4790/3012 4624/4785/3008 4623/4784/3007
f 4631/4792/3014 4632/4793/3015 4633/4794/3016 4634/4795/3017
f 4635/4796/3018 4631/4792/3014 4634/4795/3017 4636/4797/3019
f 4637/4798/3020 4635/4796/3018 4636/4797/3019 4638/4799/3021
f 4639/4800/3022 4637/4798/3020 4638/4799/3021 4640/4801/3023
f 4641/4802/3024 4639/4800/3022 4640/4801/3023 4642/4803/3025
f 4643/4804/3026 4641/4802/3024 4642/4803/3025 4644/4805/3027
f 4645/4806/3028 4643/4804/3026 4644/4805/3027 4646/4807/3029
f 4647/4808/3030 4645/4806/3028 4646/4807/3029 4648/4809/3031
f 4649/4810/3032 4647/4808/3030 4648/4809/3031 4650/4811/3033
f 4651/4812/3034 4649/4813/3032 4650/4814/3033 4652/4815/3035
f 4653/4816/3036 4651/4812/3034 4652/4815/3035 4654/4817/3037
f 4632/4793/3015 4653/4816/3036 4654/4817/3037 4633/4794/3016
f 4634/4795/3017 4633/4794/3016 4655/4818/3038 4656/4819/3039
f 4636/4797/3019 4634/4795/3017 4656/4819/3039 4657/4820/3040
f 4638/4799/3021 4636/4797/3019 4657/4820/3040 4658/4821/3041
f 4640/4801/3023 4638/4799/3021 4658/4821/3041 4659/4822/3042
f 4642/4803/3025 4640/4801/3023 4659/4822/3042 4660/4823/3043
f 4644/4805/3027 4642/4803/3025 4660/4823/3043 4661/4824/3044
f 4646/4807/3029 4644/4805/3027 4661/4824/3044 4662/4825/3045
f 4648/4809/3031 4646/4807/3029 4662/4825/3045 4663/4826/3046
f 4650/4811/3033 4648/4809/3031 4663/4826/3046 4664/4827/3047
f 4652/4815/3035 4650/4814/3033 4664/4828/3047 4665/4829/3048
f 4654/4817/3037 4652/4815/3035 4665/4829/3048 4666/4830/3049
f 4633/4794/3016 4654/4817/3037 4666/4830/3049 4655/4818/3038
f 4656/4819/3039 4655/4818/3038 4667/4831/3050 4668/4832/3051
f 4657/4820/3040 4656/4819/3039 4668/4832/3051 4669/4833/3052
f 4658/4821/3041 4657/4820/3040 4669/4833/3052 4670/4834/3053
f 4659/4822/3042 4658/4821/3041 4670/4834/3053 4671/4835/3054
f 4660/4823/3043 4659/4822/3042 4671/4835/3054 4672/4836/3055
f 4661/4824/3044 4660/4823/3043 4672/4836/3055 4673/4837/3056
f 4662/4825/3045 4661/4824/3044 4673/4837/3056 4674/4838/3057
f 4663/4826/3046 4662/4825/3045 4674/4838/3057 4675/4839/3058
f 4664/4827/3047 4663/4826/3046 4675/4839/3058 4676/4840/3059
f 4665/4829/3048 4664/4828/3047 4676/4841/3059 4677/4842/3060
f 4666/4830/3049 4665/4829/3048 4677/4842/3060 4678/4843/3061
f 4655/4818/3038 4666/4830/3049 4678/4843/3061 4667/4831/3050
f 4668/4832/3051 4667/4831/3050 4679/4844/3062 4680/4845/3063
f 4669/4833/3052 4668/4832/3051 4680/4845/3063 4681/4846/3064
f 4670/4834/3053 4669/4833/3052 4681/4846/3064 4682/4847/3065
f 4671/4835/3054 4670/4834/3053 4682/4847/3065 4683/4848/3066
f 4672/4836/3055 4671/4835/3054 4683/4848/3066 4684/4849/3067
f 4673/4837/3056 4672/4836/3055 4684/4849/3067 4685/4850/3068
f 4674/4838/3057 4673/4837/3056 4685/4850/3068 4686/4851/3069
f 4675/4839/3058 4674/4838/3057 4686/4851/3069 4687/4852/3070
f 4676/4840/3059 4675/4839/3058 4687/4852/3070 4688/4853/3071
f 4677/4842/3060 4676/4841/3059 4688/4854/3071 4689/4855/3072
f 4678/4843/3061 4677/4842/3060 4689/4855/3072 4690/4856/3073
f 4667/4831/3050 4678/4843/3061 4690/4856/3073 4679/4844/3062
f 4680/4845/3063 4679/4844/3062 4691/4857/3074 4692/4858/3075
f 4681/4846/3064 4680/4845/3063 4692/4858/3075 4693/4859/3076
f 4682/4847/3065 4681/4846/3064 4693/4859/3076 4694/4860/3077
f 4683/4848/3066 4682/4847/3065 4694/4860/3077 4695/4861/3078
f 4684/4849/3067 4683/4848/3066 4695/4861/3078 4696/4862/3079
f 4685/4850/3068 4684/4849/3067 4696/4862/3079 4697/4863/3080
f 4686/4851/3069 4685/4850/3068 4697/4863/3080 4698/4864/3081
f 4687/4852/3070 4686/4851/3069 4698/4864/3081 4699/4865/3082
f 4688/4853/3071 4687/4852/3070 4699/4865/3082 4700/4866/3083
f 4689/4855/3072 4688/4854/3071 4700/4867/3083 4701/4868/3084
f 4690/4856/3073 4689/4855/3072 4701/4868/3084 4702/4869/3085
f 4679/4844/3062 4690/4856/3073 4702/4869/3085 4691/4857/3074
f 4692/4858/3075 4691/4857/3074 4703/4870/3086 4704/4871/3087
f 4693/4859/3076 4692/4858/3075 4704/4871/3087 4705/4872/3088
f 4694/4860/3077 4693/4859/3076 4705/4872/3088 4706/4873/3089
f 4695/4861/3078 4694/4860/3077 4706/4873/3089 4707/4874/3090
f 4696/4862/3079 4695/4861/3078 4707/4874/3090 4708/4875/3091
f 4697/4863/3080 4696/4862/3079 4708/4875/3091 4709/4876/3092
f 4698/4864/3081 4697/4863/3080 4709/4876/3092 4710/4877/3093
f 4699/4865/3082 4698/4864/3081 4710/4877/3093 4711/4878/3094
f 4700/4866/3083 4699/4865/3082 4711/4878/3094 4712/4879/3095
f 4701/4868/3084 4700/4867/3083 4712/4880/3095 4713/4881/3096
f 4702/4869/3085 4701/4868/3084 4713/4881/3096 4714/4882/3097
f 4691/4857/3074 4702/4869/3085 4714/4882/3097 4703/4870/3086
f 4704/4871/3087 4703/4870/3086 4715/4883/3098 4716/4884/3099
f 4705/4872/3088 4704/4871/3087 4716/4884/3099 4717/4885/3100
f 4706/4873/3089 4705/4872/3088 4717/4885/3100 4718/4886/3101
f 4707/4874/3090 4706/4873/3089 4718/4886/3101 4719/4887/3102
f 4708/4875/3091 4707/4874/3090 4719/4887/3102 4720/4888/3103
f 4709/4876/3092 4708/4875/3091 4720/4888/3103 4721/4889/3104
f 4710/4877/3093 4709/4876/3092 4721/4889/3104 4722/4890/3105
f 4711/4878/3094 4710/4877/3093 4722/4890/3105 4723/4891/3106
f 4712/4879/3095 4711/4878/3094 4723/4891/3106 4724/4892/3107
f 4713/4881/3096 4712/4880/3095 4724/4893/3107 4725/4894/3108
f 4714/4882/3097 4713/4881/3096 4725/4894/3108 4726/4895/3109
f 4703/4870/3086 4714/4882/3097 4726/4895/3109 4715/4883/3098
f 4716/4884/3099 4715/4883/3098 4727/4896/3110 4728/4897/3111
f 4717/4885/3100 4716/4884/3099 4728/4897/3111 4729/4898/3112
f 4718/4886/3101 4717/4885/3100 4729/4898/3112 4730/4899/3113
f 4719/4887/3102 4718/4886/3101 4730/4899/3113 4731/4900/3114
f 4720/4888/3103 4719/4887/3102 4731/4900/3114 4732/4901/3115
f 4721/4889/3104 4720/4888/3103 4732/4901/3115 4733/4902/3116
f 4722/4890/3105 4721/4889/3104 4733/4902/3116 4734/4903/3117
f 4723/4891/3106 4722/4890/3105 4734/4903/3117 4735/4904/3118
f 4724/4892/3107 4723/4891/3106 4735/4904/3118 4736/4905/3119
f 4725/4894/3108 4724/4893/3107 4736/4906/3119 4737/4907/3120
f 4726/4895/3109 4725/4894/3108 4737/4907/3120 4738/4908/3121
f 4715/4883/3098 4726/4895/3109 4738/4908/3121 4727/4896/3110
f 4728/4897/3111 4727/4896/3110 4739/4909/3122 4740/4910/3123
f 4729/4898/3112 4728/4897/3111 4740/4910/3123 4741/4911/3124
f 4730/4899/3113 4729/4898/3112 4741/4911/3124 4742/4912/3125
f 4731/4900/3114 4730/4899/3113 4742/4912/3125 4743/4913/3126
f 4732/4901/3115 4731/4900/3114 4743/4913/3126 4744/4914/3127
f 4733/4902/3116 4732/4901/3115 4744/4914/3127 4745/4915/3128
f 4734/4903/3117 4733/4902/3116 4745/4915/3128 4746/4916/3129
f 4735/4904/3118 4734/4903/3117 4746/4916/3129 4747/4917/3130
f 4736/4905/3119 4735/4904/3118 4747/4917/3130 4748/4918/3131
f 4737/4907/3120 4736/4906/3119 4748/4919/3131 4749/4920/3132
f 4738/4908/3121 4737/4907/3120 4749/4920/3132 4750/4921/3133
f 4727/4896/3110 4738/4908/3121 4750/4921/3133 4739/4909/3122
f 4740/4910/3123 4739/4909/3122 4751/4922/3134 4752/4923/3135
f 4741/4911/3124 4740/4910/3123 4752/4923/3135 4753/4924/3136
f 4742/4912/3125 4741/4911/3124 4753/4924/3136 4754/4925/3137
f 4743/4913/3126 4742/4912/3125 4754/4925/3137 4755/4926/3138
f 4744/4914/3127 4743/4913/3126 4755/4926/3138 4756/4927/3139
f 4745/4915/3128 4744/4914/3127 4756/4927/3139 4757/4928/3140
f 4746/4916/3129 4745/4915/3128 4757/4928/3140 4758/4929/3141
f 4747/4917/3130 4746/4916/3129 4758/4929/3141 4759/4930/3142
f 4748/4918/3131 4747/4917/3130 4759/4930/3142 4760/4931/3143
f 4749/4920/3132 4748/4919/3131 4760/4932/3143 4761/4933/3144
f 4750/4921/3133 4749/4920/3132 4761/4933/3144 4762/4934/3145
f 4739/4909/3122 4750/4921/3133 4762/4934/3145 4751/4922/3134
f 4752/4923/3135 4751/4922/3134 4763/4935/3146 4764/4936/3147
f 4753/4924/3136 4752/4923/3135 4764/4936/3147 4765/4937/3148
f 4754/4925/3137 4753/4924/3136 4765/4937/3148 4766/4938/3149
f 4755/4926/3138 4754/4925/3137 4766/4938/3149 4767/4939/3150
f 4756/4927/3139 4755/4926/3138 4767/4939/3150 4768/4940/3151
f 4757/4928/3140 4756/4927/3139 4768/4940/3151 4769/4941/3152
f 4758/4929/3141 4757/4928/3140 4769/4941/3152 4770/4942/3153
f 4759/4930/3142 4758/4929/3141 4770/4942/3153 4771/4943/3154
f 4760/4931/3143 4759/4930/3142 4771/4943/3154 4772/4944/3155
f 4761/4933/3144 4760/4932/3143 4772/4945/3155 4773/4946/3156
f 4762/4934/3145 4761/4933/3144 4773/4946/3156 4774/4947/3157
f 4751/4922/3134 4762/4934/3145 4774/4947/3157 4763/4935/3146
f 4775/4948/3158 4776/4949/3158 4777/4950/3159 4778/4951/3159
f 4779/4952/3160 4780/4953/3160 4781/4954/3160 4782/4955/3160
f 4783/4956/3161 4784/4957/3161 4785/4958/3162 4786/4959/3162
f 4782/4955/3160 4781/4954/3160 4787/4960/3163 4788/4961/3163
f 4788/4961/3163 4787/4960/3163 4789/4962/3164 4790/4963/3164
f 4791/4964/3161 4792/4965/3161 4793/4966/3165 4794/4967/3165
f 4795/4968/3159 4796/4969/3159 4784/4957/3161 4783/4956/3161
f 4790/4963/3164 4789/4962/3164 4796/4969/3159 4795/4968/3159
f 4780/4953/3160 4779/4952/3160 4797/4970/3162 4798/4971/3162
f 4786/4959/3162 4785/4958/3162 4792/4965/3161 4791/4964/3161
f 4794/4967/3165 4793/4966/3165 4776/4949/3158 4775/4948/3158
f 4604/4765/2988 4603/4764/2987 4606/4767/2990 4605/4766/2989
f 4778/4951/3159 4777/4950/3159 4798/4971/3162 4797/4970/3162
f 4799/4972/3166 4800/4973/3166 4801/4974/3167 4802/4975/3167
f 4803/4976/3168 4804/4977/3169 4805/4978/3170
f 4806/4979/3171 4807/4980/3171 4808/4981/3172 4809/4982/3172
f 4810/4983/3173 4811/4984/3173 4812/4985/3174 4813/4986/3174
f 4814/4987/3175 4815/4988/3176 4807/4980/3171 4806/4979/3171
f 4816/4989/3177 4817/4990/3177 4818/4991/3178 4819/4992/3178
f 4817/4990/3177 4816/4989/3177 4813/4986/3174 4812/4985/3174
f 4820/4993/3179 4821/4994/3179 4822/4995/3180 4823/4996/3180
f 4823/4996/3180 4822/4995/3180 4811/4984/3173 4810/4983/3173
f 4809/4982/3172 4808/4981/3172 4821/4997/3179 4820/4998/3179
f 4819/4992/3178 4818/4991/3178 4824/4999/3181 4825/5000/3181
f 4802/4975/3167 4801/4974/3167 4815/4988/3176 4814/4987/3175
f 4825/5000/3181 4824/4999/3181 4800/4973/3166 4799/4972/3166
f 4826/5001/216 4827/5002/216 4828/5003/217 4829/5004/217
f 4830/5005/218 4831/5006/221 4832/5007/2670 4833/5008/227
f 4834/5009/3182 4835/5010/3183 4836/5011/231 4837/5012/230
f 4837/5012/230 4836/5011/231 4838/5013/219 4839/5014/3184
f 4839/5014/3184 4838/5013/219 4830/5005/218 4840/5015/228
f 4840/5015/228 4830/5005/218 4833/5008/227 4841/5016/3185
f 4841/5016/3185 4833/5008/227 4842/5017/224 4843/5018/223
f 4844/5019/2689 4845/5020/2688 4846/5021/3186 4847/5022/2683
f 4848/5023/2653 4849/5024/2654 4850/5025/2687 4851/5026/2686
f 4850/5025/2687 4845/5020/2688 4844/5019/2689 4851/5026/2686
f 4852/5027/3187 4853/5028/3188 4854/5029/3189 4855/5030/3190
f 4856/5031/1074 4857/5032/1074 4858/5033/1074 4859/5034/1074
f 4860/5035/3191 4861/5036/3192 4862/5037/3193 4863/5038/3194
f 4864/5039/3195 4865/5040/3196 4866/5041/3197 4867/5042/3198
f 4868/5043/3199 4852/5027/3187 4855/5030/3190 4869/5044/3200
f 4870/5045/3201 4860/5035/3191 4863/5038/3194 4871/5046/3202
f 4872/5047/3203 4864/5039/3195 4867/5042/3198 4873/5048/3204
f 4874/5049/3205 4868/5043/3199 4869/5044/3200 4875/5050/3206
f 4876/5051/3207 4870/5045/3201 4871/5046/3202 4877/5052/3208
f 4878/5053/3209 4872/5047/3203 4873/5048/3204 4879/5054/3210
f 4880/5055/3211 4874/5049/3205 4875/5050/3206 4881/5056/3212
f 4882/5057/3213 4876/5051/3207 4877/5052/3208 4883/5058/3214
f 4884/5059/3215 4878/5053/3209 4879/5054/3210 4885/5060/3216
f 4886/5061/3217 4880/5055/3211 4881/5056/3212 4887/5062/3218
f 4853/5028/3188 4882/5057/3213 4883/5058/3214 4854/5029/3189
f 4861/5036/3192 4884/5059/3215 4885/5060/3216 4862/5037/3193
f 4865/5040/3196 4886/5063/3217 4887/5064/3218 4866/5041/3197
f 4888/5065/273 4889/5066/273 4890/5067/273
f 4888/5065/273 4891/5068/273 4892/5069/273
f 4888/5065/273 4893/5070/273 4891/5068/273
f 4888/5065/273 4894/5071/273 4893/5070/273
f 4888/5065/273 4895/5072/273 4896/5073/273
f 4888/5065/273 4897/5074/273 4898/5075/273
f 4888/5065/273 4896/5073/273 4897/5074/273
f 4888/5065/273 4892/5069/273 4899/5076/273
f 4888/5065/273 4899/5076/273 4900/5077/273
f 4901/5078/273 4888/5065/273 4900/5077/273
f 4888/5065/273 4902/5079/273 4894/5071/273
f 4888/5065/273 4903/5080/273 4895/5072/273
f 4888/5065/273 4904/5081/273 4903/5080/273
f 4888/5065/273 4890/5067/273 4902/5079/273
f 4888/5065/273 4898/5075/273 4889/5066/273
f 4904/5081/273 4888/5065/273 4901/5078/273
f 4905/5082/349 4906/5083/285 4907/5084/3219 4908/5085/348
f 4909/5086/3220 4910/5087/3221 4911/5088/3222 4912/5089/3223
f 4913/5090/3224 4914/5091/3225 4915/5092/3226 4916/5093/3227
f 4917/5094/330 4905/5082/349 4908/5085/348 4918/5095/331
f 4919/5096/3228 4909/5086/3220 4912/5089/3223 4920/5097/3229
f 4921/5098/3230 4922/5099/3231 4923/5100/3232 4924/5101/3233
f 4925/5102/294 4926/5103/294 4927/5104/392 4928/5105/391
f 4929/5106/3234 4930/5107/377 4931/5108/298 4932/5109/298
f 4933/5110/3235 4934/5111/3236 4935/5112/3237 4936/5113/3238
f 4937/5114/313 4938/5115/314 4939/5116/305 4940/5117/305
f 4941/5118/3239 4942/5119/3240 4943/5120/3241 4944/5121/3242
f 4945/5122/3243 4946/5123/3244 4942/5124/3240 4941/5125/3239
f 4940/5126/305 4939/5127/305 4947/5128/3245 4948/5129/304
f 4949/5130/340 4950/5131/341 4938/5115/314 4937/5114/313
f 4951/5132/3246 4952/5133/3247 4946/5123/3244 4945/5122/3243
f 4953/5134/3248 4954/5135/3249 4955/5136/3250 4956/5137/3251
f 4957/5138/3252 4958/5139/3253 4952/5133/3247 4951/5132/3246
f 4959/5140/3254 4960/5141/3255 4958/5139/3253 4957/5138/3252
f 4956/5137/3251 4955/5136/3250 4950/5131/341 4949/5130/340
f 4953/5134/3248 4913/5090/3224 4916/5093/3227 4954/5135/3249
f 4961/5142/327 4917/5094/330 4918/5095/331 4962/5143/327
f 4963/5144/3256 4919/5096/3228 4920/5097/3229 4964/5145/3257
f 4965/5146/286 4961/5142/327 4962/5143/327 4966/5147/287
f 4967/5148/3258 4963/5144/3256 4964/5145/3257 4968/5149/3259
f 4969/5150/3260 4970/5151/3261 4971/5152/3262 4972/5153/3263
f 4944/5121/3242 4943/5120/3241 4973/5154/3264 4974/5155/3265
f 4948/5129/304 4947/5128/3245 4975/5156/3266 4976/5157/3267
f 4974/5155/3265 4973/5154/3264 4977/5158/3268 4978/5159/3269
f 4976/5157/3267 4975/5156/3266 4979/5160/3270 4980/5161/3271
f 4980/5161/3271 4979/5160/3270 4922/5099/3231 4921/5098/3230
f 4978/5159/3269 4977/5158/3268 4934/5111/3236 4933/5110/3235
f 4970/5151/3261 4981/5162/3272 4982/5163/3273 4971/5152/3262
f 4914/5091/3225 4983/5164/274 4984/5165/3274 4915/5092/3226
f 4981/5162/3272 4967/5148/3258 4968/5149/3259 4982/5163/3273
f 4983/5164/274 4965/5146/286 4966/5147/287 4984/5165/3274
f 4985/5166/3275 4986/5167/3276 4987/5168/3277 4988/5169/3278
f 4959/5140/3254 4969/5150/3260 4972/5153/3263 4960/5141/3255
f 4989/5170/3279 4990/5171/3280 4991/5172/3281 4992/5173/3282
f 4993/5174/3283 4994/5175/3284 4986/5167/3276 4985/5166/3275
f 4995/5176/3285 4996/5177/3286 4997/5178/3287 4998/5179/3288
f 4998/5179/3288 4997/5178/3287 4999/5180/3289 5000/5181/3290
f 5001/5182/384 5002/5183/3291 5003/5184/3292 5004/5185/3293
f 5005/5186/3294 5006/5187/3295 5007/5188/382 5008/5189/379
f 5009/5190/297 5010/5191/299 5011/5192/1187 5012/5193/3296
f 4988/5169/3278 4987/5168/3277 5013/5194/3297 5014/5195/3297
f 5015/5196/3298 5016/5197/372 5017/5198/3299 5018/5199/370
f 5019/5200/3300 5020/5201/3301 5021/5202/3302 5022/5203/3303
f 4932/5109/298 4931/5108/298 5010/5191/299 5009/5190/297
f 5004/5185/3293 5003/5184/3292 5023/5204/3304 5024/5205/3305
f 5025/5206/3306 5026/5207/3307 4994/5175/3284 4993/5174/3283
f 5008/5189/379 5007/5188/382 5027/5208/296 5028/5209/295
f 5029/5210/393 5030/5211/395 449/471/395 448/470/394
f 451/473/396 454/476/398 5031/5212/398 5032/5213/397
f 5033/5214/3308 5034/5215/3309 5035/5216/3310 5036/5217/3311
f 5037/5218/3312 5038/5219/3313 5039/5220/3314 5040/5221/3315
f 5041/5222/3316 5042/5223/3317 5036/5217/3311 5035/5216/3310
f 5038/5219/3313 5037/5218/3312 5043/5224/3318 5044/5225/3319
f 5045/5226/3320 5046/5227/3321 5040/5221/3315 5039/5220/3314
f 469/491/413 472/494/416 5047/5228/415 5048/5229/414
f 473/495/417 5049/5230/418 5029/5210/393 448/470/394
f 451/473/396 5032/5213/397 5050/5231/420 475/497/419
f 5042/5223/3317 5051/5232/3322 5052/5233/3323 5036/5217/3311
f 5036/5217/3311 5052/5233/3323 5053/5234/3324 5033/5214/3308
f 5054/5235/3325 5055/5236/3326 5056/5237/3327 5057/5238/3328
f 5058/5239/3329 5059/5240/3330 5055/5236/3326 5054/5235/3325
f 5040/5221/3315 5060/5241/3331 5061/5242/3332 5037/5218/3312
f 5062/5243/3333 5043/5224/3318 5037/5218/3312 5061/5242/3332
f 5059/5240/3330 5058/5239/3329 490/512/434 489/511/433
f 5042/5223/3317 492/514/436 491/513/435 5051/5232/3322
f 493/515/437 5043/5224/3318 5062/5243/3333 494/516/438
f 475/497/419 5050/5231/420 5047/5228/415 472/494/416
f 5049/5230/418 473/495/417 469/491/413 5048/5229/414
f 5058/5239/3329 5054/5235/3325 5052/5233/3323 5051/5232/3322
f 5054/5235/3325 5057/5238/3328 5053/5234/3324 5052/5233/3323
f 5061/5242/3332 5060/5241/3331 5056/5237/3327 5055/5236/3326
f 5062/5243/3333 5061/5242/3332 5055/5236/3326 5059/5240/3330
f 5051/5232/3322 491/513/435 490/512/434 5058/5239/3329
f 494/516/438 5062/5243/3333 5059/5240/3330 489/511/433
f 5063/5244/3334 5064/5245/3335 5065/5246/3336 5066/5247/3337
f 5067/5248/3338 5068/5249/3339 5069/5250/3340 5070/5251/3341
f 5070/5251/3341 5069/5250/3340 5071/5252/3342 5072/5253/3343
f 5072/5253/3343 5071/5252/3342 5073/5254/3344 5074/5255/3345
f 5075/5256/3346 5071/5252/3342 5069/5250/3340 5076/5257/3347
f 5072/5253/3343 5077/5258/3348 5078/5259/3349 5070/5251/3341
f 5079/5260/3350 514/536/458 513/535/457 5080/5261/3351
f 5081/5262/3352 518/540/461 517/539/216 5082/5263/3353
f 5083/5264/3354 522/544/465 521/543/464 5084/5265/3355
f 5085/5266/3356 524/546/467 518/540/461 5081/5262/3352
f 5086/5267/3357 528/550/471 527/549/470 5087/5268/3358
f 5088/5269/3359 530/552/273 522/544/465 5083/5264/3354
f 5089/5270/3360 532/554/474 524/546/467 5085/5266/3356
f 5087/5268/3358 527/549/470 534/556/476 5090/5271/3361
f 5091/5272/3362 536/560/478 528/559/471 5086/5273/3357
f 5092/5274/3363 538/562/480 532/554/474 5089/5270/3360
f 5090/5271/3361 534/556/476 540/564/482 5093/5275/3364
f 5094/5276/3365 542/566/217 536/560/478 5091/5272/3362
f 5095/5277/3366 544/568/485 538/562/480 5092/5274/3363
f 5093/5275/3364 540/564/482 546/570/487 5096/5278/3367
f 5082/5263/3353 517/539/216 542/566/217 5094/5276/3365
f 5084/5265/3355 521/543/464 544/568/485 5095/5277/3366
f 5096/5278/3367 546/570/487 530/552/273 5088/5269/3359
f 5097/5279/3368 5098/5280/3369 549/573/490 548/572/489
f 5099/5281/3370 4803/4976/3168 5100/5282/3371
f 5101/5283/1074 5102/5284/1074 5103/5285/1074 5104/5286/1074
f 5105/5287/1074 5106/5288/1074 5107/5289/1074 5108/5290/1074
f 5109/5291/3372 5110/5292/3373 5111/5293/3374 5112/5294/3375
f 5113/5295/3376 5114/5296/3377 5115/5297/3378 5116/5298/3379
f 5117/5299/3380 5118/5300/3381 5119/5301/3382 5120/5302/3383
f 5112/5294/3375 5111/5293/3374 5121/5303/3384 5122/5304/3385
f 5116/5298/3379 5115/5297/3378 5118/5300/3381 5117/5299/3380
f 5123/5305/3386 5109/5291/3372 5112/5294/3375 5124/5306/3387
f 5125/5307/3388 5113/5295/3376 5116/5298/3379 5126/5308/3389
f 5127/5309/3390 5117/5299/3380 5120/5302/3383 5128/5310/3391
f 5129/5311/3392 5130/5312/3393 5109/5291/3372 5123/5305/3386
f 5124/5306/3387 5112/5294/3375 5122/5304/3385 5131/5313/3394
f 5126/5308/3389 5116/5298/3379 5117/5299/3380 5127/5309/3390
f 5132/5314/3395 5123/5305/3386 5124/5306/3387 5133/5315/3396
f 5134/5316/3397 5125/5307/3388 5126/5308/3389 5135/5317/3398
f 5136/5318/3399 5127/5309/3390 5128/5310/3391 5137/5319/3400
f 5138/5320/3401 5129/5311/3392 5123/5305/3386 5132/5314/3395
f 5133/5315/3396 5124/5306/3387 5131/5313/3394 5139/5321/3402
f 5135/5317/3398 5126/5308/3389 5127/5309/3390 5136/5318/3399
f 5140/5322/3403 5132/5323/3395 5133/5315/3396 5141/5324/3404
f 5142/5325/3405 5134/5316/3397 5135/5317/3398 5143/5326/3406
f 5144/5327/3407 5136/5328/3399 5137/5329/3400 5145/5330/3408
f 5146/5331/3409 5138/5332/3401 5132/5323/3395 5140/5322/3403
f 5141/5324/3404 5133/5315/3396 5139/5321/3402 5147/5333/3410
f 5143/5326/3406 5135/5317/3398 5136/5328/3399 5144/5327/3407
f 5142/5325/3405 5148/5334/3411 5149/5335/3412 5147/5333/3410
f 5134/5316/3397 5142/5325/3405 5147/5333/3410 5139/5321/3402
f 5150/5336/3413 5140/5322/3403 5141/5324/3404 5151/5337/3414
f 5148/5334/3411 5142/5325/3405 5143/5326/3406 5152/5338/3415
f 5153/5339/3416 5144/5327/3407 5145/5330/3408 5154/5340/3417
f 5155/5341/3418 5146/5331/3409 5140/5322/3403 5150/5336/3413
f 5151/5337/3414 5141/5324/3404 5147/5333/3410 5149/5335/3412
f 5152/5338/3415 5143/5326/3406 5144/5327/3407 5153/5339/3416
f 5113/5295/3376 5125/5307/3388 5131/5313/3394 5122/5304/3385
f 5114/5296/3377 5113/5295/3376 5122/5304/3385 5121/5303/3384
f 5156/5342/541 611/639/541 610/638/542 5157/5343/542
f 612/640/543 5158/5344/543 5159/5345/544 613/641/544
f 616/644/216 5160/5346/216 5161/5347/545 617/645/545
f 5157/5343/542 610/638/542 621/649/546 5162/5348/546
f 613/641/544 5159/5345/544 5163/5349/547 622/650/547
f 624/652/548 5164/5350/548 5165/5351/549 625/653/549
f 5166/5352/550 631/659/550 630/658/551 5167/5353/551
f 622/650/547 5163/5349/547 5168/5354/552 632/660/552
f 5169/5355/553 635/663/553 631/659/550 5166/5352/550
f 5170/5356/554 639/667/554 638/666/555 5171/5357/555
f 5167/5353/551 630/658/551 639/669/554 5170/5358/554
f 640/670/556 5172/5359/556 5158/5344/543 612/640/543
f 5160/5346/216 616/644/216 635/663/553 5169/5355/553
f 5171/5357/555 638/666/555 611/639/541 5156/5342/541
f 617/645/545 5161/5347/545 5172/5359/556 640/670/556
f 5162/5348/546 621/649/546 643/673/273 5173/5360/273
f 632/660/552 5168/5354/552 5164/5350/548 624/652/548
f 625/653/549 5165/5351/549 5173/5360/273 643/673/273
f 5104/5286/1074 5103/5285/1074 5174/5361/1074 5175/5362/1074
f 5176/5363/1074 5177/5364/1074 5102/5284/1074 5101/5283/1074
f 5178/5365/1074 5179/5366/1074 5106/5288/1074 5105/5287/1074
f 5180/5367/1074 5181/5368/1074 5182/5369/1074 5183/5370/1074
f 5184/5371/1074 5185/5372/1074 5186/5373/1074 5187/5374/1074
f 5188/5375/1074 5189/5376/1074 5179/5366/1074 5178/5365/1074
f 5175/5362/1074 5174/5361/1074 5181/5368/1074 5180/5367/1074
f 5190/5377/1074 5191/5378/1074 5189/5376/1074 5188/5375/1074
f 5192/5379/1074 5193/5380/1074 5108/5290/1074 5107/5289/1074
f 5194/5381/1074 5195/5382/1074 5196/5383/1074 5197/5384/1074
f 5198/5385/1074 5199/5386/1074 5185/5372/1074 5184/5371/1074
f 5200/5387/1074 5201/5388/1074 5193/5380/1074 5192/5379/1074
f 5197/5384/1074 5196/5383/1074 5191/5378/1074 5190/5377/1074
f 5187/5374/1074 5186/5373/1074 5195/5382/1074 5194/5381/1074
f 5199/5386/1074 5198/5385/1074 5177/5364/1074 5176/5363/1074
f 5130/5312/3393 5202/5389/3419 5110/5292/3373 5109/5291/3372
f 5183/5370/1074 5182/5369/1074 5201/5388/1074 5200/5387/1074
f 5148/5334/3411 5203/5390/3420 5204/5391/3421 5149/5335/3412
f 5205/5392/3422 5202/5389/3419 5130/5312/3393
f 5120/5302/3383 5119/5301/3382 5206/5393/3423
f 5205/5392/3422 5130/5312/3393 5129/5311/3392
f 5128/5310/3391 5120/5302/3383 5206/5393/3423
f 5205/5392/3422 5129/5311/3392 5138/5320/3401
f 5137/5319/3400 5128/5310/3391 5206/5393/3423
f 5205/5394/3422 5138/5332/3401 5146/5331/3409
f 5145/5330/3408 5137/5329/3400 5206/5395/3423
f 5205/5394/3422 5146/5331/3409 5155/5341/3418
f 5154/5340/3417 5145/5330/3408 5206/5395/3423
f 5207/5396/3424 5150/5336/3413 5151/5337/3414 5208/5397/3425
f 5203/5390/3420 5148/5334/3411 5152/5338/3415 5209/5398/3426
f 5210/5399/3427 5153/5339/3416 5154/5340/3417 5211/5400/3428
f 5212/5401/3429 5155/5341/3418 5150/5336/3413 5207/5396/3424
f 5208/5397/3425 5151/5337/3414 5149/5335/3412 5204/5391/3421
f 5209/5398/3426 5152/5338/3415 5153/5339/3416 5210/5399/3427
f 5205/5394/3422 5155/5341/3418 5212/5401/3429
f 5211/5400/3428 5154/5340/3417 5206/5395/3423
f 513/535/457 684/716/569 5213/5402/3430 5080/5261/3351
f 684/716/569 686/718/571 5214/5403/3431 5213/5402/3430
f 686/718/571 688/720/573 5215/5404/3432 5214/5403/3431
f 688/720/573 549/573/490 5098/5280/3369 5215/5404/3432
f 548/572/489 690/722/574 5216/5405/574 5097/5279/3368
f 690/722/574 692/724/575 5217/5406/575 5216/5405/574
f 693/725/576 5218/5407/576 5219/5408/576 694/726/576
f 5220/5409/576 698/730/576 694/726/576 5219/5408/576
f 5221/5410/3433 5083/5264/3354 5084/5265/3355 5222/5411/3434
f 5223/5412/3435 5088/5269/3359 5083/5264/3354 5221/5410/3433
f 5224/5413/3436 5092/5274/3363 5089/5270/3360 5225/5414/3437
f 5226/5415/3438 5095/5277/3366 5092/5274/3363 5224/5413/3436
f 5222/5411/3434 5084/5265/3355 5095/5277/3366 5226/5415/3438
f 5227/5416/3439 5096/5278/3367 5088/5269/3359 5223/5412/3435
f 5228/5417/3440 5081/5262/3352 5082/5263/3353 5229/5418/3441
f 5230/5419/3442 5231/5420/3443 5232/5421/3444 5233/5422/3445
f 5234/5423/3446 5235/5424/3446 5236/5425/3447 5237/5426/3447
f 5238/5427/3448 5239/5428/3448 5240/5429/3449 5241/5430/3450
f 5242/5431/3451 5243/5432/3452 5239/5428/3448 5238/5427/3448
f 5244/5433/3453 5245/5434/3454 5246/5435/3455 5247/5436/3456
f 5248/5437/3457 5249/5438/3457 5250/5439/3458 5251/5440/3458
f 5252/5441/3459 5094/5276/3365 5091/5272/3362 5253/5442/3460
f 5251/5440/3458 5250/5439/3458 5243/5432/3452 5242/5431/3451
f 5254/5443/3461 5255/5444/3462 5231/5420/3443 5230/5419/3442
f 5256/5445/3463 5257/5446/3463 5258/5447/3464 5259/5448/3464
f 5260/5449/3465 5261/5450/3465 5235/5424/3446 5234/5423/3446
f 5241/5451/3450 5240/5452/3449 5262/5453/3466 5263/5454/3466
f 5263/5454/3466 5262/5453/3466 5257/5446/3463 5256/5445/3463
f 5259/5448/3464 5258/5447/3464 5261/5450/3465 5260/5449/3465
f 5264/5455/3467 5265/5456/3468 5255/5444/3462 5254/5443/3461
f 5237/5426/3447 5236/5425/3447 5266/5457/3469 5267/5458/3469
f 5229/5418/3441 5082/5263/3353 5094/5276/3365 5252/5441/3459
f 5268/5459/3470 5269/5460/3470 5249/5438/3457 5248/5437/3457
f 5270/5461/3471 5271/5462/3472 5245/5434/3454 5244/5433/3453
f 5272/5463/3473 5273/5464/3473 5274/5465/3474 5275/5466/3474
f 5275/5466/3474 5274/5465/3474 5276/5467/3475 5277/5468/3475
f 5225/5414/3437 5089/5270/3360 5085/5266/3356 5278/5469/3476
f 5267/5458/3469 5266/5457/3469 5273/5464/3473 5272/5463/3473
f 5277/5468/3475 5276/5467/3475 5269/5460/3470 5268/5459/3470
f 5279/5470/3477 5280/5471/3478 5281/5472/3479 5282/5473/3480
f 5283/5474/3481 5284/5475/3482 5285/5476/3483 5286/5477/3484
f 5287/5478/3485 5288/5479/3486 5289/5480/3487 5290/5481/3488
f 5291/5482/3489 5292/5483/3490 5293/5484/3491 5294/5485/3492
f 5295/5486/3493 5296/5487/3494 5294/5485/3492 5293/5484/3491
f 5297/5488/3495 5293/5484/3491 5292/5483/3490 5298/5489/3496
f 5284/5475/3482 5283/5474/3481 5299/5490/3497 5298/5489/3496
f 5300/5491/3498 5301/5492/3499 5302/5493/3500 5303/5494/3501
f 5304/5495/3502 5305/5496/3502 5301/5492/3499 5300/5491/3498
f 5306/5497/3503 5307/5498/3504 786/820/648 785/819/648
f 5308/5499/3505 5309/5500/3506 5310/5501/3507 5311/5502/3508
f 5312/5503/3509 5313/5504/3509 5314/5505/3510 5315/5506/3510
f 5316/5507/3511 5317/5508/3511 5318/5509/3512 5319/5510/3512
f 5320/5511/3513 5321/5512/3513 5322/5513/3514 5323/5514/3514
f 5324/5515/3515 5325/5516/3515 5326/5517/3516 5327/5518/3517
f 5328/5519/3518 5329/5520/3518 5330/5521/3519 5331/5522/3519
f 5332/5523/3520 5333/5524/3521 5334/5525/3522 5335/5526/3523
f 4852/5527/3187 5336/5528/3524 5337/5529/3524 4853/5530/3188
f 5338/5531/3525 5339/5532/3526 5340/5533/3527 5341/5534/3527
f 5342/5535/3528 5343/5536/3529 5344/5537/3530 5345/5538/3531
f 5346/5539/3532 5347/5540/3533 5348/5541/3534 5349/5542/3534
f 5350/5543/3535 5351/5544/3535 5352/5545/3536 5353/5546/3536
f 5354/5547/3537 5355/5548/3537 5356/5549/3537 5357/5550/3537
f 5358/5551/662 5359/5552/662 5360/5553/663 5361/5554/663
f 5362/5555/3538 5363/5556/3539 5364/5557/3540 5365/5558/3541
f 5366/5559/3542 5367/5560/3543 5368/5561/3544 5369/5562/3544
f 5370/5563/3545 5371/5564/3545 5372/5565/3545 5373/5566/3545
f 5323/5514/3514 5322/5513/3514 5374/5567/3546 5375/5568/3546
f 5376/5569/3547 5377/5570/3547 5378/5571/3548 5379/5572/3548
f 5380/5573/3549 5381/5574/3550 5382/5575/3551 5383/5576/3551
f 5384/5577/3552 5385/5578/3552 5321/5512/3513 5320/5511/3513
f 5386/5579/694 5387/5580/694 5388/5581/753 5389/5582/753
f 5390/5583/3553 5391/5584/3553 5392/5585/3553 5393/5586/3553
f 5365/5558/3541 5364/5557/3540 5333/5524/3521 5332/5523/3520
f 5394/5587/654 5395/5588/654 5396/5589/3554 5397/5590/3554
f 5398/5591/3555 5399/5592/3556 5400/5593/3557 5401/5594/3557
f 5402/5595/3558 5403/5596/3558 5404/5597/3559 5405/5598/3559
f 5406/5599/657 5407/5600/657 5408/5601/1211 5409/5602/1211
f 5410/5603/3560 5411/5604/3560 5412/5605/3560 5413/5606/3560
f 5335/5526/3523 5334/5525/3522 5414/5607/3561 5415/5608/3562
f 5416/5609/742 5417/5610/742 5418/5611/743 5419/5612/743
f 5420/5613/3563 5421/5614/3564 5422/5615/3565 5423/5616/3565
f 5424/5617/3566 5425/5618/3567 5426/5619/3568 5427/5620/3569
f 5428/5621/679 5429/5622/679 5430/5623/3570 5431/5624/3570
f 4874/5625/3205 5432/5626/3571 5433/5627/3571 4868/5628/3199
f 5434/5629/3572 5435/5630/3573 5436/5631/3574 5437/5632/3575
f 5397/5590/3554 5396/5589/3554 5438/5633/656 5439/5634/656
f 5440/5635/3576 5441/5636/3577 5442/5637/3578 5443/5638/3578
f 5444/5639/3579 5445/5640/3580 5446/5641/3581 5447/5642/3582
f 5315/5506/3510 5314/5505/3510 5317/5508/3511 5316/5507/3511
f 4878/5643/3209 5448/5644/3583 5449/5645/3583 4872/5646/3203
f 5450/5647/3584 5451/5648/3584 5452/5649/3585 5453/5650/3585
f 5454/5651/715 5455/5652/715 5456/5653/3586 5457/5654/3586
f 5458/5655/3587 5459/5656/3588 5460/5657/3589 5461/5658/3589
f 5462/5659/3590 5463/5660/3590 5325/5516/3515 5324/5515/3515
f 5464/5661/3591 5465/5662/3591 5329/5520/3518 5328/5519/3518
f 5466/5663/3592 5467/5664/3592 5468/5665/3592 5469/5666/3592
f 5470/5667/3593 5471/5668/3593 5472/5669/3594 5473/5670/3595
f 5474/5671/3596 5475/5672/3596 5351/5544/3535 5350/5543/3535
f 5476/5673/3597 5477/5674/3597 5478/5675/3598 5479/5676/3598
f 5479/5676/3598 5478/5675/3598 5480/5677/3599 5481/5678/3599
f 5339/5532/3526 5482/5679/3600 5483/5680/3601 5346/5539/3532
f 5346/5539/3532 5483/5680/3601 5484/5681/3602 5347/5540/3533
f 5481/5678/3599 5480/5677/3599 5485/5682/3603 5486/5683/3603
f 5347/5540/3533 5484/5681/3602 5487/5684/3604 5366/5559/3542
f 5482/5679/3600 5339/5532/3526 5338/5531/3525 5488/5685/3605
f 5477/5674/3597 5476/5673/3597 5489/5686/3606 5490/5687/3606
f 5486/5683/3603 5485/5682/3603 5491/5688/3607 5492/5689/3607
f 5366/5559/3542 5487/5684/3604 5493/5690/3608 5367/5560/3543
f 5488/5685/3605 5338/5531/3525 5381/5574/3550 5494/5691/3609
f 5490/5687/3606 5489/5686/3606 5495/5692/3610 5496/5693/3610
f 5494/5691/3609 5381/5574/3550 5380/5573/3549 5497/5694/3611
f 5496/5695/3610 5495/5696/3610 5498/5697/3612 5499/5698/3612
f 5497/5694/3611 5380/5573/3549 5399/5592/3556 5500/5699/3613
f 5499/5698/3612 5498/5697/3612 5501/5700/3614 5502/5701/3614
f 5500/5699/3613 5399/5592/3556 5398/5591/3555 5503/5702/3615
f 5502/5701/3614 5501/5700/3614 5504/5703/3616 5505/5704/3616
f 5503/5702/3615 5398/5591/3555 5421/5614/3564 5506/5705/3617
f 5505/5704/3616 5504/5703/3616 5507/5706/3618 5508/5707/3618
f 5506/5705/3617 5421/5614/3564 5420/5613/3563 5509/5708/3619
f 5508/5707/3618 5507/5706/3618 5510/5709/3620 5511/5710/3620
f 5509/5708/3619 5420/5613/3563 5441/5636/3577 5512/5711/3621
f 5511/5710/3620 5510/5709/3620 5513/5712/3622 5514/5713/3622
f 5512/5711/3621 5441/5636/3577 5440/5635/3576 5515/5714/3623
f 5514/5713/3622 5513/5712/3622 5516/5715/3624 5517/5716/3624
f 5515/5714/3623 5440/5635/3576 5459/5656/3588 5518/5717/3625
f 5517/5716/3624 5516/5715/3624 5519/5718/3626 5520/5719/3626
f 5518/5717/3625 5459/5656/3588 5458/5655/3587 5521/5720/3627
f 5520/5719/3626 5519/5718/3626 5522/5721/3628 5523/5722/3628
f 5521/5720/3627 5458/5655/3587 5367/5560/3543 5493/5690/3608
f 5523/5722/3628 5522/5721/3628 5492/5689/3607 5491/5688/3607
f 5524/5723/3629 5525/5724/3629 5526/5725/3629 5527/5726/3629
f 5528/5727/3630 5529/5728/3630 5530/5729/3630 5531/5730/3630
f 5532/5731/3631 5533/5732/3631 5534/5733/3631 5535/5734/3631
f 5536/5735/3632 5537/5736/3632 5538/5737/3632 5539/5738/3632
f 5540/5739/3633 5541/5740/3633 5542/5741/3633 5543/5742/3633
f 5544/5743/3634 5545/5744/3634 5546/5745/3634 5547/5746/3634
f 5548/5747/3635 5549/5748/3635 5550/5749/3635 5551/5750/3635
f 5552/5751/3636 5553/5752/3636 5554/5753/3636 5555/5754/3636
f 5556/5755/3637 5557/5756/3637 5558/5757/3637 5559/5758/3637
f 5560/5759/3638 5561/5760/3638 5562/5761/3638 5563/5762/3638
f 4861/5763/3192 5564/5764/3639 5565/5765/3639 4884/5766/3215
f 5566/5767/3640 5567/5768/3640 5568/5769/3640 5569/5770/3640
f 4886/5771/3217 5570/5772/3641 5571/5773/3641 4880/5774/3211
f 5572/5775/3642 5573/5776/3642 5574/5777/3642 5575/5778/3642
f 5576/5779/3643 5577/5780/3643 5578/5781/3643 5579/5782/3643
f 5580/5783/3644 5581/5784/3644 5582/5785/3644 5583/5786/3644
f 5584/5787/3645 5585/5788/3645 5586/5789/3645 5587/5790/3645
f 5588/5791/3646 5589/5792/3646 5590/5793/3646 5591/5794/3646
f 5592/5795/3647 5593/5796/3647 5594/5797/3647 5595/5798/3647
f 5596/5799/3648 5597/5800/3648 5598/5801/3648 5599/5802/3648
f 4870/5803/3201 5600/5804/3649 5601/5805/3649 4860/5806/3191
f 4864/5807/3195 5602/5808/3650 5603/5809/3650 4865/5810/3196
f 5604/5811/3651 5605/5812/3651 5606/5813/3651 5607/5814/3651
f 5608/5815/3652 5609/5816/3652 5610/5817/3652 5611/5818/3652
f 5612/5819/3653 5613/5820/3653 5614/5821/3653 5615/5822/3653
f 5616/5823/3654 5617/5824/3654 5618/5825/3654 5619/5826/3654
f 5620/5827/3655 5621/5828/3655 5622/5829/3655 5623/5830/3655
f 5624/5831/3656 5625/5832/3656 5626/5833/3656 5627/5834/3656
f 5628/5835/3657 5629/5836/3657 5630/5837/3657 5631/5838/3657
f 5632/5839/3658 5633/5840/3658 5634/5841/3658 5635/5842/3658
f 4882/5843/3213 5636/5844/3659 5637/5845/3659 4876/5846/3207
f 5638/5847/3660 5639/5848/3660 5640/5849/3660 5641/5850/3660
f 5642/5851/3661 5643/5852/3662 5644/5853/3663 5435/5630/3573
f 5643/5852/3662 5642/5851/3661 5414/5607/3561 5645/5854/3664
f 5645/5854/3664 5414/5607/3561 5334/5525/3522 5646/5855/3665
f 5435/5630/3573 5644/5853/3663 5647/5856/3666 5436/5631/3574
f 5333/5524/3521 5648/5857/3667 5646/5855/3665 5334/5525/3522
f 5436/5631/3574 5647/5856/3666 5649/5858/3668 5650/5859/3669
f 5650/5859/3669 5649/5858/3668 5651/5860/3670 5425/5618/3567
f 5425/5618/3567 5651/5860/3670 5652/5861/3671 5426/5619/3568
f 5426/5619/3568 5652/5861/3671 5653/5862/3672 5343/5536/3529
f 5343/5536/3529 5653/5862/3672 5654/5863/3673 5344/5537/3530
f 5344/5537/3530 5654/5863/3673 5655/5864/3674 5656/5865/3675
f 5656/5865/3675 5655/5864/3674 5657/5866/3676 5445/5640/3580
f 5445/5640/3580 5657/5866/3676 5658/5867/3677 5446/5641/3581
f 5446/5641/3581 5658/5867/3677 5659/5868/3678 5363/5556/3539
f 5363/5556/3539 5659/5868/3678 5660/5869/3679 5364/5557/3540
f 5364/5557/3540 5660/5869/3679 5648/5857/3667 5333/5524/3521
f 5453/5650/3585 5452/5649/3585 5661/5870/3680 5662/5871/3680
f 5663/5872/3681 5656/5865/3675 5445/5640/3580 5444/5639/3579
f 5664/5873/3682 5650/5859/3669 5425/5618/3567 5424/5617/3566
f 5375/5568/3546 5374/5567/3546 5665/5874/3683 5666/5875/3683
f 5667/5876/3684 5668/5877/3684 5463/5660/3590 5462/5659/3590
f 5405/5598/3559 5404/5597/3559 5451/5648/3584 5450/5647/3584
f 5447/5642/3582 5446/5641/3581 5363/5556/3539 5362/5555/3538
f 5427/5620/3569 5426/5619/3568 5343/5536/3529 5342/5535/3528
f 5327/5518/3517 5326/5517/3516 5403/5596/3558 5402/5595/3558
f 5662/5871/3680 5661/5870/3680 5385/5578/3552 5384/5577/3552
f 5666/5875/3683 5665/5874/3683 5471/5668/3593 5470/5667/3593
f 5415/5608/3562 5414/5607/3561 5642/5851/3661 5669/5878/3685
f 5473/5670/3595 5472/5669/3594 5668/5877/3684 5667/5876/3684
f 5345/5538/3531 5344/5537/3530 5656/5865/3675 5663/5872/3681
f 5437/5632/3575 5436/5631/3574 5650/5859/3669 5664/5873/3682
f 5669/5878/3685 5642/5851/3661 5435/5630/3573 5434/5629/3572
f 4906/5083/285 4924/5101/3233 4923/5100/3232 4907/5084/3219
f 4910/5087/3221 4936/5113/3238 4935/5112/3237 4911/5088/3222
f 5000/5181/3290 4999/5180/3289 4990/5171/3280 4989/5170/3279
f 5670/5879/3686 5671/5880/3687 5672/5881/3688 5673/5882/3689
f 5674/5883/847 5675/5884/3690 5676/5885/849 5677/5886/3691
f 5678/5887/3692 5679/5888/3693 5680/5889/3694 5681/5890/3695
f 5682/5891/3696 5683/5892/3697 5684/5893/3698 5685/5894/3699
f 5686/5895/3700 5687/5896/3700 5671/5880/3687 5670/5879/3686
f 5685/5894/3699 5684/5893/3698 5688/5897/3701 5689/5898/3702
f 5677/5886/3691 5676/5885/849 5683/5892/3697 5682/5891/3696
f 5690/5899/3703 5691/5900/3704 5675/5884/3690 5674/5883/847
f 5692/5901/3705 5693/5902/3706 5687/5896/3700 5686/5895/3700
f 5689/5898/3702 5688/5897/3701 5694/5903/3707 5695/5904/3708
f 5696/5905/3709 5697/5906/3710 5698/5907/3711 5699/5908/3712
f 5681/5890/3695 5680/5889/3694 5697/5906/3710 5696/5905/3709
f 5700/5909/3713 5701/5910/873 5691/5900/3704 5690/5899/3703
f 5699/5908/3712 5698/5907/3711 5702/5911/3714 5703/5912/3715
f 5695/5904/3708 5694/5903/3707 5704/5913/3716 5705/5914/3717
f 5673/5882/3689 5672/5881/3688 5701/5910/873 5700/5909/3713
f 5703/5912/3715 5702/5911/3714 5693/5902/3706 5692/5901/3705
f 5705/5914/3717 5704/5913/3716 5679/5888/3693 5678/5887/3692
f 5706/5915/3718 5707/5916/3719 5285/5476/3483 5708/5917/3720
f 5709/5918/3721 5710/5919/3722 5711/5920/3723 5712/5921/3724
f 5713/5922/3725 5714/5923/3726 5290/5481/3488 5289/5480/3487
f 5714/5923/3726 5713/5922/3725 5715/5924/3727 5716/5925/3728
f 5717/5926/3729 5718/5927/3730 5710/5919/3722 5709/5918/3721
f 5290/5481/3488 5719/5928/3731 5720/5929/3732 5721/5930/3733
f 5722/5931/3734 5723/5932/3735 5724/5933/3736 5725/5934/3737
f 5726/5935/3738 5727/5936/3739 5728/5937/3740 5729/5938/3741
f 5730/5939/3742 5731/5940/3743 5725/5934/3737 5724/5941/3736
f 5279/5470/3477 5721/5930/3733 5720/5929/3732 5732/5942/3744
f 5731/5940/3743 5730/5939/3742 5733/5943/3745 5734/5944/3745
f 5735/5945/3746 5736/5946/3747 5279/5470/3477 5732/5942/3744
f 5716/5925/3728 5715/5924/3727 5737/5947/3748 5738/5948/3749
f 5738/5948/3749 5737/5947/3748 5712/5921/3724 5711/5920/3723
f 5288/5479/3486 5287/5478/3485 5739/5949/3750 5740/5950/3751
f 5740/5950/3751 5739/5949/3750 5718/5927/3730 5717/5926/3729
f 5741/5951/3752 5742/5952/3753 5743/5953/3754 5744/5954/3755
f 5723/5932/3735 5722/5931/3734 5745/5955/3756 5746/5956/3756
f 5747/5957/3757 5748/5958/3758 5744/5954/3755 5743/5959/3754
f 5749/5960/3759 5750/5961/3759 5742/5962/3753 5741/5951/3752
f 5751/5963/3760 5752/5964/3760 5748/5958/3758 5747/5957/3757
f 5753/5965/3761 5754/5966/3761 5755/5967/3761 5756/5968/3761
f 5757/5969/3762 5758/5970/3763 5759/5971/3764 5760/5972/3764
f 5284/5475/3482 5761/5973/3765 5708/5917/3720 5285/5476/3483
f 5736/5946/3747 5762/5974/3766 5280/5471/3478 5279/5470/3477
f 5282/5473/3480 5281/5472/3479 5761/5973/3765 5284/5475/3482
f 5762/5974/3766 5736/5946/3747 5707/5916/3719 5706/5915/3718
f 5736/5946/3747 5735/5945/3746 5763/5975/3767 5716/5925/3728
f 5714/5923/3726 5764/5976/3768 5719/5928/3731 5290/5481/3488
f 5764/5976/3768 5714/5923/3726 5716/5925/3728 5763/5975/3767
f 5765/5977/3769 5766/5978/3769 5767/5979/3769 5768/5980/3769
f 5769/5981/3770 5770/5982/3771 1251/1306/933 1250/1305/932
f 5771/5983/3772 5772/5984/3773 5773/5985/3774 5774/5986/3775
f 5298/5489/3496 5299/5490/3497 5775/5987/3776 5297/5488/3495
f 5297/5488/3495 5775/5987/3776 5776/5988/3777 5777/5989/3778
f 5778/5990/3779 5779/5991/3779 5780/5992/3780 5781/5993/3781
f 5782/5994/3782 5783/5995/3783 5784/5996/3784 5785/5997/3784
f 5786/5998/3785 5787/5999/3786 1270/1325/949 1269/1324/949
f 5788/6000/3787 5789/6001/3788 1274/1329/952 1273/1328/952
f 5292/5483/3490 5291/5482/3489 5790/6002/3789 5791/6003/3790
f 5792/6004/3791 5769/5981/3770 1250/1305/932 1279/1334/957
f 5793/6005/3792 5794/6006/3793 1282/1337/959 1281/1336/959
f 5795/6007/3794 5796/6008/3795 5797/6009/3796 5798/6010/3796
f 5799/6011/3797 5295/5486/3493 5774/5986/3775 5800/6012/3798
f 5801/6013/3799 5802/6014/3800 5800/6012/3798 5774/5986/3775
f 5803/6015/3801 5804/6016/3802 1294/1349/969 1293/1348/969
f 5805/6017/3803 5806/6018/3803 5807/6019/3803 5808/6020/3803
f 5809/6021/3804 5801/6013/3799 5774/5986/3775 5773/5985/3774
f 5810/6022/3805 5811/6023/3806 1303/1358/974 1302/1357/974
f 5812/6024/3807 5813/6025/3808 5814/6026/3809 5815/6027/3809
f 5816/6028/3810 5817/6029/3811 1311/1366/980 1310/1365/980
f 5818/6030/3812 5819/6031/3812 5820/6032/3812 5821/6033/3812
f 5811/6023/3806 5822/6034/3813 1318/1373/983 1317/1372/983
f 5823/6035/3814 5824/6036/3815 1322/1377/986 1321/1376/986
f 5825/6037/3816 5826/6038/3817 5307/5498/3504 5306/5497/3503
f 5295/5486/3493 5799/6011/3797 5770/5982/3771 5769/5981/3770
f 5827/6039/3818 5828/6040/3819 5787/5999/3786 5786/5998/3785
f 5796/6008/3795 5795/6041/3794 5789/6001/3788 5788/6000/3787
f 5296/5487/3494 5295/5486/3493 5769/5981/3770 5792/6004/3791
f 5791/6003/3790 5790/6002/3789 5794/6006/3793 5793/6005/3792
f 1328/1384/992 1329/1385/993 5802/6014/3800 5801/6013/3799
f 1330/1386/994 1328/1384/992 5801/6013/3799 5809/6021/3804
f 5772/5984/3773 5771/5983/3772 5811/6023/3806 5810/6022/3805
f 1331/1387/995 1332/1388/995 5813/6025/3808 5812/6024/3807
f 5829/6042/3820 5830/6043/3820 5817/6029/3811 5816/6028/3810
f 5771/5983/3772 5831/6044/3821 5822/6034/3813 5811/6023/3806
f 5832/6045/3822 5833/6046/3822 5824/6036/3815 5823/6035/3814
f 5253/5442/3460 5091/5272/3362 5086/5273/3357 5834/6047/3823
f 5066/5247/3337 5065/5246/3336 5835/6048/3824 5836/6049/3825
f 5278/5469/3476 5085/5266/3356 5081/5262/3352 5228/5417/3440
f 5837/6050/3826 5838/6051/3827 5265/5456/3468 5264/5455/3467
f 5839/6052/3828 5840/6053/3829 5064/5245/3335 5063/5244/3334
f 5247/5436/3456 5246/5435/3455 5841/6054/3830 5842/6055/3831
f 5838/6051/3827 5837/6050/3826 5840/6053/3829 5839/6052/3828
f 5843/6056/3832 5093/5275/3364 5096/5278/3367 5227/5416/3439
f 5844/6057/3833 5090/5271/3361 5093/5275/3364 5843/6056/3832
f 5845/6058/3834 5087/5268/3358 5090/5271/3361 5844/6057/3833
f 5836/6049/3825 5835/6048/3824 5846/6059/3835 5847/6060/3836
f 5842/6055/3831 5841/6054/3830 5848/6061/3837 5849/6062/3838
f 5834/6063/3823 5086/5267/3357 5087/5268/3358 5845/6058/3834
f 5849/6062/3838 5848/6061/3837 5847/6060/3836 5846/6059/3835
f 5850/6064/1074 5265/5456/3468 5838/6051/3827 5851/6065/1074
f 5851/6065/1074 5838/6051/3827 5839/6052/3828 5852/6066/1074
f 5852/6066/1074 5839/6052/3828 5063/5244/3334 5853/6067/1074
f 5853/6067/1074 5063/5244/3334 5066/5247/3337 5854/6068/1074
f 5854/6068/1074 5066/5247/3337 5836/6049/3825 5855/6069/1074
f 5855/6069/1074 5836/6049/3825 5847/6060/3836 5856/6070/1074
f 5857/6071/1074 5255/5444/3462 5265/5456/3468 5850/6064/1074
f 5858/6072/1074 5231/5420/3443 5255/5444/3462 5857/6071/1074
f 5859/6073/1074 5232/5421/3444 5231/5420/3443 5858/6072/1074
f 5860/6074/1074 5861/6075/3839 5232/5421/3444 5859/6073/1074
f 5862/6076/1074 5271/5462/3472 5861/6075/3839 5860/6074/1074
f 5863/6077/1074 5245/5434/3454 5271/5462/3472 5862/6076/1074
f 5864/6078/1074 5246/5435/3455 5245/5434/3454 5863/6077/1074
f 5865/6079/1074 5841/6054/3830 5246/5435/3455 5864/6078/1074
f 5866/6080/1074 5848/6061/3837 5841/6054/3830 5865/6079/1074
f 5856/6070/1074 5847/6060/3836 5848/6061/3837 5866/6080/1074
f 5233/5422/3445 5232/5421/3444 5861/6075/3839 5867/6081/3840
f 5867/6081/3840 5861/6075/3839 5271/5462/3472 5270/5461/3471
f 5074/5255/3345 5868/6082/3841 5869/6083/3842
f 5074/5255/3345 5869/6083/3842 5072/5253/3343
f 5869/6083/3842 5870/6084/3843 5072/5253/3343
f 5870/6084/3843 5871/6085/3844 5072/5253/3343
f 5871/6085/3844 5077/5258/3348 5072/5253/3343
f 5872/6086/3845 5873/6087/3846 5073/5254/3344
f 5872/6086/3845 5073/5254/3344 5071/5252/3342
f 5874/6088/3847 5872/6086/3845 5071/5252/3342
f 5875/6089/3848 5874/6088/3847 5071/5252/3342
f 5875/6089/3848 5071/5252/3342 5075/5256/3346
f 5876/6090/3849 5076/5257/3347 5069/5250/3340
f 5068/5249/3339 5876/6090/3849 5069/5250/3340
f 5068/5249/3339 5877/6091/3850 5876/6090/3849
f 5068/5249/3339 5878/6092/3850 5877/6091/3850
f 5068/5249/3339 5879/6093/3851 5878/6092/3850
f 5070/5251/3341 5880/6094/3852 5067/5248/3338
f 5070/5251/3341 5078/5259/3349 5880/6094/3852
f 5078/5259/3349 5881/6095/3853 5880/6094/3852
f 5078/5259/3349 5882/6096/3854 5881/6095/3853
f 5078/5259/3349 5883/6097/3855 5882/6096/3854
f 5884/6098/1033 5885/6099/1033 5886/6100/1033 5887/6101/1033
f 5888/6102/1037 5889/6103/1038 5890/6104/1035 5891/6105/1035
f 5891/6105/1035 5890/6104/1035 5892/6106/1036 5893/6107/1034
f 5893/6107/1034 5892/6106/1036 5894/6108/3856 5895/6109/1044
f 5895/6109/1044 5894/6108/3856 5896/6110/3857 5897/6111/3858
f 5898/6112/1041 5899/6113/1042 5900/6114/3859 5901/6115/1039
f 5901/6115/1039 5900/6114/3859 5889/6103/1038 5888/6102/1037
f 5887/6101/1033 5886/6100/1033 5902/6116/1033 5903/6117/1047
f 5904/6118/1047 5905/6119/1033 5906/6120/1033 5907/6121/1033
f 5907/6121/1033 5906/6120/1033 5908/6122/1033 5909/6123/1033
f 5909/6123/1033 5908/6122/1033 5910/6124/1033 5911/6125/1033
f 5911/6125/1033 5910/6124/1033 5885/6099/1033 5884/6098/1033
f 5912/6126/3860 5913/6127/1052 5914/6128/1049 5915/6129/1049
f 5915/6129/1049 5914/6128/1049 5916/6130/1050 5917/6131/3861
f 5917/6131/3861 5916/6130/1050 5918/6132/1059 5919/6133/1058
f 5919/6133/1058 5918/6132/1059 5920/6134/1060 5921/6135/3862
f 5922/6136/3863 5923/6137/3864 5924/6138/1054 5925/6139/1053
f 5925/6139/1053 5924/6138/1054 5913/6127/1052 5912/6126/3860
f 5926/6140/480 5927/6141/480 5928/6142/480 5929/6143/480
f 5930/6144/1063 5931/6145/1064 5932/6146/3865 5933/6147/1063
f 5934/6148/273 5935/6149/273 5936/6150/273 5937/6151/273
f 5935/6149/273 5938/6152/273 5936/6150/273
f 5938/6152/273 5939/6153/273 5936/6150/273
f 5938/6152/273 5940/6154/273 5939/6153/273
f 5940/6154/273 5941/6155/273 5939/6153/273
f 5940/6154/273 5942/6156/273 5941/6155/273
f 5942/6156/273 5943/6157/273 5941/6155/273
f 5944/6158/1061 5945/6159/1062 5946/6160/1062 5947/6161/1061
f 5948/6162/1074 5944/6158/1061 5947/6161/1061 5949/6163/1074
f 5950/6164/216 5951/6165/216 5952/6166/216 5953/6167/216
f 5954/6168/216 5950/6164/216 5953/6167/216
f 5954/6168/216 5953/6167/216 5955/6169/1065
f 5956/6170/1065 5954/6168/216 5955/6169/1065
f 5956/6170/1065 5955/6169/1065 5957/6171/1066
f 5958/6172/216 5956/6170/1065 5957/6171/1066
f 5958/6172/216 5957/6171/1066 5959/6173/216
f 5960/6174/1067 5961/6175/1067 5962/6176/1067 5963/6177/1067
f 5964/6178/1069 5965/6179/1069 5966/6180/1068 5967/6181/1068
f 5931/6145/1064 5968/6182/1071 5969/6183/1071 5932/6146/3865
f 5945/6159/1062 5970/6184/1070 5971/6185/1070 5946/6160/1062
f 5972/6186/1072 5973/6187/1072 5974/6188/1072 5975/6189/1072
f 5968/6182/1071 5967/6181/1068 5966/6180/1068 5969/6183/1071
f 5970/6184/1070 5965/6179/1069 5964/6178/1069 5971/6185/1070
f 5976/6190/1073 5977/6191/1073 5978/6192/1073 5979/6193/1073
f 5933/6147/1063 5980/6194/244 5981/6195/244 5930/6144/1063
f 5897/6111/3858 5896/6110/3857 5982/6196/1080 5983/6197/1080
f 5963/6177/1067 5962/6176/1067 5984/6198/1076 5985/6199/1076
f 5979/6193/1073 5978/6192/1073 5986/6200/1082 5987/6201/3866
f 5903/6117/1047 5902/6116/1033 5988/6202/1047 5989/6203/1047
f 5990/6204/1079 5991/6205/1079 5992/6206/1079
f 5990/6204/1079 5992/6206/1079 5993/6207/1079
f 5994/6208/1079 5990/6204/1079 5993/6207/1079
f 5994/6208/1079 5993/6207/1079 5995/6209/1079
f 5996/6210/1079 5994/6208/1079 5995/6209/1079
f 5996/6210/1079 5995/6209/1079 5997/6211/1079
f 5996/6210/1079 5997/6211/1079 5998/6212/1079
f 5996/6210/1079 5998/6212/1079 5999/6213/1079
f 6000/6214/1079 5996/6210/1079 5999/6213/1079
f 6000/6214/1079 5999/6213/1079 6001/6215/1079
f 6002/6216/1079 6000/6214/1079 6001/6215/1079
f 6003/6217/3867 6004/6218/3867 5899/6113/1042 5898/6112/1041
f 6005/6219/3868 6006/6220/3869 5977/6191/1073 5976/6190/1073
f 6007/6221/1047 6008/6222/1047 5905/6119/1033 5904/6118/1047
f 6009/6223/1076 6010/6224/1076 5961/6175/1067 5960/6174/1067
f 6011/6225/3870 6012/6226/3870 5923/6137/3864 5922/6136/3863
f 6013/6227/3871 6014/6228/3872 5973/6187/1072 5972/6186/1072
f 5975/6189/1072 5974/6188/1072 6015/6229/3873 6016/6230/3874
f 5921/6135/3862 5920/6134/1060 6017/6231/3875 6018/6232/3875
f 6019/6233/1033 6020/6234/3876 6021/6235/1089
f 6022/6236/1033 6019/6233/1033 6021/6235/1089
f 6022/6236/1033 6021/6235/1089 6023/6237/1033
f 6024/6238/1033 6022/6236/1033 6023/6237/1033
f 6024/6238/1033 6023/6237/1033 6025/6239/1033
f 6026/6240/1033 6024/6238/1033 6025/6239/1033
f 6027/6241/1090 6026/6240/1033 6025/6239/1033
f 6028/6242/1033 6027/6241/1090 6025/6239/1033
f 6029/6243/1033 6028/6242/1033 6025/6239/1033
f 6029/6243/1033 6030/6244/1033 6028/6242/1033
f 6029/6243/1033 6031/6245/1090 6030/6244/1033
f 5986/6200/1082 6032/6246/3877 6033/6247/3877 5987/6201/3866
f 5988/6202/1047 5985/6199/1076 5984/6198/1076 5989/6203/1047
f 6005/6219/3868 6034/6248/3878 6035/6249/3878 6006/6220/3869
f 6009/6223/1076 6008/6222/1047 6007/6221/1047 6010/6224/1076
f 6013/6227/3871 6036/6250/3879 6037/6251/3879 6014/6228/3872
f 6038/6252/3880 6016/6230/3874 6015/6229/3873 6039/6253/3880
f 6040/6254/3881 6041/6255/3882 6042/6256/3883 6043/6257/3884
f 6044/6258/3885 6045/6259/3886 6046/6260/3887 6047/6261/3888
f 6048/6262/3889 6049/6263/3890 6050/6264/3891 6051/6265/3892
f 6043/6257/3884 6042/6256/3883 6052/6266/3893 6053/6267/3894
f 6054/6268/3895 6055/6269/3896 6045/6259/3886 6044/6258/3885
f 6056/6270/3897 6057/6271/3898 6058/6272/3899 6059/6273/3900
f 6060/6274/3901 6061/6275/3902 6062/6276/3903 6063/6277/3904
f 6064/6278/3905 6065/6279/3906 6057/6271/3898 6056/6270/3897
f 6066/6280/3907 6067/6281/3908 6055/6269/3896 6054/6268/3895
f 6063/6277/3904 6062/6276/3903 6068/6282/3909 6069/6283/3910
f 6059/6273/3900 6058/6272/3899 6061/6275/3902 6060/6274/3901
f 6053/6267/3894 6052/6266/3893 6070/6284/3911 6071/6285/3912
f 6051/6265/3892 6050/6264/3891 6067/6286/3908 6066/6287/3907
f 6069/6283/3910 6068/6282/3909 6041/6255/3882 6040/6254/3881
f 6072/6288/3913 6073/6289/3914 6074/6290/3915 6075/6291/3916
f 6071/6285/3912 6070/6284/3911 6073/6289/3914 6072/6288/3913
f 6047/6261/3888 6046/6260/3887 6065/6279/3906 6064/6278/3905
f 6075/6291/3916 6074/6290/3915 6049/6263/3890 6048/6262/3889
f 6076/6292/3917 6077/6293/3918 6078/6294/3919
f 6079/6295/3920 6077/6293/3918 6080/6296/3921
f 6081/6297/3922 6077/6293/3918 6082/6298/3923
f 6083/6299/3924 6077/6293/3918 6076/6292/3917
f 6078/6294/3919 6077/6293/3918 6084/6300/3925
f 6080/6296/3921 6077/6293/3918 6085/6301/3926
f 6086/6302/3927 6077/6293/3918 6087/6303/3928
f 6088/6304/3929 6077/6293/3918 6083/6299/3924
f 6084/6300/3925 6077/6293/3918 6086/6302/3927
f 6089/6305/3930 6077/6293/3918 6081/6297/3922
f 6090/6306/3931 6077/6293/3918 6091/6307/3932
f 6092/6308/3933 6077/6293/3918 6079/6295/3920
f 6085/6301/3926 6077/6293/3918 6093/6309/3934
f 6094/6310/3935 6077/6293/3918 6089/6305/3930
f 6082/6298/3923 6077/6293/3918 6092/6308/3933
f 6087/6303/3928 6077/6293/3918 6090/6306/3931
f 6093/6309/3934 6077/6293/3918 6088/6304/3929
f 6091/6307/3932 6077/6293/3918 6094/6310/3935
f 6095/6311/3936 6096/6312/3937 6097/6313/3938 6098/6314/3939
f 6099/6315/3940 6095/6311/3936 6098/6314/3939 6100/6316/3941
f 6101/6317/3942 6102/6318/3943 6103/6319/3944 6104/6320/3945
f 6105/6321/3946 6101/6317/3942 6104/6320/3945 6106/6322/3947
f 6107/6323/3948 6108/6324/3949 6109/6325/3950 6110/6326/3951
f 6111/6327/1171 6112/6328/1170 6113/6329/1168 6114/6330/1168
f 6115/6331/1169 6116/6332/1167 6114/6333/1168 6113/6334/1168
f 6117/6335/3952 6118/6336/1180 6112/6328/1170 6111/6327/1171
f 6097/6313/3938 6096/6312/3937 6119/6337/3953 6120/6338/3954
f 6118/6336/1180 6117/6335/3952 6120/6338/3954 6119/6337/3953
f 6121/6339/1176 6105/6321/3946 6106/6322/3947 6122/6340/3955
f 6123/6341/3956 6121/6339/1176 6122/6340/3955 6124/6342/3957
f 6125/6343/1173 6126/6344/1172 6116/6332/1167 6115/6331/1169
f 6127/6345/3958 6128/6346/3959 6126/6344/1172 6125/6343/1173
f 6128/6346/3959 6127/6345/3958 6108/6324/3949 6107/6323/3948
f 6129/6347/3960 6099/6315/3940 6100/6316/3941 6130/6348/3961
f 6124/6342/3957 6129/6347/3960 6130/6348/3961 6123/6341/3956
f 6109/6325/3950 6103/6319/3944 6102/6318/3943 6110/6326/3951
f 4928/5105/391 4927/5104/392 5016/5197/372 5015/5196/3298
f 5022/5203/3303 5021/5202/3302 6131/6349/376 6132/6350/3962
f 6133/6351/1188 6134/6352/1188 6135/6353/1198 6136/6354/1197
f 5014/5195/3297 5013/5194/3297 4996/5177/3286 4995/5176/3285
f 5012/5193/3296 5011/5192/1187 5002/5183/3291 5001/5182/384
f 6137/6355/3963 6138/6356/3964 5006/5187/3295 5005/5186/3294
f 6139/6357/1200 6140/6358/3965 6141/6359/1202 6142/6360/1199
f 6142/6360/1199 6141/6359/1202 6143/6361/1190 6144/6362/1189
f 6145/6363/1194 6146/6364/3966 6147/6365/1196 6148/6366/1193
f 6148/6366/1193 6147/6365/1196 5024/5205/3305 5023/5204/3304
f 6149/6367/3967 6150/6368/3968 6140/6358/3965 6139/6357/1200
f 6136/6354/1197 6135/6353/1198 6146/6364/3966 6145/6363/1194
f 5026/5207/3307 5025/5206/3306 6138/6356/3964 6137/6355/3963
f 5028/5209/295 5027/5208/296 4926/5103/294 4925/5102/294
f 6132/6350/3962 6131/6349/376 4930/5107/377 4929/5106/3234
f 5018/5199/370 5017/5198/3299 4992/5173/3282 4991/5172/3281
f 5020/5201/3301 5019/5200/3300 6150/6368/3968 6149/6367/3967
f 6144/6362/1189 6143/6361/1190 6134/6352/1188 6133/6351/1188
f 6151/6369/482 6152/6370/487 6153/6371/487 6154/6372/482
f 6152/6370/487 6155/6373/273 6156/6374/273 6153/6371/487
f 6155/6373/273 6157/6375/465 6158/6376/465 6156/6374/273
f 6159/6377/476 6151/6369/482 6154/6372/482 6160/6378/476
f 6157/6375/465 6161/6379/464 6162/6380/464 6158/6376/465
f 6163/6381/470 6159/6377/476 6160/6378/476 6164/6382/470
f 6165/6383/471 6163/6384/470 6164/6385/470 6166/6386/471
f 6167/6387/478 6165/6383/471 6166/6386/471 6168/6388/478
f 6169/6389/217 6167/6387/478 6168/6388/478 6170/6390/217
f 6171/6391/216 6169/6389/217 6170/6390/217 6172/6392/216
f 6173/6393/461 6171/6391/216 6172/6392/216 6174/6394/461
f 6175/6395/467 6173/6393/461 6174/6394/461 6176/6396/467
f 6177/6397/474 6175/6395/467 6176/6396/467 6178/6398/474
f 6179/6399/480 6177/6397/474 6178/6398/474 6180/6400/480
f 6181/6401/485 6179/6399/480 6180/6400/480 6182/6402/485
f 6161/6379/464 6181/6401/485 6182/6402/485 6162/6380/464
f 5457/5654/3586 5456/5653/3586 6183/6403/3969 6184/6404/3969
f 6185/6405/3970 6186/6406/3970 5387/5580/694 5386/5579/694
f 6187/6407/470 6188/6408/1207 6189/6409/1207 6190/6410/470
f 6191/6411/273 6192/6412/1208 6193/6413/1208 6194/6414/273
f 5379/5572/3548 5378/5571/3548 5475/5672/3596 5474/5671/3596
f 5431/5624/3570 5430/5623/3570 6195/6415/748 6196/6416/748
f 5389/5582/753 5388/5581/753 5429/5622/679 5428/5621/679
f 6197/6417/1210 6198/6418/478 6199/6419/478 6200/6420/1210
f 6184/6404/3969 6183/6403/3969 5313/5504/3509 5312/5503/3509
f 6201/6421/3971 6202/6422/3971 5377/5570/3547 5376/5569/3547
f 6196/6416/748 6195/6415/748 5359/5552/662 5358/5551/662
f 5419/5612/743 5418/5611/743 6203/6423/1205 6204/6424/1205
f 6205/6425/482 6206/6426/1213 6207/6427/1213 6208/6428/482
f 6209/6429/1214 6210/6430/216 6211/6431/216 6212/6432/1214
f 6188/6408/1207 6205/6425/482 6208/6428/482 6189/6409/1207
f 6206/6426/1213 6191/6411/273 6194/6414/273 6207/6427/1213
f 6213/6433/1215 6187/6434/470 6190/6435/470 6214/6436/1215
f 5353/5546/3536 5352/5545/3536 5465/5662/3591 5464/5661/3591
f 6210/6430/216 6197/6417/1210 6200/6420/1210 6211/6431/216
f 6215/6437/474 6216/6438/467 6217/6439/467 6218/6440/474
f 6216/6438/467 6209/6429/1214 6212/6432/1214 6217/6439/467
f 6192/6412/1208 6219/6441/464 6220/6442/464 6193/6413/1208
f 6221/6443/480 6215/6437/474 6218/6440/474 6222/6444/480
f 5361/5554/663 5360/5553/663 5417/5610/742 5416/5609/742
f 5409/5602/1211 5408/5601/1211 6186/6406/3970 6185/6405/3970
f 6219/6441/464 6223/6445/485 6224/6446/485 6220/6442/464
f 6204/6424/1205 6203/6423/1205 5395/5588/654 5394/5587/654
f 6198/6418/478 6213/6433/1215 6214/6436/1215 6199/6419/478
f 6223/6445/485 6221/6443/480 6222/6444/480 6224/6446/485
f 5319/5510/3512 5318/5509/3512 6202/6422/3971 6201/6421/3971
f 5331/5522/3519 5330/5521/3519 5455/5652/715 5454/5651/715
f 5439/5634/656 5438/5633/656 5407/5600/657 5406/5599/657
f 6225/6447/3972 6226/6448/3973 6227/6449/3973 6228/6450/3972
f 6226/6448/3973 6229/6451/3974 6230/6452/3974 6227/6449/3973
f 6229/6451/3974 6231/6453/3975 6232/6454/3975 6230/6452/3974
f 6233/6455/3976 6225/6447/3972 6228/6450/3972 6234/6456/3976
f 6231/6453/3975 6235/6457/3977 6236/6458/3977 6232/6454/3975
f 6237/6459/3978 6233/6455/3976 6234/6456/3976 6238/6460/3978
f 6239/6461/3979 6237/6459/3978 6238/6460/3978 6240/6462/3979
f 6241/6463/3980 6239/6461/3979 6240/6462/3979 6242/6464/3980
f 6243/6465/3981 6241/6463/3980 6242/6464/3980 6244/6466/3981
f 6245/6467/3982 6243/6465/3981 6244/6466/3981 6246/6468/3982
f 6247/6469/3983 6245/6467/3982 6246/6468/3982 6248/6470/3983
f 6249/6471/3984 6247/6469/3983 6248/6470/3983 6250/6472/3984
f 6251/6473/3985 6249/6471/3984 6250/6472/3984 6252/6474/3985
f 6253/6475/3986 6251/6473/3985 6252/6474/3985 6254/6476/3986
f 6255/6477/3987 6253/6475/3986 6254/6476/3986 6256/6478/3987
f 6235/6457/3977 6255/6477/3987 6256/6478/3987 6236/6458/3977
f 6257/6479/3988 6258/6480/3989 6259/6481/3990 6260/6482/3991
f 6258/6480/3989 6261/6483/3992 6262/6484/3992 6259/6481/3990
f 6261/6483/3992 6263/6485/3993 6264/6486/3993 6262/6484/3992
f 6265/6487/3994 6266/6488/3994 6267/6489/3995 6268/6490/3995
f 6263/6485/3993 6269/6491/3996 6270/6492/3996 6264/6486/3993
f 6269/6491/3996 6271/6493/3997 6272/6494/3998 6270/6492/3996
f 6273/6495/3999 6274/6496/3999 6275/6497/4000 6276/6498/4000
f 6277/6499/4001 6278/6500/4001 6279/6501/4002 6280/6502/4002
f 6281/6503/4003 6282/6504/4003 6283/6505/4004 6284/6506/4004
f 6271/6493/3997 6285/6507/4005 6286/6508/4006 6272/6494/3998
f 6285/6507/4005 6287/6509/4007 6288/6510/4008 6286/6508/4006
f 6289/6511/4009 6290/6512/4009 6291/6513/4010 6292/6514/4010
f 6287/6509/4007 6293/6515/4011 6294/6516/4012 6288/6510/4008
f 6293/6515/4011 6295/6517/4013 6296/6518/4014 6294/6516/4012
f 6297/6519/4015 6298/6520/4015 6299/6521/4016 6300/6522/4016
f 6292/6514/4010 6291/6513/4010 6301/6523/4017 6302/6524/4017
f 6284/6506/4004 6283/6505/4004 6303/6525/4018 6304/6526/4018
f 6280/6502/4002 6279/6501/4002 6305/6527/4019 6306/6528/4019
f 6276/6498/4000 6275/6497/4000 6307/6529/4020 6308/6530/4020
f 6268/6490/3995 6267/6489/3995 6309/6531/4021 6310/6532/4021
f 6311/6533/4022 6312/6534/4022 6290/6512/4009 6289/6511/4009
f 6302/6524/4017 6301/6523/4017 6282/6504/4003 6281/6503/4003
f 6304/6526/4018 6303/6525/4018 6278/6500/4001 6277/6499/4001
f 6306/6528/4019 6305/6527/4019 6274/6496/3999 6273/6495/3999
f 6308/6535/4020 6307/6536/4020 6266/6488/3994 6265/6487/3994
f 6310/6532/4021 6309/6531/4021 6312/6534/4022 6311/6533/4022
f 6313/6537/4023 6314/6538/4023 6315/6539/4024 6316/6540/4024
f 6317/6541/4025 6318/6542/4025 6319/6543/4026 6320/6544/4026
f 6321/6545/4027 6322/6546/4027 6323/6547/4028 6324/6548/4028
f 6325/6549/4029 6326/6550/4029 6327/6551/4030 6328/6552/4030
f 6329/6553/4031 6330/6554/4031 6318/6542/4025 6317/6541/4025
f 6316/6540/4024 6315/6539/4024 6330/6554/4031 6329/6553/4031
f 6324/6548/4028 6323/6547/4028 6314/6538/4023 6313/6537/4023
f 6295/6517/4013 6331/6555/4032 6332/6556/4033 6296/6518/4014
f 6331/6555/4032 6333/6557/4034 6334/6558/4035 6332/6556/4033
f 6335/6559/4036 6336/6560/4036 6322/6546/4027 6321/6545/4027
f 6333/6557/4034 6337/6561/4037 6338/6562/4037 6334/6558/4035
f 6337/6561/4037 6339/6563/4038 6340/6564/4039 6338/6562/4037
f 6328/6552/4030 6327/6551/4030 6341/6565/4040 6342/6566/4040
f 6343/6567/4041 6344/6568/4041 6345/6569/4042 6346/6570/4042
f 6347/6571/4043 6348/6572/4043 6344/6568/4041 6343/6567/4041
f 6339/6563/4038 6349/6573/4044 6350/6574/4045 6340/6564/4039
f 6342/6566/4040 6341/6565/4040 6336/6560/4036 6335/6559/4036
f 6320/6544/4026 6319/6543/4026 6298/6520/4015 6297/6519/4015
f 6300/6522/4016 6299/6521/4016 6348/6572/4043 6347/6571/4043
f 6349/6573/4044 6351/6575/4046 6352/6576/4047 6350/6574/4045
f 6346/6570/4042 6345/6569/4042 6326/6550/4029 6325/6549/4029
f 6351/6575/4046 6257/6479/3988 6260/6482/3991 6352/6576/4047
f 6353/6577/4048 6354/6578/4048 6355/6579/4048 6356/6580/4048
f 6357/6581/4049 6358/6582/4049 6359/6583/4049 6360/6584/4049
f 6361/6585/4050 6362/6586/4050 6363/6587/4050 6364/6588/4050
f 6365/6589/4051 6366/6590/4051 6367/6591/4051 6368/6592/4051
f 6369/6593/4052 6370/6594/4052 6371/6595/4052 6372/6596/4052
f 6373/6597/1074 6374/6598/1074 4857/5032/1074 4856/5031/1074
f 6375/6599/1074 6376/6600/1074 6377/6601/1074 6378/6602/1074
f 6379/6603/1074 6380/6604/1074 6381/6605/1074 6382/6606/1074
f 6383/6607/4053 6384/6608/4053 6385/6609/4054 6386/6610/4054
f 6387/6611/1074 6388/6612/1074 6380/6604/1074 6379/6603/1074
f 6389/6613/1074 6390/6614/1074 6376/6600/1074 6375/6599/1074
f 6391/6615/1074 6392/6616/1074 6374/6598/1074 6373/6597/1074
f 6393/6617/1074 6394/6618/1074 6388/6612/1074 6387/6611/1074
f 6395/6619/1074 6396/6620/1074 6390/6614/1074 6389/6613/1074
f 6397/6621/1074 6398/6622/1074 6392/6616/1074 6391/6615/1074
f 6399/6623/1074 6400/6624/1074 6394/6618/1074 6393/6617/1074
f 6401/6625/1074 6402/6626/1074 6396/6620/1074 6395/6619/1074
f 6403/6627/1074 6404/6628/1074 6398/6622/1074 6397/6621/1074
f 4859/5034/1074 4858/5033/1074 6400/6624/1074 6399/6623/1074
f 6382/6606/1074 6381/6605/1074 6402/6626/1074 6401/6625/1074
f 6378/6602/1074 6377/6601/1074 6404/6628/1074 6403/6627/1074
f 6405/6629/4055 6406/6630/4055 6407/6631/4056 6408/6632/4057
f 6409/6633/4058 6410/6634/4059 6411/6635/4060 6412/6636/4060
f 6413/6637/4061 6414/6638/4062 6384/6608/4053 6383/6607/4053
f 6415/6639/4063 6416/6640/4063 6410/6634/4059 6409/6633/4058
f 6408/6632/4057 6407/6631/4056 6417/6641/4064 6418/6642/4064
f 6419/6643/4065 6420/6644/4065 6421/6645/4066 6422/6646/4066
f 6418/6642/4064 6417/6641/4064 6414/6647/4062 6413/6648/4061
f 6423/6649/4067 6424/6650/4068 6416/6640/4063 6415/6639/4063
f 6425/6651/4069 6426/6652/4069 6420/6644/4065 6419/6643/4065
f 6427/6653/4070 6428/6654/4070 6424/6650/4068 6423/6649/4067
f 6422/6646/4066 6421/6645/4066 6429/6655/4071 6430/6656/4071
f 6431/6657/4072 6432/6658/4072 6426/6652/4069 6425/6651/4069
f 6386/6610/4054 6385/6609/4054 6428/6654/4070 6427/6653/4070
f 6412/6636/4060 6411/6635/4060 6432/6658/4072 6431/6657/4072
f 6430/6656/4071 6429/6655/4071 6406/6630/4055 6405/6629/4055
f 6433/6659/1074 6434/6660/1074 6435/6661/1074
f 6433/6659/1074 6436/6662/1074 6437/6663/1074
f 6433/6659/1074 6438/6664/1074 6439/6665/1074
f 6433/6659/1074 6440/6666/1074 6434/6660/1074
f 6433/6659/1074 6437/6663/1074 6441/6667/1074
f 6433/6659/1074 6442/6668/1074 6438/6664/1074
f 6433/6659/1074 6443/6669/1074 6440/6666/1074
f 6433/6659/1074 6444/6670/1074 6445/6671/1074
f 6433/6659/1074 6441/6667/1074 6442/6668/1074
f 6433/6659/1074 6446/6672/1074 6443/6669/1074
f 6433/6659/1074 6447/6673/1074 6444/6670/1074
f 6433/6659/1074 6445/6671/1074 6448/6674/1074
f 6433/6659/1074 6449/6675/1074 6446/6672/1074
f 6433/6659/1074 6435/6661/1074 6447/6673/1074
f 6433/6659/1074 6448/6674/1074 6436/6662/1074
f 6433/6659/1074 6439/6665/1074 6449/6675/1074
f 6450/6676/4073 6451/6677/4073 6452/6678/4073 6453/6679/4073
f 6454/6680/244 6455/6681/244 6456/6682/244 6457/6683/244
f 6458/6684/216 6459/6685/216 6460/6686/216 6461/6687/216
f 6462/6688/470 6463/6689/470 6464/6690/470 6465/6691/470
f 6466/6692/4074 6467/6693/4074 6468/6694/480 6469/6695/480
f 6470/6696/273 6471/6697/273 6472/6698/273 6473/6699/273
f 6466/6692/4074 6474/6700/4075 6475/6701/4075 6467/6693/4074
f 6476/6702/244 6477/6703/244 6455/6681/244 6454/6680/244
f 6478/6704/216 6458/6684/216 6461/6687/216 6479/6705/216
f 6480/6706/273 6470/6696/273 6473/6699/273 6481/6707/273
f 6482/6708/244 6483/6709/244 6484/6710/244 6485/6711/244
f 6486/6712/480 6487/6713/480 6488/6714/480 6489/6715/480
f 6490/6716/273 6491/6717/273 6492/6718/273 6493/6719/273
f 6494/6720/4076 6495/6721/4077 6496/6722/4077 6497/6723/4076
f 6498/6724/216 6499/6725/216 6500/6726/216 6501/6727/216
f 6485/6711/244 6484/6710/244 6502/6728/244 6503/6729/244
f 6494/6720/4076 6497/6723/4076 6504/6730/470 6505/6731/470
f 6506/6732/4078 6507/6733/4078 6508/6734/4078 6509/6735/4078
f 6510/6736/273 6490/6716/273 6493/6719/273 6511/6737/273
f 6512/6738/216 6498/6724/216 6501/6727/216 6513/6739/216
f 6514/6740/4079 6515/6741/4079 6516/6742/4079 6517/6743/4079
f 6518/6744/244 6519/6745/244 6520/6746/244 6521/6747/244
f 6522/6748/470 6523/6749/470 6524/6750/470 6525/6751/470
f 6526/6752/273 6527/6753/273 6528/6754/273 6529/6755/273
f 6530/6756/4080 6531/6757/4080 6532/6758/216 6533/6759/216
f 6534/6760/480 6535/6761/480 6536/6762/480 6537/6763/480
f 6530/6756/4080 6538/6764/4081 6539/6765/4081 6531/6757/4080
f 6540/6766/244 6541/6767/244 6519/6745/244 6518/6744/244
f 6542/6768/470 6522/6748/470 6525/6751/470 6543/6769/470
f 6544/6770/480 6534/6760/480 6537/6763/480 6545/6771/480
f 6546/6772/244 6547/6773/244 6548/6774/244 6549/6775/244
f 6550/6776/216 6551/6777/216 6552/6778/216 6553/6779/216
f 6554/6780/480 6555/6781/480 6556/6782/480 6557/6783/480
f 6558/6784/4082 6559/6785/4083 6560/6786/4083 6561/6787/4082
f 6562/6788/470 6563/6789/470 6564/6790/470 6565/6791/470
f 6549/6775/244 6548/6774/244 6566/6792/244 6567/6793/244
f 6558/6784/4082 6561/6787/4082 6568/6794/273 6569/6795/273
f 6570/6796/4084 6571/6797/4084 6572/6798/4084 6573/6799/4084
f 6574/6800/480 6554/6780/480 6557/6783/480 6575/6801/480
f 6576/6802/470 6562/6788/470 6565/6791/470 6577/6803/470
f 6578/6804/4085 6579/6805/4085 6580/6806/4085 6581/6807/4085
f 6582/6808/244 6583/6809/244 6584/6810/244 6585/6811/244
f 6586/6812/478 6587/6813/478 6588/6814/478 6589/6815/478
f 6590/6816/482 6591/6817/482 6592/6818/482 6593/6819/482
f 6594/6820/4086 6595/6821/4086 6596/6822/467 6597/6823/467
f 6598/6824/464 6599/6825/464 6600/6826/464 6601/6827/464
f 6594/6820/4086 6602/6828/4087 6603/6829/4087 6595/6821/4086
f 6604/6830/244 6605/6831/244 6583/6809/244 6582/6808/244
f 6606/6832/478 6586/6812/478 6589/6815/478 6607/6833/478
f 6608/6834/464 6598/6824/464 6601/6827/464 6609/6835/464
f 6610/6836/244 6611/6837/244 6612/6838/244 6613/6839/244
f 6614/6840/467 6615/6841/467 6616/6842/467 6617/6843/467
f 6618/6844/464 6619/6845/464 6620/6846/464 6621/6847/464
f 6622/6848/4088 6623/6849/4089 6624/6850/4089 6625/6851/4090
f 6626/6852/478 6627/6853/478 6628/6854/478 6629/6855/478
f 6613/6839/244 6612/6838/244 6630/6856/244 6631/6857/244
f 6622/6848/4088 6625/6851/4090 6632/6858/482 6633/6859/482
f 6634/6860/4091 6635/6861/4091 6636/6862/4091 6637/6863/4091
f 6638/6864/464 6618/6844/464 6621/6847/464 6639/6865/464
f 6640/6866/478 6626/6852/478 6629/6855/478 6641/6867/478
f 6642/6868/4092 6643/6869/4092 6644/6870/4092 6645/6871/4092
f 6646/6872/244 6647/6873/244 6648/6874/244 6649/6875/244
f 6650/6876/482 6651/6877/482 6652/6878/482 6653/6879/482
f 6654/6880/464 6655/6881/464 6656/6882/464 6657/6883/464
f 6658/6884/4093 6659/6885/4093 6660/6886/478 6661/6887/478
f 6662/6888/467 6663/6889/467 6664/6890/467 6665/6891/467
f 6658/6884/4093 6666/6892/4094 6667/6893/4094 6659/6885/4093
f 6668/6894/244 6669/6895/244 6647/6873/244 6646/6872/244
f 6670/6896/482 6650/6876/482 6653/6879/482 6671/6897/482
f 6672/6898/467 6662/6888/467 6665/6891/467 6673/6899/467
f 6674/6900/244 6675/6901/244 6676/6902/244 6677/6903/244
f 6678/6904/478 6679/6905/478 6680/6906/478 6681/6907/478
f 6682/6908/467 6683/6909/467 6684/6910/467 6685/6911/467
f 6686/6912/4095 6687/6913/4096 6688/6914/4096 6689/6915/4097
f 6690/6916/482 6691/6917/482 6692/6918/482 6693/6919/482
f 6677/6903/244 6676/6902/244 6694/6920/244 6695/6921/244
f 6686/6912/4095 6689/6915/4097 6696/6922/464 6697/6923/464
f 6698/6924/4098 6699/6925/4098 6700/6926/4098 6701/6927/4098
f 6702/6928/467 6682/6908/467 6685/6911/467 6703/6929/467
f 6704/6930/482 6690/6916/482 6693/6919/482 6705/6931/482
f 6706/6932/4099 6707/6933/4099 6708/6934/4100 6709/6935/4101
f 6710/6936/4102 6711/6937/4102 6712/6938/4103 6713/6939/4103
f 6714/6940/4104 6715/6941/4104 6716/6942/4105 6717/6943/4106
f 6718/6944/4107 6719/6945/4107 6720/6946/4108 6721/6947/4108
f 6722/6948/4109 6723/6949/4109 6715/6941/4104 6714/6940/4104
f 6724/6950/4110 6725/6951/4110 6726/6952/4111 6727/6953/4111
f 6728/6954/4112 6729/6955/4112 6725/6951/4110 6724/6950/4110
f 6730/6956/4113 6731/6957/4113 6732/6958/4114 6733/6959/4114
f 6734/6960/4115 6735/6961/4115 6736/6962/4116 6737/6963/4116
f 6738/6964/4117 6739/6965/4117 6740/6966/4118 6741/6967/4118
f 6742/6968/4119 6743/6969/4119 6744/6970/4120 6745/6971/4120
f 6746/6972/4121 6747/6973/4121 6707/6933/4099 6706/6932/4099
f 6709/6935/4101 6708/6934/4100 6748/6974/4122 6749/6975/4122
f 6750/6976/4123 6751/6977/4123 6752/6978/4124 6753/6979/4124
f 6713/6939/4103 6712/6938/4103 6754/6980/4125 6755/6981/4126
f 6717/6943/4106 6716/6942/4105 6756/6982/4127 6757/6983/4127
f 6737/6963/4116 6736/6962/4116 6758/6984/4128 6759/6985/4128
f 6760/6986/4129 6761/6987/3437 6762/6988/3476 6763/6989/3476
f 6764/6990/4130 6765/6991/3440 6766/6992/3441 6767/6993/3441
f 6759/6985/4128 6758/6984/4128 6751/6977/4123 6750/6976/4123
f 6753/6979/4124 6752/6978/4124 6711/6937/4102 6710/6936/4102
f 6768/6994/4131 6769/6995/4131 6770/6996/3436 6771/6997/3436
f 6772/6998/4132 6773/6999/4132 6747/6973/4121 6746/6972/4121
f 6763/6989/3476 6762/6988/3476 6765/6991/3440 6764/6990/4130
f 6774/7000/4133 6775/7001/4134 6776/7002/3460 6777/7003/3460
f 6771/6997/3436 6770/6996/3436 6761/6987/3437 6760/6986/4129
f 6778/7004/4135 6779/7005/4135 6780/7006/4136 6781/7007/4136
f 6757/6983/4127 6756/6982/4127 6782/7008/4137 6783/7009/4137
f 6741/6967/4118 6740/6966/4118 6731/6957/4113 6730/6956/4113
f 6784/7010/4138 6785/7011/4139 6773/6999/4132 6772/6998/4132
f 6786/7012/3823 6787/7013/4140 6788/7014/3834 6789/7015/3834
f 6790/7016/3439 6791/7017/4141 6792/7018/3435 6793/7019/3435
f 6781/7007/4136 6780/7006/4136 6739/6965/4117 6738/6964/4117
f 6794/7020/3434 6795/7021/3434 6769/6995/4131 6768/6994/4131
f 6729/6955/4112 6728/6954/4112 6779/7005/4135 6778/7004/4135
f 6767/6993/3441 6766/6992/3441 6775/7001/4134 6774/7000/4133
f 6755/7022/4126 6754/6980/4125 6785/7011/4139 6784/7010/4138
f 6796/7023/3833 6797/7024/3833 6798/7025/3832 6799/7026/3832
f 6745/6971/4120 6744/6970/4120 6735/6961/4115 6734/6960/4115
f 6733/6959/4114 6732/6958/4114 6723/6949/4109 6722/6948/4109
f 6783/7009/4137 6782/7027/4137 6719/6945/4107 6718/6944/4107
f 6789/7015/3834 6788/7014/3834 6797/7024/3833 6796/7023/3833
f 6800/7028/3433 6801/7029/3433 6795/7021/3434 6794/7020/3434
f 6749/6975/4122 6748/6974/4122 6743/6969/4119 6742/6968/4119
f 6777/7003/3460 6776/7002/3460 6787/7013/4140 6786/7012/3823
f 6721/6947/4108 6720/6946/4108 6727/6953/4111 6726/6952/4111
f 6793/7019/3435 6792/7018/3435 6801/7029/3433 6800/7028/3433
f 6799/7026/3832 6798/7025/3832 6791/7017/4141 6790/7016/3439
f 6802/7030/273 6803/7031/273 6804/7032/273
f 6802/7030/273 6805/7033/273 6806/7034/273
f 6807/7035/273 6802/7030/273 6808/7036/273
f 6802/7030/273 6806/7034/273 6809/7037/273
f 6810/7038/273 6802/7030/273 6807/7035/273
f 6811/7039/273 6802/7030/273 6812/7040/273
f 6802/7030/273 6809/7037/273 6813/7041/273
f 6814/7042/273 6802/7030/273 6810/7038/273
f 6802/7030/273 6804/7032/273 6815/7043/273
f 6816/7044/273 6802/7030/273 6811/7039/273
f 6802/7030/273 6817/7045/273 6818/7046/273
f 6803/7031/273 6802/7030/273 6814/7042/273
f 6819/7047/273 6802/7030/273 6816/7044/273
f 6802/7030/273 6818/7046/273 6805/7033/273
f 6812/7040/273 6802/7030/273 6820/7048/273
f 6802/7030/273 6815/7043/273 6817/7045/273
f 6808/7036/273 6802/7030/273 6819/7047/273
f 6802/7030/273 6813/7041/273 6820/7048/273
f 6821/7049/1074 6822/7050/1074 6823/7051/1074
f 6821/7049/1074 6824/7052/1074 6825/7053/1074
f 6821/7049/1074 6823/7051/1074 6826/7054/1074
f 6821/7049/1074 6826/7054/1074 6827/7055/1074
f 6828/7056/1074 6821/7049/1074 6827/7055/1074
f 6829/7057/1074 6821/7049/1074 6830/7058/1074
f 6821/7049/1074 6828/7056/1074 6824/7052/1074
f 6821/7049/1074 6829/7057/1074 6822/7050/1074
f 6831/7059/1074 6821/7049/1074 6825/7053/1074
f 6832/7060/4142 6833/7061/4143 6834/7062/4144 6835/7063/4145
f 6836/7064/1390 6837/7065/1390 2342/2413/1390 2341/2412/1390
f 6837/7065/1390 6838/7066/1390 2342/2413/1390
f 6838/7066/1390 6839/7067/1391 2342/2413/1390
f 6839/7067/1391 6840/7068/1392 2342/2413/1390
f 5060/5241/3331 5040/5221/3315 5046/5227/3321 6841/7069/4146
f 6842/7070/4147 6843/7071/4148 5046/5227/3321 5045/5226/3320
f 5034/5215/3309 5033/5214/3308 6833/7061/4143 6844/7072/4149
f 5046/5227/3321 6843/7071/4148 6845/7073/4150 6841/7069/4146
f 493/515/437 2352/2423/1398 5044/5225/3319 5043/5224/3318
f 6832/7060/4142 6846/7074/4151 6844/7072/4149 6833/7061/4143
f 2354/2425/1400 6847/7075/4152 6848/7076/1401
f 2354/2425/1400 6849/7077/1401 6847/7075/4152
f 2354/2425/1400 6850/7078/1402 6849/7077/1401
f 5057/5238/3328 6851/7079/4153 6834/7062/4144 5053/5234/3324
f 2360/2431/1401 2354/2425/1400 6848/7076/1401 6852/7080/1401
f 5033/5214/3308 5053/5234/3324 6834/7062/4144 6833/7061/4143
f 6835/7063/4145 6834/7062/4144 6851/7079/4153 6853/7081/4154
f 6854/7082/4155 6855/7083/4156 6841/7069/4146 6845/7073/4150
f 5057/5238/3328 5056/5237/3327 6855/7083/4156 6851/7079/4153
f 5042/5223/3317 6850/7084/1402 2354/2436/1400 492/514/436
f 6854/7082/4155 6853/7081/4154 6851/7079/4153 6855/7083/4156
f 5060/5241/3331 6841/7069/4146 6855/7083/4156 5056/5237/3327
f 2365/2438/1409 6856/7085/4157 6857/7086/4157 2366/2439/1409
f 6856/7085/4157 6858/7087/4158 6859/7088/4158 6857/7086/4157
f 6858/7087/4158 6860/7089/4159 6861/7090/4159 6859/7088/4158
f 6860/7089/4159 6862/7091/4160 6863/7092/4160 6861/7090/4159
f 6862/7091/4160 6864/7093/4161 6865/7094/4161 6863/7092/4160
f 6864/7093/4161 6866/7095/4162 6867/7096/4162 6865/7094/4161
f 6866/7095/4162 6868/7097/4163 6869/7098/4163 6867/7096/4162
f 6868/7097/4163 2382/2455/1418 2381/2454/1418 6869/7098/4163
f 6870/7099/4164 6871/7100/4164 6872/7101/4165 6873/7102/4165
f 2387/2460/1421 6874/7103/4166 6875/7104/4166 2388/2461/1421
f 6874/7103/4166 6876/7105/4167 6877/7106/4167 6875/7104/4166
f 6876/7105/4167 6878/7107/4168 6879/7108/4168 6877/7106/4167
f 6878/7107/4168 6880/7109/4169 6881/7110/4169 6879/7108/4168
f 6880/7109/4169 6882/7111/4170 6883/7112/4170 6881/7110/4169
f 6882/7111/4170 6884/7113/4171 6885/7114/4171 6883/7112/4170
f 6884/7113/4171 6886/7115/4172 6887/7116/4172 6885/7114/4171
f 6886/7115/4172 2404/2477/1429 2403/2476/1429 6887/7116/4172
f 2405/2478/1430 2408/2481/1433 6888/7117/4173 6889/7118/4174
f 6890/7119/4175 6891/7120/4176 6892/7121/4177 6893/7122/4178
f 6894/7123/4179 6895/7124/4180 6896/7125/4181 6897/7126/4182
f 6898/7127/4183 6890/7119/4175 6899/7128/4184 6900/7129/4185
f 6901/7130/4186 6902/7131/4187 6903/7132/4188 6904/7133/4189
f 6889/7118/4174 6898/7127/4183 6900/7129/4185 6905/7134/4190
f 6898/7127/4183 6906/7135/4191 6891/7120/4176 6890/7119/4175
f 2426/2499/1451 2428/2502/1453 6905/7136/4190 6907/7137/4192
f 6908/7138/4193 6909/7139/4194 6895/7124/4180 6894/7123/4179
f 6900/7140/4185 6910/7141/4195 6907/7137/4192 6905/7136/4190
f 6908/7138/4193 6894/7123/4179 6902/7142/4187 6911/7143/4196
f 2433/2509/1458 2434/2510/1459 6904/7133/4189 6903/7132/4188
f 6912/7144/4197 6899/7145/4184 6913/7146/4198 6914/7147/4199
f 6894/7123/4179 6897/7126/4182 6903/7148/4188 6902/7142/4187
f 6890/7119/4175 6893/7122/4178 6913/7149/4198 6899/7128/4184
f 6893/7122/4178 6908/7138/4193 6911/7143/4196 6913/7149/4198
f 6897/7126/4182 6896/7125/4181 2439/2518/1464 2438/2517/1463
f 6911/7150/4196 6915/7151/4200 6914/7147/4199 6913/7146/4198
f 6893/7122/4178 6892/7121/4177 6909/7139/4194 6908/7138/4193
f 6889/7118/4174 6888/7117/4173 6906/7135/4191 6898/7127/4183
f 2405/2478/1430 6889/7118/4174 6905/7134/4190 2428/2521/1453
f 6916/7152/4201 6917/7153/4201 6871/7100/4164 6870/7099/4164
f 6918/7154/4202 6919/7155/4202 2445/2526/1468 2444/2525/1468
f 6920/7156/4203 6921/7157/4203 6917/7153/4201 6916/7152/4201
f 6922/7158/4204 6923/7159/4204 6919/7155/4202 6918/7154/4202
f 2451/2532/1471 2452/2533/1471 6921/7157/4203 6920/7156/4203
f 6924/7160/4205 6925/7161/4205 6923/7159/4204 6922/7158/4204
f 6873/7102/4165 6872/7101/4165 6925/7161/4205 6924/7160/4205
f 2455/2536/1421 6926/7162/4206 6927/7163/4206 2456/2537/1421
f 6926/7162/4206 6928/7164/4167 6929/7165/4167 6927/7163/4206
f 6928/7164/4167 6930/7166/4168 6931/7167/4168 6929/7165/4167
f 6930/7166/4168 6932/7168/4169 6933/7169/4169 6931/7167/4168
f 6932/7168/4169 6934/7170/4170 6935/7171/4170 6933/7169/4169
f 6934/7170/4170 6936/7172/4171 6937/7173/4171 6935/7171/4170
f 6936/7172/4171 6938/7174/4172 6939/7175/4172 6937/7173/4171
f 6938/7174/4172 2472/2553/1429 2471/2552/1429 6939/7175/4172
f 6940/7176/4207 6941/7177/4208 6942/7178/4209 6943/7179/4210
f 6943/7180/4210 6944/7181/4211 6945/7182/216 6946/7183/216
f 6947/7184/4212 6948/7185/4213 6949/7186/216 6950/7187/216
f 6951/7188/4214 6952/7189/4215 6953/7190/4216 6947/7191/4212
f 6944/7192/4211 6954/7193/4217 6952/7189/4215 6951/7188/4214
f 6940/7194/4207 6943/7180/4210 6946/7183/216 6955/7195/1065
f 6956/7196/4218 6957/7197/4219 6941/7177/4208 6940/7176/4207
f 6948/7198/4213 6958/7199/4220 2492/2578/1488 2491/2577/1487
f 6959/7200/4221 6960/7201/4221 2496/2582/1491 2495/2581/1491
f 6961/7202/4222 6962/7203/4223 6960/7201/4221 6959/7200/4221
f 2500/2586/1494 2503/2589/1494 6963/7204/4224 6964/7205/4224
f 2504/2590/1496 2505/2591/1497 6957/7197/4219 6956/7196/4218
f 6943/7179/4210 6942/7178/4209 6954/7193/4217 6944/7192/4211
f 6947/7191/4212 6953/7190/4216 6958/7199/4220 6948/7198/4213
f 6956/7206/4218 6940/7194/4207 6955/7195/1065 6965/7207/1065
f 6944/7181/4211 6951/7208/4214 6966/7209/216 6945/7182/216
f 6951/7208/4214 6947/7184/4212 6950/7187/216 6966/7209/216
f 6967/7210/4225 6968/7211/4225 6969/7212/4226 6970/7213/4226
f 6964/7205/4224 6963/7204/4224 6968/7211/4225 6967/7210/4225
f 6948/7185/4213 2491/2601/1487 2512/2600/216 6949/7186/216
f 6971/7214/4227 6972/7215/4227 6973/7216/4228 6974/7217/4228
f 6974/7217/4228 6973/7216/4228 6962/7203/4223 6961/7202/4222
f 6970/7213/4226 6969/7212/4226 6972/7215/4227 6971/7214/4227
f 2504/2606/1496 6956/7206/4218 6965/7207/1065 2517/2607/216
f 6975/7218/4229 6976/7219/4229 6977/7220/4229 6978/7221/4229
f 6979/7222/4230 6980/7223/4230 6981/7224/4230 6982/7225/4230
f 6983/7226/4231 6984/7227/4231 6985/7228/4231 6986/7229/4231
f 6987/7230/4232 6988/7231/4232 6989/7232/4232 6990/7233/4232
f 6991/7234/4233 6992/7235/4233 6993/7236/4233 6994/7237/4233
f 6995/7238/4234 6996/7239/4234 6997/7240/4234 6998/7241/4234
f 6999/7242/4235 7000/7243/4235 7001/7244/4235 7002/7245/4235
f 7003/7246/4236 7004/7247/4236 7005/7248/4236 7006/7249/4236
f 7007/7250/4237 7008/7251/4237 7009/7252/4237 7010/7253/4237
f 7011/7254/4238 7012/7255/4238 7013/7256/4238 7014/7257/4238
f 7015/7258/4239 7016/7259/4239 7017/7260/4239 7018/7261/4239
f 7019/7262/4240 7020/7263/4240 7021/7264/4240 7022/7265/4240
f 7023/7266/4241 7024/7267/4241 7025/7268/4241 7026/7269/4241
f 7027/7270/4242 7028/7271/4242 7029/7272/4242 7030/7273/4242
f 7031/7274/1512 7032/7275/1512 7033/7276/1512 7034/7277/1512
f 7035/7278/4243 7036/7279/4243 7037/7280/4243 7038/7281/4243
f 7039/7282/4244 7040/7283/4244 7041/7284/4244 7042/7285/4244
f 7043/7286/4245 7044/7287/4245 7045/7288/4245 7046/7289/4245
f 7047/7290/4246 7048/7291/4246 7049/7292/4246 7050/7293/4246
f 7051/7294/4247 7052/7295/4247 7053/7296/4247 7054/7297/4247
f 7055/7298/4248 7056/7299/4248 7057/7300/4248 7058/7301/4248
f 7059/7302/4249 7060/7303/4249 7061/7304/4249 7062/7305/4249
f 7063/7306/4250 7064/7307/4250 7065/7308/4250 7066/7309/4250
f 7067/7310/4251 7068/7311/4251 7069/7312/4251 7070/7313/4251
f 6897/7126/4182 2438/2517/1463 2433/2704/1458 6903/7148/4188
f 2614/2705/1528 2617/2708/1531 7071/7314/4252 7072/7315/4253
f 7072/7315/4253 7071/7314/4252 7073/7316/4254 7074/7317/4255
f 7075/7318/4256 7076/7319/4257 7077/7320/4258 7078/7321/4259
f 7079/7322/4260 7080/7323/4261 7081/7324/4262 7082/7325/4263
f 7082/7325/4263 7081/7324/4262 7076/7319/4257 7075/7318/4256
f 7074/7317/4255 7073/7316/4254 7080/7323/4261 7079/7322/4260
f 7083/7326/4264 7084/7327/4265 2630/2721/1544 2629/2720/1543
f 7078/7321/4259 7077/7320/4258 7084/7327/4265 7083/7326/4264
f 2617/2708/1531 2426/2499/1451 6907/7137/4192 7071/7314/4252
f 7071/7314/4252 6907/7137/4192 6910/7141/4195 7073/7316/4254
f 7073/7316/4254 6910/7141/4195 6912/7144/4197 7080/7323/4261
f 7080/7323/4261 6912/7144/4197 6914/7147/4199 7081/7324/4262
f 7081/7324/4262 6914/7147/4199 6915/7151/4200 7076/7319/4257
f 7076/7319/4257 6915/7151/4200 6901/7130/4186 7077/7320/4258
f 7077/7320/4258 6901/7130/4186 6904/7133/4189 7084/7327/4265
f 7084/7327/4265 6904/7133/4189 2434/2510/1459 2630/2721/1544
f 6910/7141/4195 6900/7140/4185 6899/7145/4184 6912/7144/4197
f 6915/7151/4200 6911/7150/4196 6902/7131/4187 6901/7130/4186
f 7085/7328/4266 7086/7329/4266 7087/7330/4267 7088/7331/4267
f 2636/2727/1548 2639/2730/1548 7089/7332/4268 7090/7333/4268
f 7088/7331/4267 7087/7330/4267 7091/7334/4269 7092/7335/4269
f 7090/7333/4268 7089/7332/4268 7093/7336/4270 7094/7337/4270
f 7092/7335/4269 7091/7334/4269 2645/2736/1552 2644/2735/1552
f 7094/7337/4270 7093/7336/4270 7095/7338/4271 7096/7339/4271
f 7096/7339/4271 7095/7338/4271 7097/7340/4272 7098/7341/4272
f 7099/7342/273 7100/7343/273 7101/7344/273 7102/7345/273
f 7103/7346/273 7104/7347/273 2656/2747/273 2655/2746/273
f 7105/7348/273 7106/7349/273 7107/7350/273 7108/7351/273
f 7109/7352/273 7110/7353/273 7100/7343/273 7099/7342/273
f 7111/7354/273 7112/7355/273 7104/7347/273 7103/7346/273
f 7102/7345/273 7101/7344/273 7106/7349/273 7105/7348/273
f 2666/2757/273 2667/2758/273 7110/7353/273 7109/7352/273
f 7108/7351/273 7107/7350/273 7112/7355/273 7111/7354/273
f 7113/7356/216 2670/2761/216 7114/7357/216
f 7115/7358/216 2670/2761/216 7113/7356/216
f 7116/7359/216 2670/2761/216 2673/2764/216
f 7117/7360/216 2670/2761/216 7115/7358/216
f 7118/7361/216 2670/2761/216 7116/7359/216
f 2676/2767/216 2670/2761/216 7117/7360/216
f 7119/7362/216 2670/2761/216 7118/7361/216
f 7114/7357/216 2670/2761/216 7119/7362/216
f 7098/7341/4272 7097/7340/4272 7086/7329/4266 7085/7328/4266
f 7120/7363/273 2680/2771/273 7121/7364/273
f 7122/7365/273 2680/2771/273 7120/7363/273
f 7123/7366/273 2680/2771/273 7122/7365/273
f 7124/7367/273 2680/2771/273 7125/7368/273
f 7126/7369/273 2680/2771/273 7123/7366/273
f 7127/7370/273 2680/2771/273 7124/7367/273
f 7121/7364/273 2680/2771/273 7127/7370/273
f 7128/7371/487 7129/7372/487 7130/7373/273 7131/7374/273
f 7132/7375/465 7133/7376/465 7134/7377/464 7135/7378/464
f 7136/7379/480 7137/7380/480 7138/7381/1555 7139/7382/1555
f 7140/7383/471 7141/7384/471 7142/7385/470 7143/7386/470
f 7144/7387/478 7145/7388/478 7141/7384/471 7140/7383/471
f 7131/7374/273 7130/7373/273 7133/7376/465 7132/7375/465
f 7146/7389/1556 7147/7390/1556 7137/7380/480 7136/7379/480
f 7148/7391/482 7149/7392/482 7129/7372/487 7128/7371/487
f 7150/7393/4273 7151/7394/4273 7152/7395/4274
f 7153/7396/470 5217/5406/575 692/724/575 2713/2804/470
f 7154/7397/4273 7151/7394/4273 7155/7398/4275
f 7156/7399/4274 7151/7394/4273 7150/7393/4273
f 7155/7398/4275 7151/7394/4273 7157/7400/4275
f 7158/7401/4275 7151/7394/4273 7159/7402/4274
f 7157/7400/4275 7151/7394/4273 7160/7403/4275
f 7161/7404/4274 7151/7394/4273 7154/7397/4273
f 7160/7403/4275 7151/7394/4273 7162/7405/4275
f 7163/7406/4275 7151/7394/4273 7158/7401/4275
f 7152/7395/4274 7151/7394/4273 7161/7404/4274
f 7162/7405/4275 7151/7394/4273 7163/7406/4275
f 7151/7394/4273 7156/7399/4274 7159/7402/4274
f 4803/4976/3168 7164/7407/4276 7165/7408/4277
f 4803/4976/3168 7166/7409/4278 7167/7410/4279
f 4803/4976/3168 5099/5281/3370 7168/7411/4280
f 4803/4976/3168 7167/7410/4279 7164/7407/4276
f 4803/4976/3168 7168/7411/4280 7169/7412/4281
f 4803/4976/3168 7165/7408/4277 5100/5282/3371
f 4803/4976/3168 7170/7413/4282 4804/4977/3169
f 4803/4976/3168 7169/7412/4281 7171/7414/4283
f 4803/4976/3168 7171/7414/4283 7170/7413/4282
f 4803/4976/3168 4805/4978/3170 7166/7409/4278
f 4829/5004/217 4828/5003/217 7145/7388/478 7144/7387/478
f 7172/7415/461 7173/7416/461 4827/5002/216 4826/5001/216
f 7135/7378/464 7134/7377/464 7147/7390/1556 7146/7389/1556
f 7139/7382/1555 7138/7381/1555 7174/7417/467 7175/7418/467
f 7143/7419/470 7142/7420/470 7176/7421/476 7177/7422/476
f 7177/7422/476 7176/7421/476 7149/7392/482 7148/7391/482
f 7175/7418/467 7174/7417/467 7173/7416/461 7172/7415/461
f 7178/7423/1074 7179/7424/1074 7180/7425/1074
f 7178/7423/1074 7181/7426/1074 7182/7427/1074
f 7178/7423/1074 7183/7428/1074 7184/7429/1074
f 7178/7423/1074 7180/7425/1074 7185/7430/1074
f 7178/7423/1074 7186/7431/1074 7181/7426/1074
f 7178/7423/1074 7187/7432/1074 7188/7433/1074
f 7178/7423/1074 7189/7434/1074 7183/7428/1074
f 7178/7423/1074 7184/7429/1074 7187/7432/1074
f 7178/7423/1074 7190/7435/1074 7191/7436/1074
f 7178/7423/1074 7192/7437/1074 7179/7424/1074
f 7178/7423/1074 7182/7427/1074 7192/7437/1074
f 7178/7423/1074 7193/7438/1074 7189/7434/1074
f 7178/7423/1074 7185/7430/1074 7190/7435/1074
f 7178/7423/1074 7194/7439/1074 7186/7431/1074
f 7178/7423/1074 7188/7433/1074 7194/7439/1074
f 7178/7423/1074 7191/7436/1074 7193/7438/1074
f 7195/7440/4284 7196/7441/4285 7197/7442/4286 7198/7443/4287
f 7199/7444/4288 7200/7445/4289 7201/7446/4290 7202/7447/4291
f 7203/7448/4292 7204/7449/4293 7205/7450/4294 7206/7451/4295
f 7207/7452/4296 7208/7453/4297 7209/7454/4298 7210/7455/4299
f 7208/7453/4297 7198/7443/4287 7197/7442/4286 7209/7454/4298
f 7200/7456/4289 7196/7441/4285 7195/7440/4284 7201/7457/4290
f 7206/7451/4295 7199/7444/4288 7202/7447/4291 7203/7448/4292
f 7210/7455/4299 7205/7450/4294 7204/7449/4293 7207/7452/4296
f 7196/7441/4285 7200/7456/4289 7211/7458/4300 7212/7459/4301
f 7200/7445/4289 7199/7444/4288 7213/7460/4302 7211/7461/4300
f 7214/7462/4303 7215/7463/4304 7216/7464/4305 7217/7465/4306
f 7218/7466/4307 7214/7467/4303 7217/7468/4306 7219/7469/4308
f 7220/7470/4309 7216/7464/4305 7215/7463/4304 7221/7471/4310
f 7222/7472/4311 7213/7460/4302 7199/7444/4288 7206/7451/4295
f 7209/7454/4298 7197/7442/4286 7223/7473/4312 7224/7474/4313
f 7197/7442/4286 7196/7441/4285 7212/7459/4301 7223/7473/4312
f 7225/7475/4314 7218/7466/4307 7219/7469/4308 7226/7476/4315
f 7227/7477/4316 7225/7475/4314 7226/7476/4315 7228/7478/4317
f 7229/7479/4318 7230/7480/4319 7231/7481/4320 7232/7482/4321
f 7233/7483/4322 7229/7484/4318 7232/7485/4321 7234/7486/4323
f 7235/7487/4324 7231/7481/4320 7230/7480/4319 7236/7488/4325
f 7237/7489/4326 7233/7483/4322 7234/7486/4323 7238/7490/4327
f 7239/7491/4328 7237/7489/4326 7238/7490/4327 7240/7492/4329
f 7241/7493/4330 7242/7494/4331 7243/7495/4332 7244/7496/4333
f 7244/7497/4333 7245/7498/4334 7246/7499/4335 7241/7500/4330
f 7247/7501/4336 7243/7495/4332 7242/7494/4331 7248/7502/4337
f 7249/7503/4338 7246/7499/4335 7245/7498/4334 7250/7504/4339
f 7251/7505/4340 7249/7503/4338 7250/7504/4339 7252/7506/4341
f 7253/7507/4342 7254/7508/4343 7255/7509/4344 7256/7510/4345
f 7257/7511/4346 7258/7512/4347 7256/7510/4345 7255/7509/4344
f 7254/7508/4343 7253/7507/4342 7259/7513/4348 7260/7514/4349
f 7261/7515/4350 7262/7516/4351 7260/7517/4349 7259/7518/4348
f 7262/7516/4351 7261/7515/4350 7263/7519/4352 7264/7520/4353
f 7265/7521/4354 7266/7522/4355 7267/7523/4356 7268/7524/4357
f 7269/7525/4358 7270/7526/4291 7271/7527/1644 7272/7528/4359
f 7270/7526/4291 7269/7525/4358 7273/7529/4360 7274/7530/4292
f 7275/7531/4361 7276/7532/4362 7266/7522/4355 7265/7521/4354
f 7277/7533/4363 7278/7534/4364 7268/7535/4357 7267/7536/4356
f 7279/7537/4365 7280/7538/4366 7272/7539/4359 7271/7540/1644
f 7281/7541/4367 7282/7542/4368 7283/7543/4369 7284/7544/4370
f 7282/7542/4368 7281/7541/4367 7285/7545/4371 7286/7546/4372
f 7287/7547/4373 7288/7548/4374 7284/7549/4370 7283/7550/4369
f 7289/7551/4375 7290/7552/4376 7291/7553/4377 7292/7554/4378
f 7285/7545/4371 7293/7555/4379 7294/7556/4380 7286/7546/4372
f 7295/7557/4381 7296/7558/4382 7289/7551/4375 7292/7554/4378
f 7297/7559/4383 7298/7560/4384 7294/7556/4380 7293/7555/4379
f 7299/7561/4385 7300/7562/4386 7291/7553/4377 7290/7552/4376
f 7275/7531/4361 7301/7563/4387 7302/7564/4388 7276/7532/4362
f 7303/7565/4389 7304/7566/4390 7302/7564/4388 7301/7563/4387
f 7274/7530/4292 7273/7529/4360 7305/7567/4391 7306/7568/4392
f 7307/7569/4393 7308/7570/4296 7306/7568/4392 7305/7567/4391
f 7296/7558/4382 7295/7557/4381 7309/7571/4394 7310/7572/4395
f 7311/7573/4396 7312/7574/4397 7310/7575/4395 7309/7576/4394
f 7263/7519/4352 7313/7577/4398 7314/7578/4399 7264/7520/4353
f 7315/7579/4400 7316/7580/4401 7314/7578/4399 7313/7577/4398
f 7317/7581/4402 7318/7582/4403 7247/7501/4336 7248/7502/4337
f 7319/7583/4404 7318/7582/4403 7317/7581/4402 7320/7584/4405
f 7321/7585/4406 7322/7586/4407 7235/7487/4324 7236/7488/4325
f 7321/7585/4406 7323/7587/4408 7324/7588/4409 7322/7586/4407
f 7312/7574/4397 7311/7573/4396 7325/7589/4410 7326/7590/4411
f 7288/7548/4374 7287/7547/4373 7327/7591/4412 7328/7592/4413
f 7329/7593/4414 7330/7594/4415 7326/7590/4411 7325/7589/4410
f 7331/7595/4416 7332/7596/4417 7328/7592/4413 7327/7591/4412
f 7278/7534/4364 7277/7533/4363 7333/7597/4418 7334/7598/4419
f 7334/7598/4419 7333/7597/4418 7335/7599/4420 7336/7600/4421
f 7323/7587/4408 7239/7491/4328 7240/7492/4329 7324/7588/4409
f 7320/7584/4405 7251/7505/4340 7252/7506/4341 7319/7583/4404
f 7337/7601/4422 7227/7477/4316 7228/7478/4317 7338/7602/4423
f 7338/7602/4423 7339/7603/4424 7340/7604/4425 7337/7601/4422
f 7340/7604/4425 7339/7603/4424 7220/7470/4309 7221/7471/4310
f 7205/7450/4294 7341/7605/4426 7222/7472/4311 7206/7451/4295
f 7342/7606/4427 7341/7605/4426 7205/7450/4294 7210/7455/4299
f 7210/7455/4299 7209/7454/4298 7224/7474/4313 7342/7606/4427
f 7258/7512/4347 7257/7511/4346 7316/7580/4401 7315/7579/4400
f 7330/7594/4415 7329/7593/4414 7300/7562/4386 7299/7561/4385
f 7332/7596/4417 7331/7595/4416 7298/7560/4384 7297/7559/4383
f 7336/7600/4421 7335/7599/4420 7304/7566/4390 7303/7565/4389
f 7308/7570/4296 7307/7569/4393 7343/7607/4428 7344/7608/4429
f 7344/7608/4429 7343/7607/4428 7345/7609/4430 7346/7610/4431
f 7279/7537/4365 7346/7610/4431 7345/7609/4430 7280/7538/4366
f 7218/7466/4307 7212/7459/4301 7211/7458/4300 7214/7467/4303
f 7214/7462/4303 7211/7461/4300 7213/7460/4302 7215/7463/4304
f 7229/7479/4318 7217/7465/4306 7216/7464/4305 7230/7480/4319
f 7233/7483/4322 7219/7469/4308 7217/7468/4306 7229/7484/4318
f 7222/7472/4311 7221/7471/4310 7215/7463/4304 7213/7460/4302
f 7230/7480/4319 7216/7464/4305 7220/7470/4309 7236/7488/4325
f 7227/7477/4316 7224/7474/4313 7223/7473/4312 7225/7475/4314
f 7225/7475/4314 7223/7473/4312 7212/7459/4301 7218/7466/4307
f 7237/7489/4326 7226/7476/4315 7219/7469/4308 7233/7483/4322
f 7239/7491/4328 7228/7478/4317 7226/7476/4315 7237/7489/4326
f 7241/7493/4330 7232/7482/4321 7231/7481/4320 7242/7494/4331
f 7246/7499/4335 7234/7486/4323 7232/7485/4321 7241/7500/4330
f 7242/7494/4331 7231/7481/4320 7235/7487/4324 7248/7502/4337
f 7249/7503/4338 7238/7490/4327 7234/7486/4323 7246/7499/4335
f 7251/7505/4340 7240/7492/4329 7238/7490/4327 7249/7503/4338
f 7259/7518/4348 7244/7496/4333 7243/7495/4332 7261/7515/4350
f 7253/7507/4342 7245/7498/4334 7244/7497/4333 7259/7513/4348
f 7261/7515/4350 7243/7495/4332 7247/7501/4336 7263/7519/4352
f 7256/7510/4345 7250/7504/4339 7245/7498/4334 7253/7507/4342
f 7258/7512/4347 7252/7506/4341 7250/7504/4339 7256/7510/4345
f 7326/7590/4411 7255/7509/4344 7254/7508/4343 7312/7574/4397
f 7330/7594/4415 7257/7511/4346 7255/7509/4344 7326/7590/4411
f 7312/7574/4397 7254/7508/4343 7260/7514/4349 7310/7575/4395
f 7310/7572/4395 7260/7517/4349 7262/7516/4351 7296/7558/4382
f 7296/7558/4382 7262/7516/4351 7264/7520/4353 7289/7551/4375
f 7282/7542/4368 7265/7521/4354 7268/7524/4357 7283/7543/4369
f 7272/7528/4359 7267/7523/4356 7266/7522/4355 7269/7525/4358
f 7276/7532/4362 7273/7529/4360 7269/7525/4358 7266/7522/4355
f 7286/7546/4372 7275/7531/4361 7265/7521/4354 7282/7542/4368
f 7280/7538/4366 7277/7533/4363 7267/7536/4356 7272/7539/4359
f 7283/7550/4369 7268/7535/4357 7278/7534/4364 7287/7547/4373
f 7295/7557/4381 7281/7541/4367 7284/7544/4370 7309/7571/4394
f 7292/7554/4378 7285/7545/4371 7281/7541/4367 7295/7557/4381
f 7309/7576/4394 7284/7549/4370 7288/7548/4374 7311/7573/4396
f 7285/7545/4371 7292/7554/4378 7291/7553/4377 7293/7555/4379
f 7314/7578/4399 7290/7552/4376 7289/7551/4375 7264/7520/4353
f 7275/7531/4361 7286/7546/4372 7294/7556/4380 7301/7563/4387
f 7300/7562/4386 7297/7559/4383 7293/7555/4379 7291/7553/4377
f 7301/7563/4387 7294/7556/4380 7298/7560/4384 7303/7565/4389
f 7316/7580/4401 7299/7561/4385 7290/7552/4376 7314/7578/4399
f 7273/7529/4360 7276/7532/4362 7302/7564/4388 7305/7567/4391
f 7305/7567/4391 7302/7564/4388 7304/7566/4390 7307/7569/4393
f 7318/7582/4403 7313/7577/4398 7263/7519/4352 7247/7501/4336
f 7319/7583/4404 7315/7579/4400 7313/7577/4398 7318/7582/4403
f 7322/7586/4407 7317/7581/4402 7248/7502/4337 7235/7487/4324
f 7324/7588/4409 7320/7584/4405 7317/7581/4402 7322/7586/4407
f 7339/7603/4424 7321/7585/4406 7236/7488/4325 7220/7470/4309
f 7338/7602/4423 7323/7587/4408 7321/7585/4406 7339/7603/4424
f 7328/7592/4413 7325/7589/4410 7311/7573/4396 7288/7548/4374
f 7334/7598/4419 7327/7591/4412 7287/7547/4373 7278/7534/4364
f 7332/7596/4417 7329/7593/4414 7325/7589/4410 7328/7592/4413
f 7336/7600/4421 7331/7595/4416 7327/7591/4412 7334/7598/4419
f 7345/7609/4430 7333/7597/4418 7277/7533/4363 7280/7538/4366
f 7343/7607/4428 7335/7599/4420 7333/7597/4418 7345/7609/4430
f 7320/7584/4405 7324/7588/4409 7240/7492/4329 7251/7505/4340
f 7228/7478/4317 7239/7491/4328 7323/7587/4408 7338/7602/4423
f 7315/7579/4400 7319/7583/4404 7252/7506/4341 7258/7512/4347
f 7224/7474/4313 7227/7477/4316 7337/7601/4422 7342/7606/4427
f 7342/7606/4427 7337/7601/4422 7340/7604/4425 7341/7605/4426
f 7341/7605/4426 7340/7604/4425 7221/7471/4310 7222/7472/4311
f 7299/7561/4385 7316/7580/4401 7257/7511/4346 7330/7594/4415
f 7297/7559/4383 7300/7562/4386 7329/7593/4414 7332/7596/4417
f 7303/7565/4389 7298/7560/4384 7331/7595/4416 7336/7600/4421
f 7307/7569/4393 7304/7566/4390 7335/7599/4420 7343/7607/4428
f 7347/7611/273 7348/7612/273 7349/7613/273
f 7350/7614/216 7351/7615/216 7352/7616/216
f 7351/7615/216 7353/7617/216 7354/7618/216
f 7355/7619/216 7351/7615/216 7354/7618/216
f 7351/7615/216 7355/7619/216 7352/7616/216
f 7356/7620/216 7351/7615/216 7350/7614/216
f 7351/7615/216 7357/7621/216 7353/7617/216
f 7358/7622/273 7348/7612/273 7359/7623/273
f 7348/7612/273 7347/7611/273 7360/7624/273
f 7348/7612/273 7360/7624/273 7361/7625/273
f 7348/7612/273 7361/7625/273 7362/7626/273
f 7357/7621/216 7351/7615/216 7363/7627/216
f 7349/7613/273 7348/7612/273 7364/7628/273
f 7348/7612/273 7362/7626/273 7359/7623/273
f 7363/7627/216 7351/7615/216 7356/7620/216
f 7348/7612/273 7358/7622/273 7364/7628/273
f 2680/2771/273 2925/3037/273 7125/7368/273
f 7365/7629/4432 7366/7630/4433 2928/3040/1718 2927/3039/1717
f 7367/7631/4434 7365/7629/4432 2927/3039/1717 2931/3043/1721
f 7368/7632/4435 7369/7633/4436 2934/3046/1723 2933/3045/1723
f 7370/7634/4437 7371/7635/4438 2938/3050/1727 2937/3049/1726
f 7372/7636/4439 7373/7637/4440 7374/7638/4441 7375/7639/4442
f 7371/7635/4438 7376/7640/4443 2944/3056/1733 2938/3050/1727
f 7377/7641/4444 7378/7642/4445 7375/7639/4442 7379/7643/4446
f 7380/7644/4447 7381/7645/4448 7382/7646/4449
f 7383/7647/4450 7384/7648/4451 7385/7649/4452 7386/7650/4453
f 7387/7651/4454 7383/7647/4450 7386/7650/4453 7388/7652/4455
f 7389/7653/4456 7390/7654/4457 7391/7655/4458 7392/7656/4459
f 7393/7657/4460 7372/7636/4439 7375/7639/4442 7394/7658/4461
f 7377/7641/4444 7395/7659/4462 7396/7660/4463 7378/7642/4445
f 7397/7661/4464 2969/3081/1758 2968/3080/1757 7398/7662/4465
f 7378/7642/4445 7396/7660/4463 7399/7663/4466 7400/7664/4467
f 7400/7664/4467 7399/7663/4466 7401/7665/4468 7402/7666/4469
f 7403/7667/4470 7382/7646/4449 7381/7645/4448 7404/7668/4471
f 7395/7659/4462 7377/7641/4444 7405/7669/4472
f 7406/7670/4473 7403/7667/4470 7404/7668/4471
f 7407/7671/4474 7382/7646/4449 7408/7672/4475
f 7409/7673/4476 7410/7674/4477 2982/3094/1771 2981/3093/1770
f 7411/7675/4478 7406/7670/4473 7412/7676/4479 7413/7677/4480
f 7366/7630/4433 7414/7678/4481 2987/3099/1776 2928/3040/1718
f 7384/7648/4451 7415/7679/4482 7416/7680/4483 7385/7649/4452
f 7414/7678/4481 7409/7673/4476 2981/3093/1770 2987/3099/1776
f 7415/7679/4482 7411/7675/4478 7413/7677/4480 7416/7680/4483
f 7417/7681/4484 7418/7682/4485 2993/3105/1782 2992/3104/1781
f 7419/7683/4486 7420/7684/4487 7421/7685/4488 7422/7686/4489
f 7420/7684/4487 7418/7682/4485 7417/7681/4484 7421/7685/4488
f 7423/7687/4490 3002/3114/1791 3001/3113/1790 7424/7688/4491
f 7425/7689/4492 3006/3118/1795 3005/3117/1794 7426/7690/4493
f 3006/3118/1795 7425/7689/4492 7424/7688/4491 3001/3113/1790
f 7394/7658/4461 7375/7639/4442 7390/7654/4457 7389/7653/4456
f 7427/7691/4494 7428/7692/4495 7429/7693/4496 7430/7694/4497
f 7431/7695/4498 7432/7696/4499 7433/7697/4500 7434/7698/4501
f 7428/7692/4495 7435/7699/4502 7436/7700/4503 7429/7693/4496
f 7437/7701/4504 7438/7702/4505 7439/7703/4506 7440/7704/4507
f 7441/7705/4508 7442/7706/4509 7428/7692/4495 7427/7691/4494
f 7435/7699/4502 7428/7692/4495 7442/7706/4509 7443/7707/4510
f 7438/7702/4505 7437/7701/4504 7444/7708/4511 7445/7709/4512
f 7441/7705/4508 7439/7703/4506 7438/7702/4505 7442/7706/4509
f 7445/7709/4512 7443/7707/4510 7442/7706/4509 7438/7702/4505
f 7446/7710/4513 7417/7681/4484 2992/3104/1781 3027/3139/1816
f 7422/7686/4489 7421/7685/4488 7447/7711/4514 7448/7712/4515
f 7421/7685/4488 7417/7681/4484 7446/7710/4513 7447/7711/4514
f 3030/3142/1819 7449/7713/1819 7450/7714/1820 3031/3143/1820
f 3034/3146/1821 7451/7715/1821 7452/7716/1822 3035/3147/1822
f 7453/7717/1823 3041/3153/1823 3040/3152/480 7454/7718/480
f 7455/7719/1074 7456/7720/1074 7457/7721/1074 7458/7722/1074
f 3046/3158/216 7459/7723/216 7460/7724/461 3047/3159/461
f 3050/3162/487 7461/7725/487 7462/7726/482 3051/3163/482
f 3054/3166/467 7463/7727/467 7464/7728/474 3055/3167/474
f 3058/3170/476 7465/7729/476 7466/7730/470 3059/3171/470
f 3047/3159/461 7460/7724/461 7463/7727/467 3054/3166/467
f 3062/3174/480 7467/7731/480 7468/7732/485 3063/3175/485
f 3066/3178/471 7469/7733/471 7470/7734/478 3067/3179/478
f 3070/3182/464 7471/7735/464 7472/7736/465 3071/3183/465
f 3059/3186/470 7466/7737/470 7469/7733/471 3066/3178/471
f 3074/3188/217 7473/7738/217 7459/7723/216 3046/3158/216
f 3076/3190/273 7474/7739/273 7461/7725/487 3050/3162/487
f 3071/3183/465 7472/7736/465 7474/7739/273 3076/3190/273
f 3051/3163/482 7462/7726/482 7465/7729/476 3058/3170/476
f 3055/3167/474 7464/7728/474 7467/7731/480 3062/3174/480
f 3063/3175/485 7468/7732/485 7471/7735/464 3070/3182/464
f 3067/3179/478 7470/7734/478 7473/7738/217 3074/3188/217
f 7475/7740/1074 7476/7741/1074 7477/7742/1074 7478/7743/1074
f 7479/7744/1074 7480/7745/1074 7481/7746/1074 7482/7747/1074
f 7483/7748/1074 7484/7749/1074 7485/7750/1074 7486/7751/1074
f 7487/7752/1074 7488/7753/1074 7489/7754/1074 7490/7755/1074
f 7491/7756/1074 7492/7757/1074 7493/7758/1074 7494/7759/1074
f 7495/7760/1074 7496/7761/1074 7497/7762/1074 7498/7763/1074
f 7499/7764/1074 7500/7765/1074 7501/7766/1074 7502/7767/1074
f 7478/7743/1074 7477/7742/1074 7503/7768/1074 7504/7769/1074
f 7482/7747/1074 7481/7746/1074 7505/7770/1074 7506/7771/1074
f 7486/7751/1074 7485/7750/1074 7476/7741/1074 7475/7740/1074
f 7490/7755/1074 7489/7754/1074 7480/7745/1074 7479/7744/1074
f 7494/7759/1074 7493/7758/1074 7484/7749/1074 7483/7748/1074
f 7498/7763/1074 7497/7762/1074 7488/7753/1074 7487/7752/1074
f 7502/7767/1074 7501/7766/1074 7492/7757/1074 7491/7756/1074
f 7504/7769/1074 7503/7768/1074 7496/7761/1074 7495/7760/1074
f 7506/7771/1074 7505/7770/1074 7500/7765/1074 7499/7764/1074
f 7507/7772/4516 7508/7773/4516 7509/7774/1828 7510/7775/1827
f 7511/7776/4517 7512/7777/1826 7508/7773/4516 7507/7772/4516
f 7513/7778/1832 7514/7779/1833 7515/7780/1830 7516/7781/1830
f 7516/7781/1830 7515/7780/1830 7517/7782/1831 7518/7783/4518
f 7519/7784/4519 7520/7785/4520 7521/7786/4521 7522/7787/4521
f 7523/7788/4522 7524/7789/4523 7525/7790/4524 7526/7791/4525
f 7527/7792/4526 7528/7793/4527 7529/7794/4528 7530/7795/4529
f 7531/7796/4530 7532/7797/4531 7528/7793/4527 7527/7792/4526
f 7533/7798/4532 7534/7799/4533 7532/7797/4531 7531/7796/4530
f 7535/7800/4534 7536/7801/4535 7534/7799/4533 7533/7798/4532
f 7530/7795/4529 7529/7794/4528 7537/7802/4536
f 7538/7803/1855 7539/7804/1856 7540/7805/1853 7541/7806/1853
f 7541/7807/1853 7540/7808/1853 7542/7809/1854 7543/7810/1852
f 7544/7811/4537 7545/7812/4538 7536/7813/4535 7535/7814/4534
f 7546/7815/4539 7547/7816/4540 7545/7812/4538 7544/7811/4537
f 7548/7817/4541 7549/7818/4542 7547/7816/4540 7546/7815/4539
f 7550/7819/4543 7551/7820/4543 7552/7821/1982 7553/7822/4544
f 7554/7823/4545 7555/7824/4546 7556/7825/4547 7557/7826/4548
f 7558/7827/1899 7559/7828/1900 7560/7829/1885 7561/7830/1884
f 7557/7826/4548 7556/7825/4547 7562/7831/4549 7563/7832/4550
f 7564/7833/1897 7565/7834/1898 7566/7835/1877 7567/7836/1877
f 7568/7837/4551 7569/7838/4552 7570/7839/4553 7571/7840/4554
f 7572/7841/1889 7573/7842/4555 7574/7843/1872 7575/7844/1871
f 7576/7845/4556 7577/7846/4557 7569/7838/4552 7568/7837/4551
f 7578/7847/1883 7579/7848/4558 7580/7849/4559 7581/7850/4560
f 7582/7851/4561 7583/7852/4562 7584/7853/4563 7585/7854/4564
f 7586/7855/1876 7587/7856/1878 7559/7828/1900 7558/7827/1899
f 7571/7840/4554 7570/7839/4553 7583/7852/4562 7582/7851/4561
f 7588/7857/1870 7589/7858/1873 7565/7834/1898 7564/7833/1897
f 7590/7859/4565 7591/7860/4566 7592/7861/4567 7593/7862/4568
f 7594/7863/1890 7595/7864/4569 7573/7842/4555 7572/7841/1889
f 7593/7862/4568 7592/7861/4567 7596/7865/4570 7597/7866/4571
f 7585/7854/4564 7584/7853/4563 7597/7866/4571 7596/7865/4570
f 7561/7830/1884 7560/7829/1885 7579/7848/4558 7578/7847/1883
f 7567/7836/1877 7566/7835/1877 7587/7856/1878 7586/7855/1876
f 7563/7832/4550 7562/7831/4549 7591/7860/4566 7590/7859/4565
f 7575/7844/1871 7574/7843/1872 7589/7858/1873 7588/7857/1870
f 7598/7867/1928 7599/7868/1929 7600/7869/1930 7601/7870/1927
f 7602/7871/1917 7603/7872/1916 7604/7873/1915 7605/7874/1914
f 7603/7872/1916 7606/7875/1913 7607/7876/1914 7604/7873/1915
f 7604/7873/1915 7607/7876/1914 7608/7877/1918
f 7605/7874/1914 7604/7873/1915 7608/7877/1918
f 7609/7878/4572 7610/7879/4573 7611/7880/4574 7612/7881/4575
f 7601/7870/1927 7600/7869/1930 7613/7882/1923 7614/7883/1923
f 7615/7884/4576 7616/7885/4577 7617/7886/4578 7618/7887/4578
f 7619/7888/1910 7620/7889/1911 7621/7890/4579 7622/7891/1909
f 7623/7892/4580 7624/7893/4581 7625/7894/4582 7626/7895/4583
f 7627/7896/2032 7628/7897/2033 7629/7898/2034 7630/7899/2031
f 7631/7900/4584 7632/7901/4585 7633/7902/4586 7634/7903/4586
f 7635/7904/4587 7636/7905/1962 7637/7906/4588 7638/7907/4589
f 7629/7898/2034 7639/7908/2068 7539/7804/1856 7538/7803/1855
f 7640/7909/1951 7641/7910/1952 7642/7911/4590 7643/7912/4591
f 7614/7883/1923 7613/7882/1923 7620/7889/1911 7619/7888/1910
f 7644/7913/1947 7645/7914/1950 7599/7868/1929 7598/7867/1928
f 7646/7915/4592 7647/7916/2077 7648/7917/4593 7649/7918/2075
f 7650/7919/4594 7649/7918/2075 7514/7779/1833 7513/7778/1832
f 7651/7920/4595 7652/7921/4596 7653/7922/1920 7654/7923/1921
f 7654/7923/1921 7653/7922/1920 7636/7905/1962 7635/7904/4587
f 7612/7881/4575 7611/7880/4574 7655/7924/1942 7656/7925/1945
f 7628/7897/2033 7657/7926/2043 7639/7908/2068 7629/7898/2034
f 7622/7891/1909 7621/7890/4579 7641/7910/1952 7640/7909/1951
f 7626/7895/4583 7625/7894/4582 7645/7914/1950 7644/7913/1947
f 7658/7927/4597 7659/7928/4597 7660/7929/4598 7661/7930/4599
f 7662/7931/4600 7646/7915/4592 7649/7918/2075 7650/7919/4594
f 7663/7932/4601 7664/7933/4602 7632/7901/4585 7631/7900/4584
f 7656/7925/1945 7655/7924/1942 7664/7933/4602 7663/7932/4601
f 7638/7907/4589 7637/7906/4588 7616/7885/4577 7615/7884/4576
f 7643/7912/4591 7642/7911/4590 7665/7934/4603 7666/7935/4604
f 7667/7936/4605 7668/7937/4606 7669/7938/4607 7670/7939/4608
f 7671/7940/4609 7672/7941/4610 7524/7789/4523 7523/7788/4522
f 7670/7939/4608 7669/7938/4607 7673/7942/4611 7674/7943/4612
f 7675/7944/4613 7676/7945/4614 7677/7946/4615 7678/7947/4616
f 7679/7948/4617 7680/7949/4618 7555/7824/4546 7554/7823/4545
f 7681/7950/4619 7682/7951/4620 7683/7952/4621 7684/7953/4622
f 7528/7793/4527 7685/7954/4623 7686/7955/4624 7529/7794/4528
f 7529/7794/4528 7686/7955/4624 7687/7956/4625 7537/7802/4536
f 7684/7953/4622 7683/7952/4621 7688/7957/4626
f 7683/7952/4621 7689/7958/4627 7688/7957/4626
f 7689/7958/4627 7690/7959/4628 7688/7957/4626
f 7691/7960/4629 7692/7961/4630 7577/7846/4557 7576/7845/4556
f 7693/7962/4631 7694/7963/4631 7695/7964/4631 7696/7965/4631
f 7697/7966/4632 7698/7967/4633 7699/7968/4634 7700/7969/4635
f 7701/7970/4636 7702/7971/4637 7652/7921/4596 7651/7920/4595
f 7703/7972/4638 7704/7973/4639 7610/7879/4573 7609/7878/4572
f 7705/7974/4640 7706/7975/4640 7707/7976/4640 7708/7977/4640
f 7709/7978/4641 7710/7979/4642 7711/7980/4643 7712/7981/4644
f 7679/7948/4617 7676/7945/4614 7675/7944/4613 7680/7949/4618
f 7685/7954/4623 7681/7950/4619 7684/7953/4622 7686/7955/4624
f 7688/7957/4626 7687/7956/4625 7686/7955/4624 7684/7953/4622
f 7713/7982/4645 7692/7961/4630 7691/7960/4629 7714/7983/4645
f 7701/7970/4636 7698/7967/4633 7697/7966/4632 7702/7971/4637
f 7715/7984/4646 7704/7973/4639 7703/7972/4638 7716/7985/4646
f 7717/7986/4647 7718/7987/4648 7719/7988/4649 7720/7989/2041
f 7721/7990/4650 7722/7991/4651 7723/7992/4652 7724/7993/4653
f 7725/7994/4654 7726/7995/4655 7595/7864/4569 7594/7863/1890
f 7727/7996/4656 7728/7997/4657 7729/7998/4658 7730/7999/4659
f 7720/7989/2041 7719/7988/4649 7657/7926/2043 7628/7897/2033
f 7724/7993/4653 7723/7992/4652 7627/7896/2032 7731/8000/2040
f 7731/8000/2040 7627/7896/2032 7630/7899/2031 7732/8001/4660
f 7733/8002/1936 7734/8003/1937 7735/8004/1938 7736/8005/4661
f 7737/8006/2818 7738/8007/2819 7739/8008/2820 7740/8009/4662
f 7741/8010/4663 7733/8002/1936 7736/8005/4661 7742/8011/2029
f 7735/8004/1938 7743/8012/1964 7744/8013/2017 7745/8014/4664
f 7742/8011/2029 7736/8005/4661 7746/8015/4665 7747/8016/4666
f 7745/8014/4664 7744/8013/2017 7748/8017/4667 7749/8018/4668
f 7747/8016/4666 7746/8015/4665 7750/8019/4669 7751/8020/4670
f 7752/8021/4671 7753/8022/4672 7754/8023/4673 7755/8024/4674
f 7581/7850/4560 7580/7849/4559 7756/8025/4675 7757/8026/4676
f 7758/8027/4677 7759/8028/4678 7760/8029/4679 7761/8030/4680
f 7666/7935/4604 7665/7934/4603 7762/8031/4681 7763/8032/4682
f 7764/8033/4683 7765/8034/2061 7624/7893/4581 7623/7892/4580
f 7766/8035/4684 7767/8036/4685 7768/8037/4686 7769/8038/4687
f 7722/7991/4651 7717/7986/4647 7720/7989/2041 7723/7992/4652
f 7729/7998/4658 7726/7995/4655 7725/7994/4654 7730/7999/4659
f 7723/7992/4652 7720/7989/2041 7628/7897/2033 7627/7896/2032
f 7543/7810/1852 7542/7809/1854 7770/8039/1946 7734/8003/1937
f 7736/8005/4661 7735/8004/1938 7745/8014/4664 7746/8015/4665
f 7746/8015/4665 7745/8014/4664 7749/8018/4668 7750/8019/4669
f 7756/8025/4675 7755/8024/4674 7754/8023/4673 7757/8026/4676
f 7762/8031/4681 7761/8030/4680 7760/8029/4679 7763/8032/4682
f 7768/8037/4686 7765/8034/2061 7764/8033/4683 7769/8038/4687
f 7734/8003/1937 7770/8039/1946 7743/8012/1964 7735/8004/1938
f 7771/8040/4688 7721/7990/4650 7724/7993/4653 7772/8041/4689
f 7728/7997/4657 7727/7996/4656 7773/8042/4690 7774/8043/4691
f 7678/7947/4616 7677/7946/4615 7775/8044/2083 7776/8045/2084
f 7772/8041/4689 7724/7993/4653 7731/8000/2040 7647/7916/2077
f 7647/7916/2077 7731/8000/2040 7732/8001/4660 7648/7917/4593
f 7777/8046/1954 7778/8047/1955 7779/8048/1956 7780/8049/4692
f 7778/8047/1955 7741/8010/4663 7742/8011/2029 7779/8048/1956
f 7779/8048/1956 7742/8011/2029 7747/8016/4666 7781/8050/4693
f 7682/7951/4620 7780/8049/4692 7782/8051/4694 7683/7952/4621
f 7781/8050/4693 7747/8016/4666 7751/8020/4670 7783/8052/4695
f 7683/7952/4621 7782/8051/4694 7784/8053/4696 7689/7958/4627
f 7553/7822/4544 7552/7821/1982 7785/8054/2073 7786/8055/4697
f 7787/8056/4698 7788/8057/4699 7753/8022/4672 7752/8021/4671
f 7661/7930/4599 7660/7929/4598 7789/8058/4700 7790/8059/4701
f 7791/8060/4702 7792/8061/4703 7759/8028/4678 7758/8027/4677
f 7767/8036/4685 7766/8035/4684 7793/8062/4704 7794/8063/4705
f 7700/7969/4635 7699/7968/4634 7795/8064/4706 7796/8065/4707
f 7797/8066/4708 7771/8040/4688 7772/8041/4689 7798/8067/4709
f 7775/8044/2083 7774/8043/4691 7773/8042/4690 7776/8045/2084
f 7798/8067/4709 7772/8041/4689 7647/7916/2077 7646/7915/4592
f 7799/8068/1957 7777/8046/1954 7780/8049/4692 7682/7951/4620
f 7780/8049/4692 7779/8048/1956 7781/8050/4693 7782/8051/4694
f 7782/8051/4694 7781/8050/4693 7783/8052/4695 7784/8053/4696
f 7787/8056/4698 7786/8055/4697 7785/8054/2073 7788/8057/4699
f 7791/8060/4702 7790/8059/4701 7789/8058/4700 7792/8061/4703
f 7795/8064/4706 7794/8063/4705 7793/8062/4704 7796/8065/4707
f 7518/7783/4518 7517/7782/1831 7777/8046/1954 7799/8068/1957
f 7800/8069/4710 7801/8070/4711 7802/8071/4712 7803/8072/4713
f 7804/8073/4714 7805/8074/4715 7806/8075/4716 7807/8076/4717
f 3411/3529/2106 3414/3532/2109 7808/8077/4718 7809/8078/4719
f 7810/8079/4720 7811/8080/4721 7812/8081/4722 7813/8082/4723
f 7814/8083/4724 7430/7694/4497 7815/8084/4725 7816/8085/4726
f 7817/8086/4727 7818/8087/4728 3424/3542/2118 3423/3541/489
f 7819/8088/4729 7427/7691/4494 7430/7694/4497 7814/8083/4724
f 7427/7691/4494 7819/8088/4729 7820/8089/4730 7441/7705/4508
f 3423/3541/489 3429/3547/574 7821/8090/4731 7817/8086/4727
f 7822/8091/4732 7823/8092/4733 3432/3550/575 3431/3549/470
f 7824/8093/4734 7825/8094/4735 7440/7704/4507 7439/7703/4506
f 3429/3547/574 3432/3550/575 7823/8092/4733 7821/8090/4731
f 7439/7703/4506 7441/7705/4508 7820/8089/4730 7824/8093/4734
f 7826/8095/4736 7827/8096/4737 7828/8097/4738 7829/8098/4739
f 7814/8083/4724 7818/8087/4728 7817/8086/4727 7819/8088/4729
f 7821/8090/4731 7820/8089/4730 7819/8088/4729 7817/8086/4727
f 7824/8093/4734 7823/8092/4733 7822/8091/4732 7825/8094/4735
f 7820/8089/4730 7821/8090/4731 7823/8092/4733 7824/8093/4734
f 7830/8099/4740 7831/8100/4741 7832/8101/4742 7833/8102/4743
f 7403/7667/4470 7834/8103/4744 7835/8104/4745
f 7836/8105/4746 7403/7667/4470 7835/8104/4745
f 7836/8105/4746 7382/7646/4449 7403/7667/4470
f 7403/7667/4470 7406/7670/4473 7834/8103/4744
f 7406/7670/4473 7837/8106/4747 7834/8103/4744
f 7406/7670/4473 7411/7675/4478 7837/8106/4747
f 7837/8106/4747 7835/8104/4745 7834/8103/4744
f 7838/8107/4748 7839/8108/4748 7840/8109/4748 7841/8110/4748
f 7842/8111/4749 7843/8112/4750 7844/8113/4750 7845/8114/4750
f 7846/8115/4751 7847/8116/4751 7848/8117/4751 7849/8118/4751
f 7850/8119/216 7851/8120/216 7852/8121/216 7853/8122/216
f 7854/8123/4752 7855/8124/4752 7856/8125/4752 7857/8126/4752
f 7858/8127/4753 7859/8128/4754 7860/8129/4755 7861/8130/4756
f 7862/8131/4757 7863/8132/4758 7864/8133/4759 7865/8134/4760
f 7865/8134/4760 7860/8129/4755 7859/8128/4754 7862/8131/4757
f 7378/7642/4445 7400/7664/4467 7375/7639/4442
f 7866/8135/4761 7867/8136/4762 7868/8137/4763 7869/8138/4763
f 3480/3598/2155 3483/3601/2155 7870/8139/4764 7871/8140/4764
f 7872/8141/4765 7873/8142/4765 7867/8136/4762 7866/8135/4761
f 7874/8143/4766 7875/8144/4767 7876/8145/4768 7877/8146/4768
f 7878/8147/4769 7879/8148/4770 7880/8149/4771 7881/8150/4772
f 7882/8151/4773 7878/8147/4769 7881/8150/4772
f 7883/8152/4774 3498/3616/2169 3497/3615/2168 7884/8153/4775
f 3498/3616/2169 7883/8152/4774 7885/8154/4776
f 7886/8155/480 7887/8156/480 7888/8157/480 7889/8158/480
f 3504/3622/273 7890/8159/273 7891/8160/273 3505/3623/273
f 7892/8161/273 3511/3629/273 3510/3628/2172 7893/8162/2171
f 3511/3629/273 7892/8161/273 7890/8159/273 3504/3622/273
f 7894/8163/4777 7893/8162/2171 3510/3628/2172 3513/3631/2174
f 3505/3623/273 7891/8160/273 7895/8164/273 3514/3632/273
f 7896/8165/4778 3518/3636/2177 7897/8166/4779
f 3518/3636/2177 7898/8167/4780 7897/8166/4779
f 7899/8168/4781 3518/3636/2177 7900/8169/4782
f 7898/8167/4780 3518/3636/2177 3522/3640/2181
f 3518/3636/2177 7899/8168/4781 7894/8163/4777
f 3518/3636/2177 7896/8165/4778 7900/8169/4782
f 3518/3636/2177 7894/8163/4777 3513/3631/2174
f 7901/8170/4783 7435/7699/4502 7443/7707/4510
f 7902/8171/4784 7901/8170/4783 7434/7698/4501
f 7431/7695/4498 7901/8170/4783 7903/8172/4785
f 7901/8170/4783 7443/7707/4510 7445/7709/4512
f 7436/7700/4503 7901/8170/4783 7902/8171/4784
f 7901/8170/4783 7445/7709/4512 7444/7708/4511
f 7435/7699/4502 7901/8170/4783 7436/7700/4503
f 7904/8173/4786 7901/8170/4783 7905/8174/4787
f 7434/7698/4501 7901/8170/4783 7431/7695/4498
f 7901/8170/4783 7444/7708/4511 7905/8174/4787
f 7903/8172/4785 7901/8170/4783 7904/8173/4786
f 7906/8175/4788 7907/8176/4788 7908/8177/4748 7909/8178/4748
f 7910/8179/4750 7911/8180/4750 7912/8181/4750 7913/8182/4750
f 7914/8183/4789 7915/8184/4789 7916/8185/4790 7917/8186/4790
f 7918/8187/216 7919/8188/216 7920/8189/216 7921/8190/216
f 7922/8191/4791 7923/8192/4791 7924/8193/4791 7925/8194/4791
f 7926/8195/4792 7927/8196/4793 7928/8197/4794
f 7863/8132/4758 7928/8197/4794 7864/8133/4759
f 7863/8132/4758 7929/8198/4795 7928/8197/4794
f 7929/8198/4795 7926/8195/4792 7928/8197/4794
f 7929/8198/4795 7930/8199/4796 7931/8200/4797 7926/8195/4792
f 3041/3672/1823 7453/8201/1823 7932/8202/2196 3554/3673/2196
f 3035/3676/1822 7452/8203/1822 7933/8204/2197 3556/3677/2197
f 3558/3680/2198 3561/3683/2199 7934/8205/2199 7935/8206/2198
f 7936/8207/1074 7937/8208/1074 7938/8209/1074 7939/8210/1074
f 7940/8211/1074 7941/8212/1074 7942/8213/1074 7943/8214/1074
f 3570/3692/2200 7944/8215/2200 7449/7713/1819 3030/3142/1819
f 7945/8216/1074 7455/7719/1074 7458/7722/1074 7946/8217/1074
f 3574/3696/2201 7947/8218/2201 7451/8219/1821 3034/3697/1821
f 3576/3700/2202 3579/3703/2203 7948/8220/2203 7949/8221/2202
f 3554/3673/2196 7932/8202/2196 7950/8222/2204 3580/3704/2204
f 3561/3683/2199 3556/3677/2197 7933/8204/2197 7934/8205/2199
f 3570/3692/2200 3558/3680/2198 7935/8206/2198 7944/8215/2200
f 7941/8212/1074 7938/8209/1074 7937/8208/1074 7942/8213/1074
f 7946/8217/1074 7940/8211/1074 7943/8214/1074 7945/8216/1074
f 7949/8221/2202 7947/8218/2201 3574/3696/2201 3576/3700/2202
f 7950/8222/2204 7948/8220/2203 3579/3703/2203 3580/3704/2204
f 7951/8223/4798 7952/8224/4799 3584/3708/2207 3583/3707/2206
f 7953/8225/4800 7954/8226/4801 7955/8227/4802 7956/8228/4803
f 7957/8229/4804 7858/8127/4753 7861/8130/4756 7958/8230/4805
f 7959/8231/4806 7951/8223/4798 3583/3707/2206 3593/3717/2216
f 7960/8232/4807 7953/8225/4800 7956/8228/4803 7961/8233/4808
f 7407/7671/4474 7380/7644/4447 7382/7646/4449
f 7407/7671/4474 7962/8234/4809 7380/7644/4447
f 7407/7671/4474 7963/8235/4810 7962/8234/4809
f 7958/8230/4805 7964/8236/4811 7965/8237/4812 7957/8229/4804
f 7961/8233/4808 7966/8238/4813 7967/8239/4814 7960/8232/4807
f 7959/8231/4806 7968/8240/4815 7966/8238/4813 7961/8233/4808
f 7964/8236/4811 7962/8234/4809 7963/8235/4810 7965/8237/4812
f 7969/8241/4816 7970/8242/4817 3605/3729/2228 3604/3728/2227
f 7966/8238/4813 7971/8243/4818 7972/8244/4819 7967/8239/4814
f 7968/8240/4815 7973/8245/4820 7971/8243/4818 7966/8238/4813
f 7974/8246/4821 7975/8247/4822 7976/8248/4823 7977/8249/4824
f 7975/8247/4822 7978/8250/4825 7979/8251/4826 7976/8248/4823
f 7930/8199/4796 7974/8246/4821 7977/8249/4824 7931/8200/4797
f 7931/8200/4797 7977/8249/4824 7396/7660/4463 7395/7659/4462
f 7926/8195/4792 7980/8252/4827 7927/8196/4793
f 7977/8249/4824 7976/8248/4823 7399/7663/4466 7396/7660/4463
f 7981/8253/4828 7982/8254/4829 7983/8255/4830 7984/8256/4831
f 7985/8257/4832 7980/8252/4827 7926/8195/4792
f 7931/8200/4797 7985/8257/4832 7926/8195/4792
f 7931/8200/4797 7395/7659/4462 7985/8257/4832
f 7983/8255/4830 7986/8258/4833 7987/8259/4834 7984/8256/4831
f 7988/8260/4835 7989/8261/4836 7984/8256/4831 7987/8259/4834
f 7976/8248/4823 7979/8251/4826 7401/7665/4468 7399/7663/4466
f 7990/8262/4837 7991/8263/4838 7992/8264/4839 7993/8265/4840
f 7994/8266/4841 7995/8267/4842 3632/3756/2254 3631/3755/2254
f 7996/8268/4843 7379/7643/4446 7375/7639/4442 7374/7638/4441
f 7997/8269/4844 7998/8270/4845 7999/8271/4846 8000/8272/4846
f 8001/8273/4847 8002/8274/4848 3641/3765/2261 3640/3764/2261
f 8003/8275/4849 8004/8276/4850 7993/8265/4840 7992/8264/4839
f 8005/8277/4851 8006/8278/4852 3647/3771/2266 3646/3770/2266
f 8007/8279/4853 8008/8280/4853 8009/8281/4853 8010/8282/4853
f 8011/8283/4854 8012/8284/4855 3655/3779/2270 3654/3778/2270
f 7418/7682/4485 8013/8285/4856 3657/3781/2272 2993/3105/1782
f 8014/8286/4857 8015/8287/4858 3661/3785/2276 3660/3784/2275
f 8016/8288/4859 8013/8285/4856 7418/7682/4485 7420/7684/4487
f 8017/8289/4860 8015/8287/4858 8014/8286/4857 8018/8290/4861
f 7420/7684/4487 7419/7683/4486 8019/8291/4862 8016/8288/4859
f 8020/8292/4863 8017/8289/4860 8018/8290/4861 8021/8293/4864
f 8022/8294/4865 8023/8295/4866 8024/8296/4867 8025/8297/4868
f 8026/8298/4869 8027/8299/4870 8028/8300/4871 8029/8301/4872
f 8029/8301/4872 8028/8300/4871 3678/3802/2293 3677/3801/2292
f 8030/8302/4873 8022/8294/4865 8025/8297/4868 8031/8303/4874
f 8027/8299/4870 8026/8298/4869 8032/8304/4875 8033/8305/4876
f 3660/3784/2275 3657/3781/2272 8013/8285/4856 8014/8286/4857
f 3677/3801/2292 3661/3785/2276 8015/8287/4858 8029/8301/4872
f 8014/8286/4857 8013/8285/4856 8016/8288/4859 8018/8290/4861
f 8029/8301/4872 8015/8287/4858 8017/8289/4860 8026/8298/4869
f 8018/8290/4861 8016/8288/4859 8019/8291/4862 8021/8293/4864
f 8026/8298/4869 8017/8289/4860 8020/8292/4863 8032/8304/4875
f 8028/8300/4871 8024/8296/4867 3683/3807/2298 3678/3802/2293
f 8027/8299/4870 8025/8297/4868 8024/8296/4867 8028/8300/4871
f 8033/8305/4876 8031/8303/4874 8025/8297/4868 8027/8299/4870
f 7386/7650/4453 7385/7649/4452 7366/7630/4433 7365/7629/4432
f 7388/7652/4455 7386/7650/4453 7365/7629/4432 7367/7631/4434
f 8034/8306/4877 8035/8307/4878 7369/7633/4436 7368/7632/4435
f 7882/8151/4773 7881/8150/4772 7371/7635/4438 7370/7634/4437
f 3686/3810/2301 3687/3811/2302 7373/7637/4440 7372/7636/4439
f 7881/8150/4772 7880/8149/4771 7376/7640/4443 7371/7635/4438
f 3688/3812/2303 3686/3810/2301 7372/7636/4439 7393/7657/4460
f 7413/7677/4480 7412/7676/4479 7410/7674/4477 7409/7673/4476
f 7385/7649/4452 7416/7680/4483 7414/7678/4481 7366/7630/4433
f 7416/7680/4483 7413/7677/4480 7409/7673/4476 7414/7678/4481
f 3689/3813/2304 3690/3814/2304 7875/8144/4767 7874/8143/4766
f 7956/8228/4803 7955/8227/4802 7952/8224/4799 7951/8223/4798
f 7961/8233/4808 7956/8228/4803 7951/8223/4798 7959/8231/4806
f 3593/3717/2216 3691/3815/2305 7968/8240/4815 7959/8231/4806
f 3691/3815/2305 3692/3816/2306 7973/8245/4820 7968/8240/4815
f 3693/3817/2307 3694/3818/2307 7991/8263/4838 7990/8262/4837
f 7379/7643/4446 7996/8268/4843 7995/8267/4842 7994/8266/4841
f 3695/3819/2308 3696/3820/2308 7998/8270/4845 7997/8269/4844
f 8004/8276/4850 8003/8275/4849 8002/8274/4848 8001/8273/4847
f 8036/8308/4879 8037/8309/4879 8006/8278/4852 8005/8277/4851
f 8038/8310/4880 8039/8311/4880 8012/8284/4855 8011/8283/4854
f 8040/8312/4881 8041/8313/4882 8042/8314/2335
f 8043/8315/2319 8040/8312/4881 8044/8316/2343
f 8040/8312/4881 8045/8317/4883 8046/8318/4884
f 8040/8312/4881 8047/8319/2323 7606/7875/1913
f 8048/8320/2314 8040/8312/4881 8049/8321/4885
f 8050/8322/2331 8040/8312/4881 8051/8323/2320
f 8052/8324/2318 8040/8312/4881 7602/7871/1917
f 8040/8312/4881 8053/8325/4886 8054/8326/4887
f 8040/8312/4881 8055/8327/2330 8056/8328/4888
f 8040/8312/4881 8057/8329/2341 8058/8330/2336
f 8040/8312/4881 8059/8331/2327 8041/8313/4882
f 8040/8312/4881 8042/8314/2335 8044/8316/2343
f 8060/8332/2321 8040/8312/4881 8061/8333/2345
f 8045/8317/4883 8040/8312/4881 8062/8334/2338
f 7603/7872/1916 8040/8312/4881 7606/7875/1913
f 8040/8312/4881 8063/8335/2312 8064/8336/4889
f 8040/8312/4881 8065/8337/4890 8066/8338/4891
f 8040/8312/4881 8067/8339/2333 8047/8319/2323
f 8049/8321/4885 8040/8312/4881 8060/8332/2321
f 8051/8323/2320 8040/8312/4881 8043/8315/2319
f 8040/8312/4881 8046/8318/4884 8068/8340/4892
f 8040/8312/4881 8069/8341/4893 8059/8331/2327
f 8040/8312/4881 8070/8342/4894 8069/8341/4893
f 8040/8312/4881 8054/8326/4887 8071/8343/4895
f 8040/8312/4881 8072/8344/4896 8063/8335/2312
f 8040/8312/4881 8064/8336/4889 8055/8327/2330
f 8061/8333/2345 8040/8312/4881 8073/8345/2344
f 8074/8346/2332 8040/8312/4881 8050/8322/2331
f 8075/8347/4897 8076/8348/4897 8077/8349/4897
f 8040/8312/4881 7603/7872/1916 7602/7871/1917
f 8072/8344/4896 8040/8312/4881 8048/8320/2314
f 8073/8345/2344 8040/8312/4881 8074/8346/2332
f 8062/8334/2338 8040/8312/4881 8052/8324/2318
f 8040/8312/4881 8071/8343/4895 8067/8339/2333
f 8040/8312/4881 8066/8338/4891 8070/8342/4894
f 8040/8312/4881 8056/8328/4888 8057/8329/2341
f 8040/8312/4881 8058/8330/2336 8053/8325/4886
f 8078/8350/4898 8079/8351/4899 7711/7980/4643 7710/7979/4642
f 8080/8352/4900 7798/8067/4709 7646/7915/4592 7662/7931/4600
f 8080/8352/4900 8081/8353/4901 7798/8067/4709
f 8082/8354/4902 8083/8355/4903 8084/8356/4904 8085/8357/4905
f 8086/8358/4906 8079/8351/4899 8078/8350/4898
f 8087/8359/4907 8088/8360/4908 8089/8361/4909 8090/8362/4910
f 7798/8067/4709 8081/8353/4901 8086/8358/4906
f 8078/8350/4898 7798/8067/4709 8086/8358/4906
f 8078/8350/4898 7797/8066/4708 7798/8067/4709
f 8091/8363/4911 8092/8364/4912 7549/7818/4542 7548/7817/4541
f 8093/8365/4913 8092/8364/4912 8091/8363/4911
f 8094/8366/4914 8095/8367/4915 8096/8368/4916
f 8095/8367/4915 8093/8365/4913 8091/8363/4911 8096/8368/4916
f 8094/8366/4914 8096/8368/4916 7709/7978/4641 7712/7981/4644
f 8097/8369/4917 3760/3884/2368 3759/3883/2367
f 8097/8369/4917 3759/3883/2367 8098/8370/4918
f 3759/3883/2367 8099/8371/4919 8098/8370/4918
f 8100/8372/4920 8101/8373/4921 8102/8374/4922
f 8103/8375/4923 8104/8376/4924 7805/8074/4715 7804/8073/4714
f 8105/8377/4925 8106/8378/4926 8107/8379/4927 8108/8380/4928
f 3759/3883/2367 3411/3529/2106 8099/8371/4919
f 3411/3529/2106 8109/8381/4929 8099/8371/4919
f 3411/3529/2106 8110/8382/4930 8109/8381/4929
f 3411/3529/2106 7809/8078/4719 8110/8382/4930
f 8111/8383/4931 8098/8370/4918 8099/8371/4919
f 8112/8384/4932 8111/8383/4931 8099/8371/4919
f 8109/8381/4929 8112/8384/4932 8099/8371/4919
f 8109/8381/4929 8113/8385/4933 8112/8384/4932
f 7829/8098/4739 7828/8097/4738 8114/8386/4934 8115/8387/4935
f 7801/8070/4711 8097/8369/4917 8098/8370/4918
f 7801/8070/4711 8098/8370/4918 7802/8071/4712
f 8098/8370/4918 8111/8383/4931 7802/8071/4712
f 8111/8383/4931 8116/8388/4936 7802/8071/4712
f 8117/8389/4937 8118/8390/4938 7811/8080/4721 7810/8079/4720
f 8119/8391/4939 8120/8392/4940 8121/8393/4941 8122/8394/4942
f 8123/8395/4943 8124/8396/4944 8125/8397/4945 7800/8069/4710
f 8126/8398/4946 8124/8396/4944 8123/8395/4943
f 7827/8096/4737 7826/8095/4736 8127/8399/4947 8128/8400/4948
f 8129/8401/4949 8130/8402/4950 7833/8102/4743 7832/8101/4742
f 8131/8403/4951 8132/8404/4952 8133/8405/4953
f 8134/8406/4954 8135/8407/4955 8136/8408/4956 8137/8409/4957
f 8132/8404/4952 8131/8403/4951 8138/8410/4958
f 7813/8082/4723 7812/8081/4722 8139/8411/4959 8140/8412/4960
f 7807/8076/4717 7806/8075/4716 8141/8413/4961 8142/8414/4962
f 8143/8415/4963 8144/8416/4964 8145/8417/4965 8146/8418/4966
f 3810/3934/2418 3424/3542/2118 7818/8087/4728 8101/8373/4921
f 8147/8419/4967 8148/8420/4968 8101/8373/4921
f 7831/8100/4741 7830/8099/4740 8149/8421/4969 8150/8422/4970
f 8101/8373/4921 8148/8420/4968 8102/8374/4922
f 8106/8378/4926 8104/8376/4924 8103/8375/4923 8107/8379/4927
f 8114/8423/4934 8105/8377/4925 8108/8380/4928 8115/8424/4935
f 8120/8425/4940 8118/8390/4938 8117/8389/4937 8121/8426/4941
f 8127/8399/4947 8119/8391/4939 8122/8394/4942 8128/8400/4948
f 8135/8407/4955 8130/8402/4950 8129/8401/4949 8136/8408/4956
f 8139/8411/4959 8134/8427/4954 8137/8428/4957 8140/8412/4960
f 8144/8429/4964 8142/8414/4962 8141/8413/4961 8145/8430/4965
f 8149/8421/4969 8143/8415/4963 8146/8418/4966 8150/8422/4970
f 8123/8395/4943 7800/8069/4710 7803/8072/4713
f 7431/7695/4498 7903/8172/4785 8151/8431/4971 7432/7696/4499
f 8113/8385/4933 8109/8381/4929 8110/8382/4930
f 8112/8384/4932 8116/8388/4936 8111/8383/4931
f 8101/8373/4921 8100/8372/4920 7808/8077/4718
f 3414/3532/2109 8101/8373/4921 7808/8077/4718
f 3414/3532/2109 3810/3934/2418 8101/8373/4921
f 7816/8085/4726 7818/8087/4728 7814/8083/4724
f 7816/8085/4726 8147/8419/4967 7818/8087/4728
f 8147/8419/4967 8101/8373/4921 7818/8087/4728
f 7904/8173/4786 8125/8397/4945 8124/8396/4944 7903/8172/4785
f 8151/8431/4971 7903/8172/4785 8124/8396/4944 8152/8432/4972
f 8124/8396/4944 8126/8398/4946 8152/8432/4972
f 8153/8433/4973 7815/8084/4725 7430/7694/4497
f 7902/8171/4784 7434/7698/4501 7433/7697/4500
f 8138/8410/4958 7902/8171/4784 7433/7697/4500
f 8138/8410/4958 8131/8403/4951 7902/8171/4784
f 7902/8171/4784 8131/8403/4951 7429/7693/4496 7436/7700/4503
f 8131/8403/4951 8153/8433/4973 7430/7694/4497 7429/7693/4496
f 8131/8403/4951 8133/8405/4953 8153/8433/4973
f 8154/8434/4974 8155/8435/4975 8156/8436/4976 8157/8437/4977
f 8158/8438/4978 8159/8439/4979 8155/8435/4975 8154/8434/4974
f 8160/8440/4980 8161/8441/4981 8162/8442/4982 8163/8443/4983
f 8161/8441/4981 8160/8440/4980 8164/8444/4984 8165/8445/4985
f 8157/8437/4977 8156/8436/4976 8166/8446/4986 8167/8447/4987
f 8165/8445/4985 8164/8444/4984 8168/8448/4988 8169/8449/4989
f 8163/8443/4983 8162/8442/4982 8170/8450/4990 8171/8451/4991
f 8172/8452/4992 8173/8453/4993 8159/8439/4979 8158/8438/4978
f 8167/8447/4987 8166/8446/4986 8174/8454/4994 8175/8455/4995
f 8176/8456/4996 8177/8457/4997 8169/8449/4989 8168/8448/4988
f 8171/8451/4991 8170/8450/4990 8178/8458/4998 8179/8459/4999
f 8180/8460/5000 8181/8461/5001 8173/8453/4993 8172/8452/4992
f 8179/8459/4999 8178/8458/4998 8182/8462/5002 8183/8463/5003
f 8184/8464/5004 8185/8465/5005 8181/8461/5001 8180/8460/5000
f 8183/8463/5003 8182/8462/5002 8186/8466/5006 8187/8467/5007
f 8188/8468/5008 8189/8469/5009 8185/8465/5005 8184/8464/5004
f 8187/8467/5007 8186/8466/5006 8190/8470/5010 8191/8471/5011
f 8192/8472/5012 8193/8473/5013 8189/8469/5009 8188/8468/5008
f 8194/8474/1074 8195/8475/5014 8196/8476/5015 8197/8477/1074
f 8191/8471/5011 8190/8470/5010 8198/8478/5016 8199/8479/5017
f 8200/8480/5018 8201/8481/5019 8193/8473/5013 8192/8472/5012
f 8202/8482/1074 8203/8483/5020 8195/8475/5014 8194/8474/1074
f 8199/8479/5017 8198/8478/5016 8204/8484/5021 8205/8485/5022
f 8206/8486/5023 8207/8487/5024 8201/8481/5019 8200/8480/5018
f 8205/8485/5022 8204/8484/5021 8208/8488/5025 8209/8489/5026
f 8210/8490/5027 8211/8491/5028 8207/8487/5024 8206/8486/5023
f 8209/8489/5026 8208/8488/5025 8212/8492/5029 8213/8493/5030
f 8214/8494/5031 8215/8495/5032 8211/8491/5028 8210/8490/5027
f 8213/8493/5030 8212/8492/5029 8216/8496/5033 8217/8497/5034
f 8218/8498/5035 8219/8499/5036 8215/8495/5032 8214/8494/5031
f 8217/8497/5034 8216/8496/5033 8220/8500/5037 8221/8501/5038
f 8222/8502/5039 8223/8503/5040 8219/8499/5036 8218/8498/5035
f 8221/8501/5038 8220/8500/5037 8177/8457/4997 8176/8456/4996
f 8175/8455/4995 8174/8454/4994 8223/8503/5040 8222/8502/5039
f 8160/8440/4980 8154/8434/4974 8157/8437/4977 8164/8444/4984
f 8163/8443/4983 8158/8438/4978 8154/8434/4974 8160/8440/4980
f 8224/8504/5041 8162/8442/4982 8161/8441/4981 8225/8505/5042
f 8225/8505/5042 8161/8441/4981 8165/8445/4985 8226/8506/5043
f 8164/8444/4984 8157/8437/4977 8167/8447/4987 8168/8448/4988
f 8226/8506/5043 8165/8445/4985 8169/8449/4989 8227/8507/5044
f 8162/8442/4982 8224/8504/5041 8228/8508/5045 8170/8450/4990
f 8158/8438/4978 8163/8443/4983 8171/8451/4991 8172/8452/4992
f 8168/8448/4988 8167/8447/4987 8175/8455/4995 8176/8456/4996
f 8227/8507/5044 8169/8449/4989 8177/8457/4997 8229/8509/5046
f 8170/8450/4990 8228/8508/5045 8230/8510/5047 8178/8458/4998
f 8172/8452/4992 8171/8451/4991 8179/8459/4999 8180/8460/5000
f 8178/8458/4998 8230/8510/5047 8231/8511/5048 8182/8462/5002
f 8180/8460/5000 8179/8459/4999 8183/8463/5003 8184/8464/5004
f 8182/8462/5002 8231/8511/5048 8232/8512/5049 8186/8466/5006
f 8184/8464/5004 8183/8463/5003 8187/8467/5007 8188/8468/5008
f 8186/8466/5006 8232/8512/5049 8196/8476/5015 8190/8470/5010
f 8188/8468/5008 8187/8467/5007 8191/8471/5011 8192/8472/5012
f 8190/8470/5010 8196/8476/5015 8195/8475/5014 8198/8478/5016
f 8192/8472/5012 8191/8471/5011 8199/8479/5017 8200/8480/5018
f 8198/8478/5016 8195/8475/5014 8203/8483/5020 8204/8484/5021
f 8200/8480/5018 8199/8479/5017 8205/8485/5022 8206/8486/5023
f 8204/8484/5021 8203/8483/5020 8233/8513/5050 8208/8488/5025
f 8206/8486/5023 8205/8485/5022 8209/8489/5026 8210/8490/5027
f 8208/8488/5025 8233/8513/5050 8234/8514/5051 8212/8492/5029
f 8210/8490/5027 8209/8489/5026 8213/8493/5030 8214/8494/5031
f 8212/8492/5029 8234/8514/5051 8235/8515/5052 8216/8496/5033
f 8214/8494/5031 8213/8493/5030 8217/8497/5034 8218/8498/5035
f 8216/8496/5033 8235/8515/5052 8236/8516/5053 8220/8500/5037
f 8218/8498/5035 8217/8497/5034 8221/8501/5038 8222/8502/5039
f 8220/8500/5037 8236/8516/5053 8229/8509/5046 8177/8457/4997
f 8222/8502/5039 8221/8501/5038 8176/8456/4996 8175/8455/4995
f 8215/8495/5032 8237/8517/5032 8238/8518/5028 8211/8491/5028
f 8189/8469/5009 8239/8519/5009 8240/8520/5005 8185/8465/5005
f 8155/8435/4975 8241/8521/4975 8242/8522/4976 8156/8436/4976
f 8219/8499/5036 8243/8523/5036 8237/8517/5032 8215/8495/5032
f 8193/8473/5013 8244/8524/5013 8239/8519/5009 8189/8469/5009
f 8159/8439/4979 8245/8525/4979 8241/8521/4975 8155/8435/4975
f 8223/8503/5040 8246/8526/5040 8243/8523/5036 8219/8499/5036
f 8201/8481/5019 8247/8527/5019 8244/8524/5013 8193/8473/5013
f 8173/8453/4993 8248/8528/4993 8245/8525/4979 8159/8439/4979
f 8174/8454/4994 8249/8529/4994 8246/8526/5040 8223/8503/5040
f 8207/8487/5024 8250/8530/5024 8247/8527/5019 8201/8481/5019
f 8181/8461/5001 8251/8531/5001 8248/8528/4993 8173/8453/4993
f 8166/8446/4986 8252/8532/4986 8249/8529/4994 8174/8454/4994
f 8211/8491/5028 8238/8518/5028 8250/8530/5024 8207/8487/5024
f 8185/8465/5005 8240/8520/5005 8251/8531/5001 8181/8461/5001
f 8156/8436/4976 8242/8522/4976 8252/8532/4986 8166/8446/4986
f 8253/8533/470 8254/8534/470 8255/8535/470
f 8253/8533/470 8256/8536/470 8254/8534/470
f 8256/8536/470 8257/8537/470 8254/8534/470
f 8256/8536/470 8258/8538/470 8257/8537/470
f 8259/8539/2509 8260/8540/2506 8261/8541/2507 8262/8542/2508
f 7887/8156/480 8263/8543/480 8264/8544/480
f 7887/8156/480 8264/8544/480 7888/8157/480
f 8264/8544/480 8265/8545/480 7888/8157/480
f 8265/8545/480 8266/8546/480 7888/8157/480
f 8267/8547/2513 8268/8548/2510 8269/8549/2511 8270/8550/2512
f 8271/8551/2519 8272/8552/2519 8273/8553/2519 8274/8554/2519
f 8253/8533/470 8275/8555/470 8276/8556/470 8256/8536/470
f 8277/8557/2518 8269/8549/2511 8268/8558/2510 8278/8559/2518
f 8279/8560/2517 8259/8561/2509 8262/8542/2508 8280/8562/2517
f 8281/8563/5054 8261/8541/2507 8260/8564/2506 8282/8565/5054
f 8283/8566/2515 8267/8567/2513 8270/8550/2512 8284/8568/2515
f 8285/8569/2514 8286/8570/2514 8287/8571/2514 8288/8572/2514
f 8289/8573/2520 8290/8574/2523 8291/8575/2522 8292/8576/5055
f 8293/8577/2524 8294/8578/2526 8295/8579/2525 8296/8580/2524
f 8297/8581/470 8298/8582/470 8299/8583/470 8300/8584/470
f 8301/8585/2527 8302/8586/2529 8303/8587/2529 8304/8588/2528
f 8305/8589/5056 8306/8590/2533 8307/8591/2532 8308/8592/2531
f 8309/8593/2534 8310/8594/5057 8311/8595/2536 8312/8596/2535
f 8306/8590/2533 8301/8585/2527 8304/8588/2528 8307/8591/2532
f 8292/8597/5055 8305/8589/5056 8308/8592/2531 8289/8598/2520
f 8310/8594/5057 8291/8599/2522 8290/8600/2523 8311/8595/2536
f 8294/8578/2526 8309/8593/2534 8312/8596/2535 8295/8579/2525
f 8313/8601/5058 8314/8602/5058 8315/8603/5058
f 8316/8604/5059 8314/8602/5058 8317/8605/5059
f 8314/8602/5058 8318/8606/5058 8319/8607/5058
f 8318/8606/5058 8314/8602/5058 8320/8608/5058
f 8315/8603/5058 8314/8602/5058 8319/8607/5058
f 8317/8605/5059 8314/8602/5058 8321/8609/5059
f 8320/8608/5058 8314/8602/5058 8322/8610/5058
f 8321/8609/5059 8314/8602/5058 8323/8611/5059
f 8322/8610/5058 8314/8602/5058 8316/8604/5059
f 8323/8611/5059 8314/8602/5058 8313/8601/5058
f 8324/8612/5060 8325/8613/5060 8326/8614/5060 8327/8615/5060
f 8328/8616/273 8329/8617/273 8330/8618/273 8331/8619/273
f 8332/8620/4748 8333/8621/4788 8334/8622/4788 8335/8623/4748
f 8336/8624/4749 8337/8625/4749 8338/8626/4749 8339/8627/4749
f 8340/8628/5061 8341/8629/5061 8342/8630/5062 8343/8631/5062
f 8344/8632/5063 8345/8633/5063 8346/8634/4748 8347/8635/4748
f 8348/8636/5064 8349/8637/5064 8350/8638/5065 8351/8639/5065
f 8352/8640/5066 8353/8641/5066 8354/8642/5067 8355/8643/5067
f 8356/8644/4750 8357/8645/4750 8358/8646/4750 8359/8647/4750
f 8360/8648/273 8361/8649/273 8362/8650/273 8363/8651/273
f 8344/8632/5063 8364/8652/4748 8365/8653/4748 8345/8633/5063
f 8366/8654/4750 8356/8644/4750 8359/8647/4750 8367/8655/4750
f 8368/8656/5068 8369/8657/5068 8370/8658/5068 8371/8659/5068
f 8372/8660/4788 8373/8661/4788 7907/8176/4788 7906/8175/4788
f 8374/8662/4748 8347/8635/4748 8346/8634/4748 8375/8663/4748
f 8343/8631/5062 8342/8630/5062 8376/8664/5069 8377/8665/5069
f 8378/8666/5070 8349/8637/5064 8348/8636/5064 8379/8667/5070
f 8380/8668/5071 8381/8669/5072 7915/8184/4789 7914/8183/4789
f 8382/8670/5073 8355/8643/5067 8354/8642/5067 8383/8671/5073
f 8384/8672/4750 7910/8179/4750 7913/8182/4750 8385/8673/4749
f 8357/8645/4750 8386/8674/4750 8387/8675/4750 8358/8646/4750
f 8375/8663/4748 8373/8661/4788 8372/8660/4788 8374/8662/4748
f 8379/8676/5070 8377/8665/5069 8376/8664/5069 8378/8677/5070
f 8383/8678/5073 8381/8669/5072 8380/8668/5071 8382/8679/5073
f 8386/8674/4750 8384/8672/4750 8385/8673/4749 8387/8675/4750
f 8388/8680/5074 8389/8681/5074 8390/8682/5074 8391/8683/5074
f 8332/8620/4748 8335/8623/4748 8392/8684/4748 8393/8685/4748
f 8394/8686/5075 8395/8687/5075 8396/8688/5076 8397/8689/5076
f 8398/8690/5077 8399/8691/5077 8400/8692/5078 8401/8693/5078
f 8337/8625/4749 8402/8694/5079 8403/8695/5079 8338/8626/4749
f 8404/8696/4748 8405/8697/4748 7839/8108/4748 7838/8107/4748
f 8406/8698/4748 8393/8685/4748 8392/8684/4748 8407/8699/4748
f 8391/8683/5074 8390/8682/5074 8408/8700/5080 8409/8701/5081
f 8410/8702/5082 8395/8687/5075 8394/8686/5075 8411/8703/5083
f 8412/8704/5084 8413/8705/5084 7847/8116/4751 7846/8115/4751
f 8414/8706/5085 8401/8693/5078 8400/8692/5078 8415/8707/5086
f 8416/8708/4750 7842/8111/4749 7845/8114/4750 8417/8709/4750
f 8402/8694/5079 8418/8710/5087 8419/8711/4750 8403/8695/5079
f 8407/8699/4748 8405/8697/4748 8404/8696/4748 8406/8698/4748
f 8411/8712/5083 8409/8701/5081 8408/8700/5080 8410/8713/5082
f 8415/8714/5086 8413/8705/5084 8412/8704/5084 8414/8715/5085
f 8418/8710/5087 8416/8708/4750 8417/8709/4750 8419/8711/4750
f 7382/7646/4449 7836/8105/4746 7408/7672/4475
f 4084/4232/2567 8420/8716/2570 8421/8717/2569 4085/4233/2568
f 4088/4236/2571 8422/8718/2574 8423/8719/2573 4089/4237/2572
f 4092/4240/2575 8424/8720/2578 8425/8721/2577 4093/4241/2576
f 4089/4237/2572 8423/8719/2573 8426/8722/2580 4096/4244/2579
f 4096/4244/2579 8426/8722/2580 8427/8723/2582 4098/4246/2581
f 4100/4248/2583 8428/8724/2586 8429/8725/2585 4101/4249/2584
f 4104/4252/2587 8430/8726/2587 8428/8724/2586 4100/4248/2583
f 4098/4246/2581 8427/8723/2582 8424/8720/2578 4092/4240/2575
f 4101/4249/2584 8429/8725/2585 8422/8718/2574 4088/4236/2571
f 8431/8727/2588 4107/4255/2588 4093/4241/2576 8425/8721/2577
f 8024/8296/4867 8023/8295/4866 4108/4256/2589 3683/3807/2298
f 4109/4257/2590 8420/8716/2570 4084/4232/2567
f 8432/8728/2591 4111/4259/2591 4085/4233/2568 8421/8717/2569
f 4112/4260/2592 4114/4262/2593 8433/8729/2593
f 4112/4260/2592 8434/8730/5088 8435/8731/5089
f 4112/4260/2592 8433/8729/2593 8434/8730/5088
f 4112/4260/2592 8435/8731/5089 4117/4265/2596
f 8436/8732/5090 4119/4267/2598 3605/3729/2228 7970/8242/4817
f 4120/4268/2599 8437/8733/5091 8438/8734/5092 4121/4269/2600
f 4124/4272/2603 8439/8735/5093 8440/8736/5094 4125/4273/2604
f 8441/8737/5095 8442/8738/5096 8443/8739/5097
f 8442/8738/5096 8444/8740/5098 8443/8739/5097
f 8445/8741/5099 8446/8742/5100 4134/4282/2613 4133/4281/2612
f 4120/4268/2599 8447/8743/5101 8437/8733/5091
f 4137/4285/2616 8448/8744/5102 8449/8745/5103 4138/4286/2617
f 8450/8746/5104 4144/4292/2623 4143/4291/2622 8451/8747/5105
f 8449/8745/5103 8452/8748/5106 4145/4293/2624 4138/4286/2617
f 4125/4273/2604 8440/8736/5094 7398/7662/4465 2968/3080/1757
f 8448/8744/5102 4137/4285/2616 4148/4296/2627 8453/8749/5107
f 8442/8738/5096 8454/8750/5108 8444/8740/5098
f 8455/8751/5109 4151/4299/2630 4145/4293/2624 8452/8748/5106
f 3002/3114/1791 7423/7687/4490 8453/8749/5107 4148/4296/2627
f 4152/4300/2631 4151/4299/2630 8455/8751/5109 8456/8752/5110
f 4154/4302/2633 4155/4303/2633 7392/7656/4459 7391/7655/4458
f 4134/4282/2613 8446/8742/5100 8457/8753/5111 4156/4304/2634
f 8451/8747/5105 4143/4291/2622 2969/3081/1758 7397/7661/4464
f 8456/8752/5110 7969/8241/4816 3604/3728/2227 4152/4300/2631
f 8445/8741/5099 4133/4281/2612 4119/4267/2598 8436/8732/5090
f 4124/4272/2603 4156/4304/2634 8457/8753/5111 8439/8735/5093
f 8458/8754/5112 8459/8755/5112 8460/8756/5113 8461/8757/5113
f 8462/8758/5114 8463/8759/5114 8464/8760/5115 8465/8761/5115
f 8466/8762/5116 8467/8763/5116 8468/8764/5117 8469/8765/5117
f 8470/8766/5118 8471/8767/5118 8459/8755/5112 8458/8754/5112
f 8472/8768/5119 8473/8769/5119 8463/8759/5114 8462/8758/5114
f 8474/8770/5120 8475/8771/5120 8467/8763/5116 8466/8762/5116
f 8476/8772/5121 8477/8773/5121 8471/8767/5118 8470/8766/5118
f 8478/8774/5122 8479/8775/5122 8473/8769/5119 8472/8768/5119
f 8480/8776/5123 8481/8777/5123 8475/8771/5120 8474/8770/5120
f 8482/8778/5124 8483/8779/5124 8477/8773/5121 8476/8772/5121
f 8484/8780/5125 8485/8781/5125 8479/8775/5122 8478/8774/5122
f 8486/8782/5126 8487/8783/5126 8481/8777/5123 8480/8776/5123
f 8488/8784/5127 8489/8785/5127 8483/8779/5124 8482/8778/5124
f 8461/8786/5113 8460/8787/5113 8485/8781/5125 8484/8780/5125
f 8465/8761/5115 8464/8760/5115 8487/8783/5126 8486/8782/5126
f 8469/8765/5117 8468/8764/5117 8489/8785/5127 8488/8784/5127
f 8490/8788/2652 8491/8789/2652 4849/5024/2654 4848/5023/2653
f 8492/8790/236 8493/8791/239 8491/8789/2652 8490/8788/2652
f 8494/8792/2658 8495/8793/5128 8496/8794/2656 8497/8795/2656
f 8497/8796/2656 8496/8797/2656 8498/8798/5129 8499/8799/2655
f 8500/8800/5130 4843/5018/223 8501/8801/5131 8502/8802/5132
f 4842/5017/224 8503/8803/5133 8504/8804/5134 8505/8805/5135
f 4835/5010/3183 8506/8806/5136 8507/8807/5137 4836/5011/231
f 8508/8808/5138 4834/5009/3182 4837/5012/230 8509/8809/2660
f 4836/5011/231 8507/8807/5137 8510/8810/5139 4838/5013/219
f 8509/8809/2660 4837/5012/230 4839/5014/3184 8511/8811/2673
f 4838/5013/219 8510/8810/5139 4831/5006/221 4830/5005/218
f 8511/8811/2673 4839/5014/3184 4840/5015/228 8512/8812/2672
f 8512/8812/2672 4840/5015/228 4841/5016/3185 8513/8813/2671
f 4833/5008/227 4832/5007/2670 8503/8803/5133 4842/5017/224
f 8513/8813/2671 4841/5016/3185 4843/5018/223 8500/8800/5130
f 8505/8805/5135 8501/8801/5131 4843/5018/223 4842/5017/224
f 8514/8814/5140 8515/8815/5141 4835/5010/3183 4834/5009/3182
f 8499/8799/2655 8498/8798/5129 8516/8816/2685 8517/8817/5142
f 8518/8818/2681 8519/8819/2682 4847/5022/2683 4846/5021/3186
f 8520/8820/5143 8521/8821/233 8522/8822/2679 8523/8823/2678
f 8524/8824/5144 8525/8825/2677 8495/8793/5128 8494/8792/2658
f 8518/8818/2681 8517/8817/5142 8516/8816/2685 8519/8819/2682
f 8524/8824/5144 8523/8823/2678 8522/8822/2679 8525/8825/2677
f 8526/8826/237 8527/8827/238 8493/8791/239 8492/8790/236
f 8528/8828/235 8529/8829/232 8521/8821/233 8520/8820/5143
f 8528/8828/235 8527/8827/238 8526/8826/237 8529/8829/232
f 8530/8830/5145 8531/8831/5146 8532/8832/5147 8533/8833/5148
f 8534/8834/5149 8535/8835/5150 4236/4388/2695 4235/4387/2695
f 8536/8836/5151 8537/8837/5152 5826/6038/3817 5825/8838/3816
f 8538/8839/5153 8539/8840/5154 8540/8841/5155 8541/8842/5156
f 8541/8842/5156 8540/8841/5155 8542/8843/5157 8543/8844/5158
f 8544/8845/5159 8545/8846/5160 8546/8847/5161 8547/8848/5162
f 8547/8848/5162 8546/8847/5161 5309/5500/3506 5308/5499/3505
f 8543/8844/5158 8542/8843/5157 8548/8849/5163 8549/8850/5163
f 8533/8833/5148 8532/8832/5147 8550/8851/5164 8551/8852/5164
f 8552/8853/5165 8553/8854/5166 8531/8831/5146 8530/8830/5145
f 5728/5937/3740 5727/5936/3739 8537/8837/5152 8536/8836/5151
f 5729/5938/3741 8553/8855/5166 8552/8853/5165 5726/5935/3738
f 8554/8856/5167 8555/8857/5167 8556/8858/5168 8557/8859/5169
f 8558/8860/5170 8559/8861/5170 5758/5970/3763 5757/5969/3762
f 8560/8862/5171 8561/8863/5171 8562/8864/5171 8563/8865/5171
f 8564/8866/5172 8565/8867/5172 8566/8868/5172 8567/8869/5172
f 8557/8859/5169 8556/8858/5168 8568/8870/5173 8569/8871/5173
f 8570/8872/5174 8571/8873/5175 8572/8874/5176 8573/8875/5176
f 8574/8876/5177 8575/8877/5177 8576/8878/5177 8577/8879/5177
f 8571/8873/5175 8570/8872/5174 8578/8880/5178 8579/8881/5178
f 8580/8882/5179 8581/8883/5180 8582/8884/5181 8583/8885/5179
f 8584/8886/5182 8585/8887/5182 8582/8884/5181 8581/8883/5180
f 8586/8888/5183 8587/8889/5184 4290/4444/2730 4289/4443/2730
f 8588/8890/5185 8589/8891/5186 8590/8892/5187 8591/8893/5187
f 8545/8894/5160 8544/8845/5159 8592/8895/5188 8593/8896/5189
f 5311/5502/3508 5310/8897/3507 8594/8898/5190 8595/8899/5191
f 8596/8900/5192 8597/8901/5193 8539/8840/5154 8538/8839/5153
f 8592/8895/5188 8589/8891/5186 8588/8890/5185 8593/8896/5189
f 8596/8900/5192 8595/8899/5191 8594/8898/5190 8597/8901/5193
f 8598/8902/5194 8599/8903/5194 8600/8904/5194 8601/8905/5194
f 8602/8906/5195 8603/8907/5195 8604/8908/5195 8605/8909/5195
f 5286/5477/3484 5285/5476/3483 8606/8910/5196 8607/8911/5197
f 8607/8911/5197 8606/8910/5196 5777/5989/3778 5776/5988/3777
f 5781/5993/3781 5780/5992/3780 8608/8912/5198 8609/8913/5198
f 8610/8914/5199 8611/8915/5199 5783/5995/3783 5782/5994/3782
f 8612/8916/5200 8613/8917/5200 8614/8918/5200 8615/8919/5200
f 8616/8920/5201 8617/8921/5201 5828/6040/3819 5827/6039/3818
f 8618/8922/5202 8619/8923/5202 8620/8924/5202 8621/8925/5202
f 8622/8926/5203 8623/8927/5204 8624/8928/5205 8625/8929/5205
f 5831/6044/3821 5771/5983/3772 8626/8930/5206 8627/8931/5207
f 8628/8932/5208 8629/8933/5209 4334/4490/2756 4333/4489/2756
f 5303/5494/3501 5302/5493/3500 8535/8835/5150 8534/8834/5149
f 8627/8931/5207 8626/8930/5206 8587/8889/5184 8586/8888/5183
f 8630/8934/5210 8631/8935/5210 5804/6016/3802 5803/6015/3801
f 4338/4494/2759 4339/4495/2759 8623/8927/5204 8622/8926/5203
f 8632/8936/5211 8633/8937/5211 8629/8933/5209 8628/8932/5208
f 8515/8815/5141 8506/8806/5136 4835/5010/3183
f 8515/8815/5141 8634/8938/5212 8506/8806/5136
f 8515/8815/5141 8635/8939/5213 8634/8938/5212
f 8515/8815/5141 8636/8940/5214 8635/8939/5213
f 8636/8940/5214 8637/8941/5215 8635/8939/5213
f 8638/8942/5216 4834/5009/3182 8508/8808/5138
f 8638/8942/5216 8514/8814/5140 4834/5009/3182
f 8638/8942/5216 8639/8943/5217 8514/8814/5140
f 8639/8943/5217 8640/8944/5218 8514/8814/5140
f 8640/8944/5218 8641/8945/5219 8514/8814/5140
f 8642/8946/5220 8643/8947/5221 4352/4508/2770 4351/4507/2770
f 8644/8948/5222 8645/8949/5223 8035/8307/4878 8034/8306/4877
f 8646/8950/5224 8647/8951/5225 8648/8952/5226 8649/8953/5226
f 8650/8954/5227 8645/8949/5223 8644/8948/5222 8651/8955/5228
f 8652/8956/5229 8647/8951/5225 8646/8950/5224 8653/8957/5230
f 8650/8954/5227 8651/8955/5228 8654/8958/5231 8655/8959/5232
f 8656/8960/5233 8657/8961/5234 8652/8956/5229 8653/8957/5230
f 8656/8960/5233 8658/8962/5235 8659/8963/5236 8657/8961/5234
f 8660/8964/2787 8661/8965/2787 8662/8966/5237 8663/8967/2801
f 8664/8968/5238 8665/8969/5239 7672/7941/4610 7671/7940/4609
f 8666/8970/5240 8667/8971/5241 8668/8972/5242 8669/8973/5242
f 8670/8974/5243 8671/8975/5244 7520/7785/4520 7519/7784/4519
f 8672/8976/5245 8673/8977/5246 8667/8971/5241 8666/8970/5240
f 8674/8978/5247 8675/8979/5248 8671/8975/5244 8670/8974/5243
f 7526/7791/4525 7525/7790/4524 8673/8977/5246 8672/8976/5245
f 7674/7943/4612 7673/7942/4611 8675/8979/5248 8674/8978/5247
f 8676/8980/2788 8677/8981/5249 8661/8965/2787 8660/8964/2787
f 8678/8982/5250 8679/8983/5250 8680/8984/5251 8681/8985/5252
f 8682/8986/5253 8683/8987/5253 8684/8988/5254 8685/8989/5255
f 8686/8990/5256 8687/8991/5257 8688/8992/5258 8689/8993/5259
f 8684/8988/5254 8681/8985/5252 8680/8984/5251 8685/8989/5255
f 8690/8994/5260 8691/8995/2816 7512/7777/1826 7511/7776/4517
f 7510/7775/1827 7509/7774/1828 8692/8996/5261 8693/8997/2813
f 8694/8998/5262 8695/8999/2037 8696/9000/2038 8697/9001/2035
f 8690/8994/5260 7740/8009/4662 7739/8008/2820 8691/8995/2816
f 8694/8998/5262 8693/8997/2813 8692/8996/5261 8695/8999/2037
f 8698/9002/5263 8699/9003/5264 8677/8981/5249 8676/8980/2788
f 8700/9004/2828 8701/9005/2827 7738/8007/2819 7737/8006/2818
f 8663/8967/2801 8662/8966/5237 8702/9006/5265 8703/9007/2821
f 8704/9008/2824 8705/9009/2823 8697/9001/2035 8696/9000/2038
f 8700/9004/2828 8699/9003/5264 8698/9002/5263 8701/9005/2827
f 8704/9008/2824 8703/9007/2821 8702/9006/5265 8705/9009/2823
f 8706/9010/5266 8707/9011/5267 8708/9012/5268 8709/9013/5269
f 8710/9014/5270 8711/9015/5271 8712/9016/5272 8713/9017/5273
f 8714/9018/5274 8715/9019/5275 8716/9020/5276 8717/9021/5277
f 8718/9022/5278 8719/9023/5279 8720/9024/5280 8721/9025/5281
f 8722/9026/5282 8723/9027/5283 8724/9028/5284 8725/9029/5285
f 8726/9030/5286 8727/9031/5287 8728/9032/5288 8729/9033/5289
f 8726/9030/5286 8725/9029/5285 8724/9028/5284 8727/9031/5287
f 8730/9034/5290 7954/8226/4801 7953/8225/4800 8731/9035/5291
f 8732/9036/5292 7952/8224/4799 7955/8227/4802 8733/9037/5293
f 8733/9037/5293 7955/8227/4802 7954/8226/4801 8734/9038/5294
f 8734/9038/5294 7954/8226/4801 8730/9034/5290 8735/9039/5295
f 8736/9040/5296 8723/9027/5283 8722/9026/5282 8737/9041/5297
f 8738/9042/5298 8731/9035/5291 7953/8225/4800 7960/8232/4807
f 8659/8963/5236 8658/8962/5235 8739/9043/5299 8740/9044/5300
f 7972/8244/4819 8741/9045/5301 8742/9046/5302
f 8743/9047/5303 8738/9042/5298 7960/8232/4807 7967/8239/4814
f 8744/9048/5304 8741/9045/5301 7972/8244/4819 7971/8243/4818
f 8745/9049/5305 7973/8245/4820 3692/3816/2306 4456/4612/2869
f 8740/9044/5300 8739/9043/5299 8746/9050/5306
f 8737/9041/5297 8740/9044/5300 8746/9050/5306 8736/9040/5296
f 7967/8239/4814 7972/8244/4819 8742/9046/5302 8743/9047/5303
f 8747/9051/5307 8748/9052/5308 8749/9053/5309
f 8748/9052/5308 8750/9054/5310 8749/9053/5309
f 8748/9052/5308 8751/9055/5311 8750/9054/5310
f 8749/9053/5309 8752/9056/5312 8747/9051/5307
f 8752/9056/5312 8753/9057/5313 8747/9051/5307
f 8753/9057/5313 8754/9058/5314 8747/9051/5307
f 8750/9054/5310 8751/9055/5311 8755/9059/5315
f 8756/9060/5316 8757/9061/5317 8758/9062/5317 8759/9063/5318
f 8760/9064/5319 8756/9060/5316 8759/9063/5318 8761/9065/5319
f 8762/9066/5320 8763/9067/5321 8764/9068/5322 8765/9069/5322
f 8762/9066/5320 8766/9070/5323 8763/9067/5321
f 8766/9070/5323 8767/9071/5324 8763/9067/5321
f 8729/9033/5289 8728/9032/5288 8768/9072/5325 8769/9073/5326
f 8654/8958/5231 8770/9074/5327 8771/9075/5328 8655/8959/5232
f 8772/9076/5329 8773/9077/5330 7988/8260/4835 8774/9078/5331
f 8775/9079/5332 8776/9080/5333 7989/8261/4836
f 8777/9081/5334 7986/8258/4833 8778/9082/5335
f 8779/9083/5336 7983/8255/4830 7982/8254/4829 8780/9084/5337
f 7987/8259/4834 7986/8258/4833 8777/9081/5334 8781/9085/5338
f 8776/9080/5333 7981/8253/4828 7984/8256/4831 7989/8261/4836
f 7988/8260/4835 7987/8259/4834 8781/9085/5338 8774/9078/5331
f 8770/9074/5327 8769/9073/5326 8768/9072/5325 8771/9075/5328
f 7989/8261/4836 7988/8260/4835 8773/9077/5330 8775/9079/5332
f 8779/9083/5336 8778/9082/5335 7986/8258/4833 7983/8255/4830
f 8782/9086/5339 8783/9087/5340 8784/9088/5340 8785/9089/5341
f 8785/9089/5341 8786/9090/5342 8787/9091/5342 8782/9086/5339
f 8788/9092/5343 8789/9093/5344 4501/4657/2908 4500/4656/2908
f 8790/9094/5345 8791/9095/5345 8792/9096/5346 8793/9097/5347
f 8794/9098/5348 8795/9099/5349 4509/4665/2914 4508/4664/2914
f 8796/9100/5350 8797/9101/5351 8798/9102/5352 8799/9103/5352
f 8800/9104/5353 8801/9105/5354 4517/4673/2920 4516/4672/2920
f 8802/9106/5355 8803/9107/5355 8643/8947/5221 8642/8946/5220
f 4521/4677/2923 3584/3708/2207 7952/8224/4799 8732/9036/5292
f 8744/9048/5304 7971/8243/4818 7973/8245/4820 8745/9049/5305
f 8793/9097/5347 8792/9096/5346 8789/9093/5344 8788/9092/5343
f 8804/9108/5356 8805/9109/5356 8795/9099/5349 8794/9098/5348
f 4524/4680/2925 4525/4681/2925 8797/9101/5351 8796/9100/5350
f 8806/9110/5357 8807/9111/5357 8801/9105/5354 8800/9104/5353
f 8808/9112/5358 8809/9113/5359 7668/7937/4606 7667/7936/4605
f 8810/9114/5360 8087/8359/4907 8090/8362/4910 8811/9115/5361
f 8688/8992/5258 8687/8991/5257 8810/9114/5360 8811/9115/5361
f 8084/8356/4904 8083/8355/4903 8665/8969/5239 8664/8968/5238
f 8812/9116/5362 8082/8354/4902 8085/8357/4905 8813/9117/5363
f 8814/9118/5364 8815/9119/5365 8686/8990/5256 8689/8993/5259
f 8814/9118/5364 8812/9116/5362 8813/9117/5363 8815/9119/5365
f 8088/8360/4908 8809/9113/5359 8808/9112/5358 8089/8361/4909
f 8816/9120/5366 8817/9121/5367 8719/9023/5279 8718/9022/5278
f 8818/9122/5368 8819/9123/5369 8820/9124/5370 8821/9125/5371
f 8713/9017/5273 8712/9016/5272 8822/9126/5372 8823/9127/5373
f 8824/9128/5374 8825/9129/5375 8707/9011/5267 8706/9010/5266
f 8826/9130/5376 8827/9131/5377 8828/9132/5378 8829/9133/5379
f 8711/9015/5271 8710/9014/5270 8830/9134/5380 8831/9135/5381
f 8832/9136/5382 8833/9137/5383 8717/9021/5277 8716/9020/5276
f 8834/9138/5384 8835/9139/5385 8836/9140/5385 8837/9141/5386
f 8709/9013/5269 8708/9012/5268 8838/9142/5387 8839/9143/5388
f 8721/9025/5281 8720/9024/5280 8840/9144/5389 8841/9145/5390
f 8842/9146/5391 8843/9147/5392 8844/9148/5393 8845/9149/5394
f 8715/9019/5275 8714/9018/5274 8846/9150/5395 8847/9151/5396
f 8819/9123/5369 8817/9121/5367 8816/9120/5366 8820/9124/5370
f 8822/9152/5372 8818/9122/5368 8821/9125/5371 8823/9127/5373
f 8827/9131/5377 8825/9129/5375 8824/9128/5374 8828/9153/5378
f 8830/9134/5380 8826/9130/5376 8829/9133/5379 8831/9135/5381
f 8837/9141/5386 8833/9137/5383 8832/9136/5382 8834/9138/5384
f 8838/9142/5387 8848/9154/5397 8849/9155/5397 8839/9143/5388
f 8845/9149/5394 8841/9145/5390 8840/9144/5389 8842/9156/5391
f 8846/9150/5395 8844/9148/5393 8843/9147/5392 8847/9151/5396
f 8850/9157/1074 8225/8505/5042 8226/8506/5043 8851/9158/1074
f 8852/9159/1074 8224/8504/5041 8225/8505/5042 8850/9157/1074
f 8853/9160/5398 8228/8508/5045 8224/8504/5041 8852/9159/1074
f 8851/9158/1074 8226/8506/5043 8227/8507/5044 8854/9161/1074
f 8854/9161/1074 8227/8507/5044 8229/8509/5046 8855/9162/1074
f 8856/9163/5398 8230/8510/5047 8228/8508/5045 8853/9160/5398
f 8857/9164/5398 8231/8511/5048 8230/8510/5047 8856/9163/5398
f 8858/9165/1074 8232/8512/5049 8231/8511/5048 8857/9164/5398
f 8197/8477/1074 8196/8476/5015 8232/8512/5049 8858/9165/1074
f 8859/9166/1074 8233/8513/5050 8203/8483/5020 8202/8482/1074
f 8860/9167/1074 8234/8514/5051 8233/8513/5050 8859/9166/1074
f 8861/9168/1074 8235/8515/5052 8234/8514/5051 8860/9167/1074
f 8862/9169/1074 8236/8516/5053 8235/8515/5052 8861/9168/1074
f 8855/9162/1074 8229/8509/5046 8236/8516/5053 8862/9169/1074
